[2025-11-10T19:23:43.991Z] [RECEIVED] 584268289324@s.whatsapp.net: #ping
[2025-11-10T19:23:51.197Z] [RECEIVED] 584268289324@s.whatsapp.net: #ping
[2025-11-10T19:23:53.651Z] [RECEIVED] 584268289324@s.whatsapp.net: #stats
[2025-11-10T19:31:35.963Z] [RECEIVED] status@broadcast: 🤏
[2025-11-10T19:31:49.940Z] [RECEIVED] 584268289324@s.whatsapp.net: #ping
[2025-11-10T19:31:54.180Z] [RECEIVED] 584268289324@s.whatsapp.net: #stats
[2025-11-10T19:32:00.422Z] [RECEIVED] 584268289324@s.whatsapp.net: #ping
[2025-11-10T19:52:42.519Z] [RECEIVED] 584268289324@s.whatsapp.net: #ping
[2025-11-10T19:52:47.784Z] [RECEIVED] 584268289324@s.whatsapp.net: #stats
[2025-11-10T19:55:05.107Z] [RECEIVED] 584268289324@s.whatsapp.net: #help
[2025-11-10T19:55:28.609Z] [RECEIVED] 584268289324@s.whatsapp.net: help
[2025-11-10T19:55:38.212Z] [RECEIVED] 584268289324@s.whatsapp.net: #s
[2025-11-10T20:14:58.735Z] [RECEIVED] 584268289324@s.whatsapp.net: #ping
[2025-11-10T20:15:01.279Z] [RECEIVED] 584268289324@s.whatsapp.net: #rotate
[2025-11-10T20:21:28.787Z] [RECEIVED] 584268289324@s.whatsapp.net: #ping
[2025-11-10T20:33:10.273Z] [RECEIVED] 120363160616746507@g.us: #tt
[2025-11-10T20:33:14.851Z] [RECEIVED] 120363160616746507@g.us: ta apagao
[2025-11-10T20:33:15.325Z] [RECEIVED] 120363160616746507@g.us: ta apagao
[2025-11-10T20:33:21.384Z] [RECEIVED] 120363160616746507@g.us: toy añadiendo cosas nuevas
[2025-11-10T20:33:21.851Z] [RECEIVED] 120363160616746507@g.us: toy añadiendo cosas nuevas
[2025-11-10T20:33:24.404Z] [RECEIVED] 120363160616746507@g.us: #s
[2025-11-10T20:33:24.965Z] [RECEIVED] 120363160616746507@g.us: #ping
[2025-11-10T20:33:25.211Z] [RECEIVED] 120363160616746507@g.us: 
[2025-11-10T20:33:25.795Z] [RECEIVED] 120363160616746507@g.us: 
[2025-11-10T20:33:30.647Z] [RECEIVED] 120363160616746507@g.us: 
[2025-11-10T20:33:31.263Z] [RECEIVED] 120363160616746507@g.us: 
[2025-11-10T20:33:43.099Z] [RECEIVED] 120363160616746507@g.us: #s
[2025-11-10T20:33:55.209Z] [RECEIVED] 120363160616746507@g.us: 
[2025-11-10T20:33:58.210Z] [RECEIVED] 120363160616746507@g.us: #s
[2025-11-10T20:34:10.036Z] [RECEIVED] 120363160616746507@g.us: se va a hacer la paja con el pelo de la tipa o q
[2025-11-10T20:34:19.687Z] [RECEIVED] 120363160616746507@g.us: esa ta fea
[2025-11-10T20:34:35.884Z] [RECEIVED] 120363160616746507@g.us: y la de la voz del video
[2025-11-10T20:34:36.816Z] [RECEIVED] 120363160616746507@g.us: la primera
[2025-11-10T20:34:39.245Z] [RECEIVED] 120363160616746507@g.us: si ya buena o q
[2025-11-10T20:34:40.876Z] [RECEIVED] 120363160616746507@g.us: ta
[2025-11-10T20:34:43.183Z] [RECEIVED] 120363160616746507@g.us: mid
[2025-11-10T20:34:53.120Z] [RECEIVED] 120363160616746507@g.us: este bicho todo es mid pues
[2025-11-10T20:34:56.453Z] [RECEIVED] 120363160616746507@g.us: tiene carita tierna
[2025-11-10T20:34:57.019Z] [RECEIVED] 120363160616746507@g.us: 
[2025-11-10T20:35:15.337Z] [RECEIVED] 120363160616746507@g.us: 
[2025-11-10T20:35:16.580Z] [RECEIVED] 120363160616746507@g.us: bueno mmgv ese es ud q coge burro
[2025-11-10T20:35:28.436Z] [RECEIVED] 120363160616746507@g.us: ufff
[2025-11-10T20:35:29.834Z] [RECEIVED] 120363160616746507@g.us: burro y culebra muerta
[2025-11-10T20:35:29.908Z] [RECEIVED] 120363160616746507@g.us: sabroso
[2025-11-10T20:35:34.709Z] [RECEIVED] 120363160616746507@g.us: y yegua
[2025-11-10T20:35:48.911Z] [RECEIVED] 120363160616746507@g.us: 
[2025-11-10T20:35:48.930Z] [RECEIVED] 120363160616746507@g.us: #stats
[2025-11-10T20:36:23.930Z] [RECEIVED] 120363160616746507@g.us: #rotate
[2025-11-10T20:36:32.035Z] [RECEIVED] 120363160616746507@g.us: ah vaina
[2025-11-10T20:36:39.375Z] [RECEIVED] 120363160616746507@g.us: 
[2025-11-10T20:36:41.610Z] [RECEIVED] 120363160616746507@g.us: era oa ver q ha ia
[2025-11-10T20:36:48.378Z] [RECEIVED] 120363160616746507@g.us: 
[2025-11-10T20:36:59.145Z] [RECEIVED] 120363160616746507@g.us: le metemos a pablo mañana o q
[2025-11-10T20:37:01.531Z] [RECEIVED] 120363160616746507@g.us: espérame
[2025-11-10T20:37:06.545Z] [RECEIVED] 120363160616746507@g.us: yo nunca lo he escuchado
[2025-11-10T20:37:10.495Z] [RECEIVED] 120363160616746507@g.us: 
[2025-11-10T20:37:11.167Z] [RECEIVED] 120363160616746507@g.us: 
[2025-11-10T20:37:19.763Z] [RECEIVED] 120363160616746507@g.us: de una o q
[2025-11-10T20:37:22.144Z] [RECEIVED] 120363160616746507@g.us: si puede?
[2025-11-10T20:37:51.955Z] [RECEIVED] 120363160616746507@g.us: cuanto dura
[2025-11-10T20:37:55.594Z] [RECEIVED] 120363160616746507@g.us: 40
[2025-11-10T20:37:59.657Z] [RECEIVED] 120363160616746507@g.us: dale pues
[2025-11-10T20:38:00.183Z] [RECEIVED] 120363160616746507@g.us: ya
[2025-11-10T20:38:05.231Z] [RECEIVED] 120363160616746507@g.us: aja
[2025-11-10T20:38:09.477Z] [RECEIVED] 120363160616746507@g.us: voy a descargarlo
[2025-11-10T20:38:31.857Z] [RECEIVED] 120363160616746507@g.us: me abisa
[2025-11-10T20:38:34.049Z] [RECEIVED] 120363160616746507@g.us: avisa
[2025-11-10T20:40:42.098Z] [RECEIVED] 120363160616746507@g.us: aja
[2025-11-10T20:40:43.154Z] [RECEIVED] 120363160616746507@g.us: haboa
[2025-11-10T20:40:55.446Z] [RECEIVED] 120363160616746507@g.us: avisa
[2025-11-10T20:40:57.907Z] [RECEIVED] 120363160616746507@g.us: aja
[2025-11-10T20:40:59.518Z] [RECEIVED] 120363160616746507@g.us: voy
[2025-11-10T20:41:02.596Z] [RECEIVED] 120363160616746507@g.us: you
[2025-11-10T20:41:11.338Z] [RECEIVED] 120363160616746507@g.us: buen tema
[2025-11-10T20:41:15.171Z] [RECEIVED] 120363160616746507@g.us: 
[2025-11-10T20:41:34.142Z] [RECEIVED] 584268289324@s.whatsapp.net: #ytvideo https://youtu.be/dyz9GgW-a2o?si=U4r2-VnlqAXwwBk3
[2025-11-10T20:41:34.143Z] [RECEIVED] 584268289324@s.whatsapp.net: #yt https://youtu.be/dyz9GgW-a2o?si=U4r2-VnlqAXwwBk3
[2025-11-10T20:41:34.344Z] [RECEIVED] 584268289324@s.whatsapp.net: #ytvideo https://youtu.be/dyz9GgW-a2o?si=U4r2-VnlqAXwwBk3
[2025-11-10T20:41:34.344Z] [RECEIVED] 584268289324@s.whatsapp.net: #yt https://youtu.be/dyz9GgW-a2o?si=U4r2-VnlqAXwwBk3
[2025-11-10T20:41:57.087Z] [RECEIVED] 120363160616746507@g.us: 
[2025-11-10T20:42:02.675Z] [RECEIVED] 584268289324@s.whatsapp.net: #ytaud https://youtu.be/dyz9GgW-a2o?si=U4r2-VnlqAXwwBk3
[2025-11-10T20:42:02.675Z] [RECEIVED] 584268289324@s.whatsapp.net: #ytaudio https://youtu.be/dyz9GgW-a2o?si=U4r2-VnlqAXwwBk3
[2025-11-10T20:42:35.848Z] [RECEIVED] 120363160616746507@g.us: la voz de yorke ta rara
[2025-11-10T20:42:42.645Z] [RECEIVED] 120363160616746507@g.us: mas joven
[2025-11-10T20:42:51.287Z] [RECEIVED] 120363160616746507@g.us: no le habían salido pelitos
[2025-11-10T20:42:51.747Z] [RECEIVED] 120363160616746507@g.us: al bicho no le gustaba su voz
[2025-11-10T20:42:59.516Z] [RECEIVED] 120363160616746507@g.us: trataba de sonar grave
[2025-11-10T20:43:15.986Z] [RECEIVED] 120363160616746507@g.us: creep por ejemplo
[2025-11-10T20:43:17.966Z] [RECEIVED] 120363160616746507@g.us: on a friday 💆🏿‍♂️
[2025-11-10T20:43:31.580Z] [RECEIVED] 120363160616746507@g.us: ya tenian q si 27 años los bichos
[2025-11-10T20:43:51.250Z] [RECEIVED] 120363160616746507@g.us: buen tema
[2025-11-10T20:43:58.163Z] [RECEIVED] 120363160616746507@g.us: pero no lo escucharía más nunca pues
[2025-11-10T20:44:06.932Z] [RECEIVED] 120363160616746507@g.us: 24*
[2025-11-10T20:44:13.551Z] [RECEIVED] 120363160616746507@g.us: claro
[2025-11-10T20:44:31.691Z] [RECEIVED] 120363160616746507@g.us: creep
[2025-11-10T20:44:36.576Z] [RECEIVED] 120363160616746507@g.us: 
[2025-11-10T20:44:40.442Z] [RECEIVED] 120363160616746507@g.us: alaputa
[2025-11-10T20:44:40.875Z] [RECEIVED] 120363160616746507@g.us: 
[2025-11-10T20:44:48.083Z] [RECEIVED] 120363160616746507@g.us: mi tiempo q no escuchaba esta mierda
[2025-11-10T20:44:51.655Z] [RECEIVED] 120363160616746507@g.us: 
[2025-11-10T20:44:53.979Z] [RECEIVED] 120363160616746507@g.us: 
[2025-11-10T20:44:58.044Z] [RECEIVED] 120363160616746507@g.us: tema pa malo
[2025-11-10T20:45:10.700Z] [RECEIVED] 120363160616746507@g.us: suena ochentero en plenos noventas
[2025-11-10T20:45:17.327Z] [RECEIVED] 120363160616746507@g.us: suena a the smiths
[2025-11-10T20:45:24.073Z] [RECEIVED] 120363160616746507@g.us: i wish i was special
[2025-11-10T20:45:31.143Z] [RECEIVED] 120363160616746507@g.us: youre so fuckin special
[2025-11-10T20:45:37.328Z] [RECEIVED] 120363160616746507@g.us: BORAMACRIP
[2025-11-10T20:45:41.554Z] [RECEIVED] 120363160616746507@g.us: 
[2025-11-10T20:45:43.558Z] [RECEIVED] 120363160616746507@g.us: 
[2025-11-10T20:46:58.350Z] [RECEIVED] 120363160616746507@g.us: sheeeeeeeeeeeeee's
[2025-11-10T20:47:12.699Z] [RECEIVED] 120363160616746507@g.us: 
[2025-11-10T20:48:25.304Z] [RECEIVED] 120363160616746507@g.us: la peor
[2025-11-10T20:48:48.807Z] [RECEIVED] 120363160616746507@g.us: sapegato el sonido
[2025-11-10T20:48:56.416Z] [RECEIVED] 120363160616746507@g.us: las propias chivas locas
[2025-11-10T20:49:19.406Z] [RECEIVED] 120363160616746507@g.us: 
[2025-11-10T20:49:27.103Z] [RECEIVED] 120363160616746507@g.us: sapegato
[2025-11-10T20:50:08.138Z] [RECEIVED] 120363160616746507@g.us: Escúpele la boca y jálele el pelo
[2025-11-10T20:50:15.437Z] [RECEIVED] 120363160616746507@g.us: Entiérrele el bicho
[2025-11-10T20:50:19.666Z] [RECEIVED] 120363160616746507@g.us: Y mándela pal cielo
[2025-11-10T20:50:25.557Z] [RECEIVED] 120363160616746507@g.us: 
[2025-11-10T20:50:32.199Z] [RECEIVED] 120363160616746507@g.us: es q no soy artista
[2025-11-10T20:50:40.589Z] [RECEIVED] 120363160616746507@g.us: tampoco stylish
[2025-11-10T20:50:47.409Z] [RECEIVED] 120363160616746507@g.us: stop whispering
[2025-11-10T20:50:49.210Z] [RECEIVED] 120363160616746507@g.us: .
[2025-11-10T20:51:46.571Z] [RECEIVED] 120363160616746507@g.us: está mal masterizada esta mierda
[2025-11-10T20:51:50.624Z] [RECEIVED] 120363160616746507@g.us: el volumen bajitico
[2025-11-10T20:53:18.412Z] [RECEIVED] 120363160616746507@g.us: a quien le gustará este tipo de musica
[2025-11-10T20:53:29.532Z] [RECEIVED] 120363160616746507@g.us: tipo escuchar una vaina asi a diario ps
[2025-11-10T20:54:59.053Z] [RECEIVED] 120363160616746507@g.us: pregunte
[2025-11-10T20:55:01.742Z] [RECEIVED] 120363160616746507@g.us: en reddit
[2025-11-10T20:55:04.187Z] [RECEIVED] 120363160616746507@g.us: voy a preguntar
[2025-11-10T20:55:32.615Z] [RECEIVED] 120363160616746507@g.us: 
[2025-11-10T20:56:14.743Z] [RECEIVED] 120363160616746507@g.us: 
[2025-11-10T20:56:32.992Z] [RECEIVED] 120363160616746507@g.us: >>> los simpsons
[2025-11-10T20:58:44.093Z] [RECEIVED] 120363160616746507@g.us: anyone buen tema
[2025-11-10T20:59:01.448Z] [RECEIVED] 120363160616746507@g.us: 
[2025-11-10T21:00:55.522Z] [RECEIVED] 120363160616746507@g.us: 
[2025-11-10T21:02:18.744Z] [RECEIVED] 120363160616746507@g.us: ripcord
[2025-11-10T21:02:47.492Z] [RECEIVED] 120363160616746507@g.us: 
[2025-11-10T21:05:27.583Z] [RECEIVED] 120363160616746507@g.us: vegetable
[2025-11-10T21:05:49.283Z] [RECEIVED] 120363160616746507@g.us: buena guitarrita
[2025-11-10T21:06:02.490Z] [RECEIVED] 120363160616746507@g.us: 
[2025-11-10T21:09:07.550Z] [RECEIVED] 120363160616746507@g.us: las ultimas 4 son buenas
[2025-11-10T21:10:43.830Z] [RECEIVED] 120363160616746507@g.us: buen tena
[2025-11-10T21:10:44.880Z] [RECEIVED] 120363160616746507@g.us: tmea
[2025-11-10T21:10:45.893Z] [RECEIVED] 120363160616746507@g.us: tema
[2025-11-10T21:10:52.537Z] [RECEIVED] 584268289324@s.whatsapp.net: #ping
[2025-11-10T21:10:56.403Z] [RECEIVED] 584268289324@s.whatsapp.net: #ytaud https://youtu.be/dyz9GgW-a2o?si=U4r2-VnlqAXwwBk3
[2025-11-10T21:10:56.403Z] [RECEIVED] 584268289324@s.whatsapp.net: #ytaudio https://youtu.be/dyz9GgW-a2o?si=U4r2-VnlqAXwwBk3
[2025-11-10T21:11:04.862Z] [RECEIVED] 120363160616746507@g.us: i cant
[2025-11-10T21:14:57.515Z] [RECEIVED] 120363160616746507@g.us: 
[2025-11-10T21:15:13.265Z] [RECEIVED] 120363160616746507@g.us: alaputa
[2025-11-10T21:15:18.384Z] [RECEIVED] 120363160616746507@g.us: lurgee
[2025-11-10T21:15:19.913Z] [RECEIVED] 120363160616746507@g.us: lo puse en reddit y ya me tan tirando
[2025-11-10T21:15:22.175Z] [RECEIVED] 120363160616746507@g.us: temazo
[2025-11-10T21:15:25.162Z] [RECEIVED] 120363160616746507@g.us: 
[2025-11-10T21:15:52.706Z] [RECEIVED] 120363160616746507@g.us: mamde lini
[2025-11-10T21:15:56.261Z] [RECEIVED] 120363160616746507@g.us: link
[2025-11-10T21:16:08.303Z] [RECEIVED] 120363160616746507@g.us: https://www.reddit.com/r/radiohead/s/rQvEpwFq8a
[2025-11-10T21:16:53.212Z] [RECEIVED] 120363160616746507@g.us: arrecho
[2025-11-10T21:16:58.483Z] [RECEIVED] 120363160616746507@g.us: reddit la mejor red social
[2025-11-10T21:17:01.795Z] [RECEIVED] 120363160616746507@g.us: relajao
[2025-11-10T21:17:13.360Z] [RECEIVED] 120363160616746507@g.us: de pana
[2025-11-10T21:17:31.400Z] [RECEIVED] 120363160616746507@g.us: tiene de todo pero bien estructurado
[2025-11-10T21:18:03.970Z] [RECEIVED] 120363160616746507@g.us: el vynil suena mejor pone uno ahi
[2025-11-10T21:18:25.545Z] [RECEIVED] 120363160616746507@g.us: la mejor
[2025-11-10T21:18:29.112Z] [RECEIVED] 120363160616746507@g.us: blow out
[2025-11-10T21:18:45.487Z] [RECEIVED] 120363160616746507@g.us: sisa
[2025-11-10T21:18:48.338Z] [RECEIVED] 120363160616746507@g.us: la ultima siempre es arrecha 🫂
[2025-11-10T21:19:46.562Z] [RECEIVED] 120363160616746507@g.us: 
[2025-11-10T21:19:51.677Z] [RECEIVED] 120363160616746507@g.us: 
[2025-11-10T21:20:16.906Z] [RECEIVED] 120363160616746507@g.us: mrd esa madre se traduce automaticamente
[2025-11-10T21:20:25.060Z] [RECEIVED] 120363160616746507@g.us: claro
[2025-11-10T21:20:26.348Z] [RECEIVED] 120363160616746507@g.us: yo pense que ud habia escrito esa mrd en ingles
[2025-11-10T21:20:29.143Z] [RECEIVED] 120363160616746507@g.us: jjajaja
[2025-11-10T21:20:38.849Z] [RECEIVED] 120363160616746507@g.us: yo lo puse en inglés
[2025-11-10T21:20:58.024Z] [RECEIVED] 120363160616746507@g.us: 
[2025-11-10T21:21:34.712Z] [RECEIVED] 120363160616746507@g.us: 
[2025-11-10T21:22:15.704Z] [RECEIVED] 120363160616746507@g.us: 
[2025-11-10T21:22:30.780Z] [RECEIVED] 120363160616746507@g.us: pablo honey, radiohead

you 3.5
creep 3
how you do? 2
stop whispering 2
thinking about you 3
anyone ...
[2025-11-10T21:22:41.188Z] [RECEIVED] 120363160616746507@g.us: le tengo 3
[2025-11-10T21:23:25.065Z] [RECEIVED] 120363160616746507@g.us: q cantidad de ending tracks tan buenos 🦸‍♂️
[2025-11-10T21:24:01.534Z] [RECEIVED] 120363160616746507@g.us: 
[2025-11-10T21:24:05.472Z] [RECEIVED] 120363160616746507@g.us: de pana
[2025-11-10T21:24:08.636Z] [RECEIVED] 120363160616746507@g.us: nawebona
[2025-11-10T21:24:09.793Z] [RECEIVED] 120363160616746507@g.us: no fallan
[2025-11-10T21:24:14.987Z] [RECEIVED] 120363160616746507@g.us: 1. tourist
2. motion
3. life
4. videotape
5. true love
[2025-11-10T21:24:22.632Z] [RECEIVED] 120363160616746507@g.us: 
[2025-11-10T21:46:30.359Z] [RECEIVED] status@broadcast: Tremendo entreno el de hoy 
[2025-11-10T21:46:32.495Z] [RECEIVED] status@broadcast: Tremendo entreno el de hoy 
[2025-11-11T20:52:47.763Z] [RECEIVED] 120363160616746507@g.us: #tt
[2025-11-11T20:52:52.468Z] [RECEIVED] 120363387470929207@g.us: Una locura
[2025-11-11T20:52:57.681Z] [RECEIVED] status@broadcast: 
[2025-11-11T20:53:02.713Z] [RECEIVED] 120363387470929207@g.us: Una locura
[2025-11-11T20:53:02.735Z] [RECEIVED] status@broadcast: 
[2025-11-11T20:53:02.861Z] [RECEIVED] status@broadcast: 
[2025-11-11T20:53:03.239Z] [RECEIVED] status@broadcast: 
[2025-11-11T20:53:33.907Z] [RECEIVED] 584268289324@s.whatsapp.net: #ping
[2025-11-11T20:54:01.701Z] [RECEIVED] 120363160616746507@g.us: #ping
[2025-11-11T20:55:35.265Z] [RECEIVED] 120363160616746507@g.us: aja
[2025-11-11T20:55:41.088Z] [RECEIVED] 120363160616746507@g.us: ya va toy cagando
[2025-11-11T20:55:58.545Z] [RECEIVED] 120363160616746507@g.us: me avisa
[2025-11-11T20:57:29.836Z] [RECEIVED] 120363160616746507@g.us: aja
[2025-11-11T20:57:32.838Z] [RECEIVED] 120363160616746507@g.us: toy ready
[2025-11-11T20:57:57.513Z] [RECEIVED] 120363160616746507@g.us: avisa
[2025-11-11T20:58:00.696Z] [RECEIVED] 120363160616746507@g.us: aja
[2025-11-11T20:58:01.795Z] [RECEIVED] 120363160616746507@g.us: voy
[2025-11-11T20:58:04.736Z] [RECEIVED] 120363160616746507@g.us: pavkt
[2025-11-11T20:58:20.936Z] [RECEIVED] 120363160616746507@g.us: 
[2025-11-11T20:58:39.058Z] [RECEIVED] 120363160616746507@g.us: yo creo q el único disco 0 skips de estos bichos es kid a
[2025-11-11T20:59:03.664Z] [RECEIVED] 120363160616746507@g.us: este es un temazo mmgv
[2025-11-11T20:59:25.359Z] [RECEIVED] 120363160616746507@g.us: pulk lo que pasa es que es ya mucha rareza ps
[2025-11-11T20:59:39.495Z] [RECEIVED] 120363160616746507@g.us: y ta bien que sea otro genero ps pero no pega en el disco
[2025-11-11T21:00:07.911Z] [RECEIVED] 120363160616746507@g.us: ok pc 0 skips
[2025-11-11T21:01:00.445Z] [RECEIVED] 120363160616746507@g.us: de los otros tienen a electioneering, packt, feral, the gloaming, desert island
[2025-11-11T21:01:13.456Z] [RECEIVED] 120363160616746507@g.us: electioneering temqzo
[2025-11-11T21:01:26.070Z] [RECEIVED] 120363160616746507@g.us: mmgv este tema es bueno 👨‍🚀
[2025-11-11T21:01:35.906Z] [RECEIVED] 120363160616746507@g.us: dura mucho
[2025-11-11T21:01:41.695Z] [RECEIVED] 120363160616746507@g.us: es perfecto mmgv
[2025-11-11T21:01:43.367Z] [RECEIVED] 120363160616746507@g.us: 4mins
[2025-11-11T21:01:51.147Z] [RECEIVED] 120363160616746507@g.us: la letra es buena pa una intro
[2025-11-11T21:02:03.387Z] [RECEIVED] 120363160616746507@g.us: la letra es demasiado buena mas bien
[2025-11-11T21:02:09.436Z] [RECEIVED] 120363160616746507@g.us: pyramid
[2025-11-11T21:03:26.825Z] [RECEIVED] 584268289324@s.whatsapp.net: #ytaud https://youtu.be/dyz9GgW-a2o?si=U4r2-VnlqAXwwBk3
[2025-11-11T21:03:26.825Z] [RECEIVED] 584268289324@s.whatsapp.net: #ytaudio https://youtu.be/dyz9GgW-a2o?si=U4r2-VnlqAXwwBk3
[2025-11-11T21:28:27.822Z] [RECEIVED] 120363160616746507@g.us: intros:
1. airbag
2. everything
3. packt
4. bloom
5. 15 step
6. burn the witch
7. 2+2=5
8. planet
[2025-11-11T21:29:03.268Z] [RECEIVED] 120363160616746507@g.us: haga el top
[2025-11-11T21:29:21.512Z] [RECEIVED] 120363160616746507@g.us: es un contrabajo
[2025-11-11T21:29:27.371Z] [RECEIVED] 120363160616746507@g.us: suena duro el golpeo ps
[2025-11-11T21:29:36.115Z] [RECEIVED] 120363160616746507@g.us: jazzy 🦸‍♂️
[2025-11-11T21:29:44.476Z] [RECEIVED] 120363160616746507@g.us: 1- how to
2- weird
3- fake
4- exit
5- you and
6- backdrifts
7- feral
8- desert island
[2025-11-11T21:30:24.796Z] [RECEIVED] 584268289324@s.whatsapp.net: #ping
[2025-11-11T21:30:30.661Z] [RECEIVED] 584268289324@s.whatsapp.net: #ping
[2025-11-11T21:30:34.100Z] [RECEIVED] 584268289324@s.whatsapp.net: #ping
[2025-11-11T21:30:38.893Z] [RECEIVED] 120363160616746507@g.us: desert island tmb tiene tremenda produccion maldita sea con a moon shaped pool
[2025-11-11T21:30:42.200Z] [RECEIVED] 584268289324@s.whatsapp.net: #ytaud https://youtu.be/dyz9GgW-a2o?si=U4r2-VnlqAXwwBk3
[2025-11-11T21:30:42.200Z] [RECEIVED] 584268289324@s.whatsapp.net: #ytaudio https://youtu.be/dyz9GgW-a2o?si=U4r2-VnlqAXwwBk3
[2025-11-11T21:31:01.762Z] [RECEIVED] 120363160616746507@g.us: pero ese tema se escucha nada mas en el album con los audiofonos puestos ps
[2025-11-11T21:31:13.510Z] [RECEIVED] 120363160616746507@g.us: de resto no tiene mas nada pa eacycharlo solo ps
[2025-11-11T21:31:21.538Z] [RECEIVED] 120363160616746507@g.us: hunting
[2025-11-11T21:31:24.478Z] [RECEIVED] 120363160616746507@g.us: tremenda
[2025-11-11T21:31:40.206Z] [RECEIVED] 120363160616746507@g.us: pero aburre igual
[2025-11-11T21:31:51.583Z] [RECEIVED] 120363160616746507@g.us: q arrecha esta mrd
[2025-11-11T21:32:01.748Z] [RECEIVED] 120363160616746507@g.us: deberian hacer mrds asi si sacan un disco
[2025-11-11T21:33:21.489Z] [RECEIVED] 120363160616746507@g.us: yo cuando alonso me gana
[2025-11-11T21:33:22.395Z] [RECEIVED] 120363160616746507@g.us: 
[2025-11-11T21:33:27.785Z] [RECEIVED] 120363160616746507@g.us: like spinning
[2025-11-11T21:33:42.848Z] [RECEIVED] 120363160616746507@g.us: 
[2025-11-11T21:33:51.757Z] [RECEIVED] 120363160616746507@g.us: le gane 5 de 6
[2025-11-11T21:33:56.659Z] [RECEIVED] 120363160616746507@g.us: y el otro dia t de 5
[2025-11-11T21:34:01.677Z] [RECEIVED] 120363160616746507@g.us: 
[2025-11-11T21:35:07.640Z] [RECEIVED] 120363160616746507@g.us: @39106298044576
[2025-11-11T21:35:08.460Z] [RECEIVED] 120363160616746507@g.us: en muerte súbita
[2025-11-11T21:35:14.092Z] [RECEIVED] 120363160616746507@g.us: 
[2025-11-11T21:35:19.174Z] [RECEIVED] 120363160616746507@g.us: en esa apretó el culo maldito
[2025-11-11T21:35:46.077Z] [RECEIVED] 584268289324@s.whatsapp.net: #ping
[2025-11-11T21:35:48.118Z] [RECEIVED] 120363160616746507@g.us: un lapiz pesa menos que una pala, hijo 👴🏼
[2025-11-11T21:35:54.162Z] [RECEIVED] 584268289324@s.whatsapp.net: #ytaud https://youtu.be/dyz9GgW-a2o?si=U4r2-VnlqAXwwBk3
[2025-11-11T21:35:54.163Z] [RECEIVED] 584268289324@s.whatsapp.net: #ytaudio https://youtu.be/dyz9GgW-a2o?si=U4r2-VnlqAXwwBk3
[2025-11-11T21:35:56.933Z] [RECEIVED] 120363160616746507@g.us: 
[2025-11-11T21:36:29.872Z] [RECEIVED] 120363160616746507@g.us: my body is floating down
[2025-11-11T21:36:37.020Z] [RECEIVED] 120363160616746507@g.us: the muddy riveeer
[2025-11-11T21:37:16.397Z] [RECEIVED] 120363160616746507@g.us: ultima
[2025-11-11T21:37:46.211Z] [RECEIVED] 120363160616746507@g.us: 
[2025-11-11T21:37:46.402Z] [RECEIVED] 120363160616746507@g.us: 
[2025-11-11T21:37:54.525Z] [RECEIVED] 120363160616746507@g.us: 
[2025-11-11T21:38:09.374Z] [RECEIVED] 120363160616746507@g.us: tiene q escuchar debut de björk
[2025-11-11T21:38:15.263Z] [RECEIVED] 120363160616746507@g.us: la última es así como esta
[2025-11-11T21:38:19.301Z] [RECEIVED] 120363160616746507@g.us: pa mi q se inspiraron pues
[2025-11-11T21:38:27.166Z] [RECEIVED] 120363160616746507@g.us: los vientos suenan prácticamente en la misma nota
[2025-11-11T21:38:40.920Z] [RECEIVED] 120363160616746507@g.us: si esto parece hasta noir jazz
[2025-11-11T21:38:47.266Z] [RECEIVED] 120363160616746507@g.us: estos bichos se inspiraban en vainas
[2025-11-11T21:38:49.375Z] [RECEIVED] 120363160616746507@g.us: viejas
[2025-11-11T21:39:06.358Z] [RECEIVED] 120363160616746507@g.us: yorke admira a björk pues
[2025-11-11T21:39:07.198Z] [RECEIVED] 120363160616746507@g.us: digo yo
[2025-11-11T21:39:10.731Z] [RECEIVED] 120363160616746507@g.us: si pyramid song parece musica clasica
[2025-11-11T21:39:12.156Z] [RECEIVED] 120363160616746507@g.us: 
[2025-11-11T21:39:22.724Z] [RECEIVED] 120363160616746507@g.us: 
[2025-11-11T21:39:40.021Z] [RECEIVED] 120363160616746507@g.us: claro pero los bichos le metian mucho al jazz y a la clasica em esa etapa
[2025-11-11T21:39:45.585Z] [RECEIVED] 120363160616746507@g.us: aparte de electronica ps
[2025-11-11T21:40:13.510Z] [RECEIVED] 120363160616746507@g.us: colin el bajista ese mmgv cuando haxe podcast es puro recomendando jazz el mmgv
[2025-11-11T21:40:31.457Z] [RECEIVED] 120363160616746507@g.us: q tema
[2025-11-11T21:40:36.266Z] [RECEIVED] 120363160616746507@g.us: 
[2025-11-11T21:40:36.840Z] [RECEIVED] 120363160616746507@g.us: 
[2025-11-11T21:40:58.834Z] [RECEIVED] 120363160616746507@g.us: el solo a la derecha
[2025-11-11T21:41:00.518Z] [RECEIVED] 120363160616746507@g.us: 
[2025-11-11T21:41:07.694Z] [RECEIVED] 120363160616746507@g.us: todo
[2025-11-11T21:41:11.931Z] [RECEIVED] 120363160616746507@g.us: el grave en la izq
[2025-11-11T21:41:44.233Z] [RECEIVED] status@broadcast: 
[2025-11-11T21:41:51.706Z] [RECEIVED] 120363160616746507@g.us: fin
[2025-11-11T21:42:00.259Z] [RECEIVED] 120363160616746507@g.us: 
[2025-11-11T21:42:11.514Z] [RECEIVED] 120363160616746507@g.us: 
[2025-11-11T21:42:22.869Z] [RECEIVED] 120363160616746507@g.us: ya nada más me queda amsp y tkol pa terminar toda la discografía este mes
[2025-11-11T21:42:35.265Z] [RECEIVED] 120363160616746507@g.us: a cual le metemos brodef
[2025-11-11T21:42:42.747Z] [RECEIVED] 120363160616746507@g.us: uno de menos de 40
[2025-11-11T21:42:47.597Z] [RECEIVED] 120363160616746507@g.us: buff le he metido mucho a esos bichos este año
[2025-11-11T21:42:53.169Z] [RECEIVED] 120363160616746507@g.us: q si revolver 🦸‍♂️
[2025-11-11T21:43:00.730Z] [RECEIVED] 120363160616746507@g.us: yo creo q son la banda/artista a los q más me he viciado
[2025-11-11T21:43:03.934Z] [RECEIVED] 120363160616746507@g.us: estos y q si feid
[2025-11-11T21:43:08.790Z] [RECEIVED] 120363160616746507@g.us: feid en 2023
[2025-11-11T21:43:27.228Z] [RECEIVED] 120363160616746507@g.us: no sé
[2025-11-11T21:44:28.148Z] [RECEIVED] 120363160616746507@g.us: either or
[2025-11-11T21:44:28.943Z] [RECEIVED] 120363160616746507@g.us: o q
[2025-11-11T21:45:40.973Z] [RECEIVED] 120363160616746507@g.us: na marico
[2025-11-11T21:45:44.625Z] [RECEIVED] 120363160616746507@g.us: de vrd tengo sueño
[2025-11-11T21:45:54.391Z] [RECEIVED] 120363160616746507@g.us: duerma pues becerro
[2025-11-11T21:45:55.335Z] [RECEIVED] 120363160616746507@g.us: tengo legañas en losojo
[2025-11-11T21:45:59.112Z] [RECEIVED] 120363160616746507@g.us: 
[2025-11-11T21:46:06.586Z] [RECEIVED] 120363160616746507@g.us: 
[2025-11-11T21:46:49.253Z] [RECEIVED] 120363160616746507@g.us: 
[2025-11-11T21:47:50.800Z] [RECEIVED] 584268289324@s.whatsapp.net: #ytaud radiohead treefingers
[2025-11-11T21:47:50.801Z] [RECEIVED] 584268289324@s.whatsapp.net: #ytaudio radiohead treefingers
[2025-11-11T21:55:33.801Z] [RECEIVED] 584268289324@s.whatsapp.net: #s
[2025-11-11T21:56:00.950Z] [RECEIVED] 584268289324@s.whatsapp.net: 
[2025-11-11T21:56:03.891Z] [RECEIVED] 584268289324@s.whatsapp.net: #s
[2025-11-11T21:57:02.461Z] [RECEIVED] status@broadcast: 
[2025-11-11T21:57:22.293Z] [RECEIVED] status@broadcast: 
[2025-11-11T22:00:02.100Z] [RECEIVED] status@broadcast: 
[2025-11-11T22:04:34.499Z] [RECEIVED] 584268289324@s.whatsapp.net: #ping
[2025-11-11T22:05:26.405Z] [RECEIVED] 584268289324@s.whatsapp.net: 
[2025-11-11T22:05:27.995Z] [RECEIVED] 584268289324@s.whatsapp.net: #s
[2025-11-11T22:07:53.304Z] [RECEIVED] 584268289324@s.whatsapp.net: #s
[2025-11-11T22:08:35.426Z] [RECEIVED] 584268289324@s.whatsapp.net: #s
[2025-11-11T22:13:46.462Z] [RECEIVED] 584268289324@s.whatsapp.net: #ping
[2025-11-11T22:13:50.702Z] [RECEIVED] 584268289324@s.whatsapp.net: #ping
[2025-11-11T22:15:04.994Z] [RECEIVED] 584268289324@s.whatsapp.net: 
[2025-11-11T22:15:07.643Z] [RECEIVED] 584268289324@s.whatsapp.net: #s
[2025-11-11T22:20:39.587Z] [RECEIVED] 584268289324@s.whatsapp.net: 
[2025-11-11T22:20:44.434Z] [RECEIVED] 584268289324@s.whatsapp.net: #s
[2025-11-11T22:31:49.779Z] [RECEIVED] 584268289324@s.whatsapp.net: #ping
[2025-11-11T22:33:43.780Z] [RECEIVED] 584268289324@s.whatsapp.net: 
[2025-11-11T22:33:47.366Z] [RECEIVED] 584268289324@s.whatsapp.net: #s
[2025-11-11T22:34:22.294Z] [RECEIVED] 120363160616746507@g.us: #s
[2025-11-11T23:07:01.553Z] [RECEIVED] 584268289324@s.whatsapp.net: #ping
[2025-11-11T23:07:10.716Z] [RECEIVED] 584268289324@s.whatsapp.net: #in portada del disco kid a de radiohead
[2025-11-11T23:07:10.716Z] [RECEIVED] 584268289324@s.whatsapp.net: #in portada del disco kid a de radiohead
[2025-11-11T23:07:35.684Z] [RECEIVED] 584268289324@s.whatsapp.net: #in qué es un ecualizador
[2025-11-11T23:07:35.685Z] [RECEIVED] 584268289324@s.whatsapp.net: #in qué es un ecualizador
[2025-11-11T23:13:11.841Z] [RECEIVED] 584268289324@s.whatsapp.net: #ping
[2025-11-11T23:13:39.949Z] [RECEIVED] 584268289324@s.whatsapp.net: #in portada de kid a de radiohead
[2025-11-11T23:13:39.949Z] [RECEIVED] 584268289324@s.whatsapp.net: #in portada de kid a de radiohead
[2025-11-11T23:14:15.336Z] [RECEIVED] 584268289324@s.whatsapp.net: #in banda radiohead
[2025-11-11T23:14:15.336Z] [RECEIVED] 584268289324@s.whatsapp.net: #in banda radiohead
[2025-11-11T23:32:23.527Z] [RECEIVED] status@broadcast: 
[2025-11-11T23:34:25.510Z] [RECEIVED] status@broadcast: 
[2025-11-11T23:36:36.083Z] [RECEIVED] status@broadcast: 
[2025-11-11T23:41:07.811Z] [RECEIVED] status@broadcast: 
[2025-11-11T23:42:44.251Z] [RECEIVED] status@broadcast: 
[2025-11-11T23:43:05.021Z] [RECEIVED] status@broadcast: 
[2025-11-11T23:46:01.012Z] [RECEIVED] status@broadcast: 
[2025-11-11T23:46:51.261Z] [RECEIVED] status@broadcast: 
[2025-11-11T23:55:12.966Z] [RECEIVED] status@broadcast: 
[2025-11-11T23:55:45.971Z] [RECEIVED] status@broadcast: 
[2025-11-11T23:56:28.777Z] [RECEIVED] 120363160616746507@g.us: Me veré muy mmgvo si pido 280bs en el grupo de la familia pal pasaje
[2025-11-11T23:56:31.675Z] [RECEIVED] 120363160616746507@g.us: 
[2025-11-11T23:56:37.646Z] [RECEIVED] 120363160616746507@g.us: Y pal vicio
[2025-11-11T23:56:40.951Z] [RECEIVED] 120363160616746507@g.us: Parley
[2025-11-11T23:57:07.901Z] [RECEIVED] status@broadcast: 
[2025-11-11T23:57:09.265Z] [RECEIVED] status@broadcast: 
[2025-11-11T23:57:19.155Z] [RECEIVED] 120363160616746507@g.us: 
[2025-11-11T23:58:05.431Z] [RECEIVED] 120363160616746507@g.us: sale tío cristian kike "basura, vete a pedir a otro lado parásito"
[2025-11-11T23:58:17.635Z] [RECEIVED] 120363160616746507@g.us: 
[2025-11-11T23:58:47.412Z] [RECEIVED] status@broadcast: 
[2025-11-12T00:00:57.551Z] [RECEIVED] 120363160616746507@g.us: 
[2025-11-12T00:02:03.234Z] [RECEIVED] 120363160616746507@g.us: AJAJAJAJJA
[2025-11-12T00:04:37.773Z] [RECEIVED] status@broadcast: 
[2025-11-12T00:05:19.075Z] [RECEIVED] 584268289324@s.whatsapp.net: #ping
[2025-11-12T00:07:19.179Z] [RECEIVED] status@broadcast: 
[2025-11-12T00:07:50.495Z] [RECEIVED] status@broadcast: 
[2025-11-12T00:09:39.734Z] [RECEIVED] status@broadcast: 
[2025-11-12T00:11:09.864Z] [RECEIVED] status@broadcast: 
[2025-11-12T00:14:38.247Z] [RECEIVED] status@broadcast: 
[2025-11-12T00:15:31.401Z] [RECEIVED] status@broadcast: 
[2025-11-12T00:15:40.572Z] [RECEIVED] status@broadcast: 
[2025-11-12T00:16:24.474Z] [RECEIVED] 584268289324@s.whatsapp.net: 
[2025-11-12T00:16:25.975Z] [RECEIVED] 584268289324@s.whatsapp.net: #s
[2025-11-12T00:17:21.939Z] [RECEIVED] 584268289324@s.whatsapp.net: 
[2025-11-12T00:17:23.702Z] [RECEIVED] 584268289324@s.whatsapp.net: #s
[2025-11-12T00:17:50.919Z] [RECEIVED] 584268289324@s.whatsapp.net: 
[2025-11-12T00:17:52.180Z] [RECEIVED] 584268289324@s.whatsapp.net: #s
[2025-11-12T00:18:32.090Z] [RECEIVED] 584268289324@s.whatsapp.net: 
[2025-11-12T00:18:33.397Z] [RECEIVED] 584268289324@s.whatsapp.net: #s
[2025-11-12T00:21:29.897Z] [RECEIVED] 584268289324@s.whatsapp.net: 
[2025-11-12T00:21:32.723Z] [RECEIVED] 584268289324@s.whatsapp.net: #s
[2025-11-12T00:21:38.371Z] [RECEIVED] status@broadcast: 
[2025-11-12T00:22:24.335Z] [RECEIVED] status@broadcast: 
[2025-11-12T00:22:42.231Z] [RECEIVED] status@broadcast: 
[2025-11-12T00:22:49.065Z] [RECEIVED] status@broadcast: 
[2025-11-12T00:23:12.596Z] [RECEIVED] status@broadcast: 
[2025-11-12T00:23:43.022Z] [RECEIVED] status@broadcast: 
[2025-11-12T00:23:51.699Z] [RECEIVED] 584268289324@s.whatsapp.net: 
[2025-11-12T00:23:53.810Z] [RECEIVED] 584268289324@s.whatsapp.net: #s
[2025-11-12T00:37:19.563Z] [RECEIVED] status@broadcast: 
[2025-11-12T00:37:27.935Z] [RECEIVED] status@broadcast: 
[2025-11-12T00:37:47.571Z] [RECEIVED] status@broadcast: 
[2025-11-12T00:39:17.582Z] [RECEIVED] status@broadcast: 
[2025-11-12T00:39:34.664Z] [RECEIVED] status@broadcast: 
[2025-11-12T00:40:09.715Z] [RECEIVED] status@broadcast: 
[2025-11-12T00:43:29.810Z] [RECEIVED] 120363387470929207@g.us: #tt https://vm.tiktok.com/ZMA7JA2TP/
[2025-11-12T00:43:30.760Z] [RECEIVED] 120363387470929207@g.us: #tt https://vm.tiktok.com/ZMA7JA2TP/
[2025-11-12T00:43:38.487Z] [RECEIVED] 120363387470929207@g.us: @39106298044576
[2025-11-12T00:49:53.597Z] [RECEIVED] status@broadcast: 
[2025-11-12T00:53:15.301Z] [RECEIVED] status@broadcast: https://www.youtube.com/watch?v=RYWhgcmud04
[2025-11-12T01:00:07.839Z] [RECEIVED] status@broadcast: 
[2025-11-12T01:00:43.248Z] [RECEIVED] status@broadcast: 
[2025-11-12T01:01:44.762Z] [RECEIVED] status@broadcast: 
[2025-11-12T01:02:11.512Z] [RECEIVED] status@broadcast: 
[2025-11-12T01:03:24.634Z] [RECEIVED] status@broadcast: 
[2025-11-12T01:05:17.872Z] [RECEIVED] status@broadcast: 
[2025-11-12T01:12:14.287Z] [RECEIVED] status@broadcast: 
[2025-11-12T01:26:02.532Z] [RECEIVED] status@broadcast: 
[2025-11-12T01:31:30.765Z] [RECEIVED] status@broadcast: 
[2025-11-12T01:48:43.244Z] [RECEIVED] status@broadcast: 
[2025-11-12T01:51:48.735Z] [RECEIVED] status@broadcast: 
[2025-11-12T01:53:00.566Z] [RECEIVED] status@broadcast: 
[2025-11-12T01:53:34.728Z] [RECEIVED] status@broadcast: 
[2025-11-12T01:53:57.070Z] [RECEIVED] status@broadcast: 
[2025-11-12T01:59:02.355Z] [RECEIVED] status@broadcast: 
[2025-11-12T02:00:02.027Z] [RECEIVED] status@broadcast: 
[2025-11-12T02:20:09.510Z] [RECEIVED] status@broadcast: 
[2025-11-12T02:26:47.419Z] [RECEIVED] status@broadcast: 
[2025-11-12T02:29:12.499Z] [RECEIVED] status@broadcast: Ditasea 
[2025-11-12T02:29:16.206Z] [RECEIVED] status@broadcast: Ditasea 
[2025-11-12T02:29:36.667Z] [RECEIVED] status@broadcast: 
[2025-11-12T02:29:37.023Z] [RECEIVED] status@broadcast: 
[2025-11-12T02:43:57.081Z] [RECEIVED] status@broadcast: 🤎
[2025-11-12T02:44:03.829Z] [RECEIVED] status@broadcast: 
[2025-11-12T03:23:23.943Z] [RECEIVED] status@broadcast: 
[2025-11-12T03:23:49.516Z] [RECEIVED] status@broadcast: 
[2025-11-12T03:24:08.643Z] [RECEIVED] status@broadcast: 
[2025-11-12T03:24:25.330Z] [RECEIVED] status@broadcast: 
[2025-11-12T03:25:01.289Z] [RECEIVED] status@broadcast: 
[2025-11-12T03:39:28.644Z] [RECEIVED] status@broadcast: 
[2025-11-12T04:03:11.127Z] [RECEIVED] status@broadcast: 
[2025-11-12T04:05:56.875Z] [RECEIVED] status@broadcast: 
[2025-11-12T04:07:06.689Z] [RECEIVED] status@broadcast: 
[2025-11-12T04:07:29.036Z] [RECEIVED] status@broadcast: 
[2025-11-12T04:07:41.437Z] [RECEIVED] status@broadcast: 
[2025-11-12T04:07:58.531Z] [RECEIVED] status@broadcast: 
[2025-11-12T04:08:07.786Z] [RECEIVED] status@broadcast: 
[2025-11-12T04:09:09.061Z] [RECEIVED] status@broadcast: 
[2025-11-12T04:09:19.565Z] [RECEIVED] status@broadcast: 
[2025-11-12T04:09:27.436Z] [RECEIVED] status@broadcast: Un poquito de Pepino para los tacos 😆
[2025-11-12T04:09:41.595Z] [RECEIVED] status@broadcast: 
[2025-11-12T04:11:10.155Z] [RECEIVED] status@broadcast: 
[2025-11-12T04:11:28.510Z] [RECEIVED] status@broadcast: 
[2025-11-12T04:25:05.793Z] [RECEIVED] status@broadcast: 
[2025-11-12T06:35:42.433Z] [RECEIVED] 120363387470929207@g.us: #tt https://vm.tiktok.com/ZMA7LHeH8/
[2025-11-12T06:45:23.976Z] [RECEIVED] 120363160616746507@g.us: https://www.reddit.com/r/radiohead/s/U7Qh5xVvSb
[2025-11-12T11:06:03.158Z] [RECEIVED] status@broadcast: 
[2025-11-12T13:09:45.898Z] [RECEIVED] 120363387470929207@g.us: 
[2025-11-12T13:09:54.751Z] [RECEIVED] 120363387470929207@g.us: 
[2025-11-12T13:15:06.268Z] [RECEIVED] 120363387470929207@g.us: 
[2025-11-12T13:36:02.550Z] [RECEIVED] status@broadcast: 
[2025-11-12T14:12:17.886Z] [RECEIVED] 120363160616746507@g.us: 
[2025-11-12T14:14:38.089Z] [RECEIVED] 120363387470929207@g.us: hace rati
[2025-11-12T14:14:40.227Z] [RECEIVED] 120363387470929207@g.us: to
[2025-11-12T14:15:19.918Z] [RECEIVED] 120363387470929207@g.us: #ping
[2025-11-12T14:24:27.227Z] [RECEIVED] 120363387470929207@g.us: 
[2025-11-12T14:27:32.346Z] [RECEIVED] 120363387470929207@g.us: 
[2025-11-12T14:28:36.650Z] [RECEIVED] status@broadcast: Vendo 10$ dolares
[2025-11-12T14:28:39.376Z] [RECEIVED] status@broadcast: Vendo 10$ dolares
[2025-11-12T14:37:06.875Z] [RECEIVED] 120363160616746507@g.us: 
[2025-11-12T14:45:42.757Z] [RECEIVED] 120363387470929207@g.us: 
[2025-11-12T14:45:49.419Z] [RECEIVED] 120363387470929207@g.us: Pa ver
[2025-11-12T14:45:57.157Z] [RECEIVED] 120363387470929207@g.us: @30837949124772
[2025-11-12T14:46:39.120Z] [RECEIVED] 120363387470929207@g.us: 
[2025-11-12T14:50:31.595Z] [RECEIVED] 120363387470929207@g.us: Creo que le gusta Coldplay
[2025-11-12T14:50:37.427Z] [RECEIVED] 120363387470929207@g.us: 
[2025-11-12T14:50:54.313Z] [RECEIVED] 120363387470929207@g.us: cuál coldplay sapegato
[2025-11-12T14:51:02.310Z] [RECEIVED] 120363387470929207@g.us: 
[2025-11-12T14:51:04.343Z] [RECEIVED] 120363387470929207@g.us: 
[2025-11-12T14:51:10.183Z] [RECEIVED] 120363387470929207@g.us: No entendio oq
[2025-11-12T14:51:34.755Z] [RECEIVED] 120363387470929207@g.us: #ping
[2025-11-12T14:51:45.368Z] [RECEIVED] 120363387470929207@g.us: Es que a radio head lo han comparado con Coldplay
[2025-11-12T14:52:07.230Z] [RECEIVED] 120363387470929207@g.us: sapegato cuando
[2025-11-12T14:52:11.527Z] [RECEIVED] 120363387470929207@g.us: no tienen nada q ver mmgvo
[2025-11-12T14:52:17.770Z] [RECEIVED] 120363387470929207@g.us: si coldplay es música pa gays
[2025-11-12T14:52:22.072Z] [RECEIVED] 120363387470929207@g.us: y radiohead música triste
[2025-11-12T14:52:24.785Z] [RECEIVED] 120363387470929207@g.us: 
[2025-11-12T14:52:28.715Z] [RECEIVED] 120363387470929207@g.us: 
[2025-11-12T14:52:30.218Z] [RECEIVED] 120363387470929207@g.us: Pero es como una competencia entre los fans pué
[2025-11-12T14:52:36.313Z] [RECEIVED] status@broadcast: 
[2025-11-12T14:52:43.137Z] [RECEIVED] 120363387470929207@g.us: 
[2025-11-12T14:52:57.844Z] [RECEIVED] 120363387470929207@g.us: Pero como casi nadie en latam habla de ellos pues no se sabe
[2025-11-12T14:53:03.971Z] [RECEIVED] 120363387470929207@g.us: ya escuchó animal completo
[2025-11-12T14:53:04.887Z] [RECEIVED] 120363387470929207@g.us: ?
[2025-11-12T14:53:15.085Z] [RECEIVED] 120363387470929207@g.us: Voy por la mitad
[2025-11-12T14:53:21.401Z] [RECEIVED] 120363387470929207@g.us: Estoy ocupado
[2025-11-12T14:53:21.450Z] [RECEIVED] 120363387470929207@g.us: q tal
[2025-11-12T14:53:29.899Z] [RECEIVED] 120363387470929207@g.us: Mejor lo termino después
[2025-11-12T14:53:32.050Z] [RECEIVED] 120363387470929207@g.us: Ta bueno
[2025-11-12T14:53:35.963Z] [RECEIVED] 120363387470929207@g.us: Hasta el momento
[2025-11-12T14:53:41.416Z] [RECEIVED] 120363387470929207@g.us: Le doy un sólido 8
[2025-11-12T14:53:44.015Z] [RECEIVED] 120363387470929207@g.us: coño no sé
[2025-11-12T14:53:52.068Z] [RECEIVED] 120363387470929207@g.us: a mi me gusta acabar de una pues
[2025-11-12T14:54:00.749Z] [RECEIVED] 120363387470929207@g.us: 
[2025-11-12T14:54:13.732Z] [RECEIVED] 120363387470929207@g.us: A mi no
[2025-11-12T14:54:20.953Z] [RECEIVED] 120363387470929207@g.us: A mi me gusta acabar relajado
[2025-11-12T14:55:06.648Z] [RECEIVED] 120363387470929207@g.us: 
[2025-11-12T14:56:47.289Z] [RECEIVED] status@broadcast: Formación ⚖️ en nuestra UNELLEZ Barinas.
[2025-11-12T15:01:06.381Z] [RECEIVED] 120363387470929207@g.us: parece q tiene down
[2025-11-12T15:01:09.598Z] [RECEIVED] 120363387470929207@g.us: 
[2025-11-12T15:01:54.883Z] [RECEIVED] 120363387470929207@g.us: Parece
[2025-11-12T15:20:39.676Z] [RECEIVED] 120363387470929207@g.us: #tt https://vm.tiktok.com/ZMA7Mk8Db/
[2025-11-12T15:20:47.172Z] [RECEIVED] 120363387470929207@g.us: @243297515737326
[2025-11-12T15:27:10.914Z] [RECEIVED] 120363387470929207@g.us: 
[2025-11-12T15:55:58.744Z] [RECEIVED] 30837949124772@lid: #ping
[2025-11-12T16:01:37.810Z] [RECEIVED] status@broadcast: 
[2025-11-12T16:02:19.923Z] [RECEIVED] status@broadcast: 
[2025-11-12T16:02:24.866Z] [RECEIVED] status@broadcast: 
[2025-11-12T16:02:26.848Z] [RECEIVED] status@broadcast: 
[2025-11-12T16:20:51.799Z] [RECEIVED] 120363387470929207@g.us: 
[2025-11-12T16:31:22.769Z] [RECEIVED] 120363160616746507@g.us: epa @236347956666463
[2025-11-12T16:32:03.183Z] [RECEIVED] 120363160616746507@g.us: el ftb de tkol trae ese opening o no
[2025-11-12T16:32:15.815Z] [RECEIVED] 120363160616746507@g.us: o eso lo borro
[2025-11-12T16:32:22.335Z] [RECEIVED] 120363160616746507@g.us: q no encuentro otro link
[2025-11-12T16:36:59.453Z] [RECEIVED] 30837949124772@lid: #ping
[2025-11-12T16:45:23.645Z] [RECEIVED] 30837949124772@lid: #ping
[2025-11-12T16:53:38.757Z] [RECEIVED] 30837949124772@lid: #ping
[2025-11-12T16:53:43.856Z] [RECEIVED] 30837949124772@lid: #ping
[2025-11-12T16:55:00.722Z] [RECEIVED] 30837949124772@lid: #reel https://www.instagram.com/reel/DQW7CKODVjv/?igsh=bmxiN3lleXI5eXc0
[2025-11-12T16:55:18.303Z] [RECEIVED] 30837949124772@lid: #igreel https://www.instagram.com/reel/DQW7CKODVjv/?igsh=bmxiN3lleXI5eXc0
[2025-11-12T16:58:17.761Z] [RECEIVED] 30837949124772@lid: #ping
[2025-11-12T16:58:27.616Z] [RECEIVED] 30837949124772@lid: #ping
[2025-11-12T16:58:32.735Z] [RECEIVED] 30837949124772@lid: #reel https://www.instagram.com/reel/DQW7CKODVjv/?igsh=bmxiN3lleXI5eXc0
[2025-11-12T16:58:32.735Z] [RECEIVED] 30837949124772@lid: #reel https://www.instagram.com/reel/DQW7CKODVjv/?igsh=bmxiN3lleXI5eXc0
[2025-11-12T17:14:18.276Z] [RECEIVED] status@broadcast: 
[2025-11-12T17:14:28.351Z] [RECEIVED] status@broadcast: 
[2025-11-12T17:14:33.364Z] [RECEIVED] status@broadcast: 
[2025-11-12T17:14:34.880Z] [RECEIVED] status@broadcast: 
[2025-11-12T17:35:59.585Z] [RECEIVED] 30837949124772@lid: #ping
[2025-11-12T17:36:08.219Z] [RECEIVED] 30837949124772@lid: #reel https://www.instagram.com/reel/DQW7CKODVjv/?igsh=bmxiN3lleXI5eXc0
[2025-11-12T17:36:08.219Z] [RECEIVED] 30837949124772@lid: #reel https://www.instagram.com/reel/DQW7CKODVjv/?igsh=bmxiN3lleXI5eXc0
[2025-11-12T17:37:39.913Z] [RECEIVED] status@broadcast: 
[2025-11-12T17:41:06.012Z] [RECEIVED] status@broadcast: 
[2025-11-12T17:41:51.000Z] [RECEIVED] status@broadcast: 
[2025-11-12T17:43:29.814Z] [RECEIVED] status@broadcast: https://www.youtube.com/watch?v=-_imWQSPLnY
[2025-11-12T17:44:21.309Z] [RECEIVED] status@broadcast: https://www.youtube.com/live/IPor6EnjsF8
[2025-11-12T18:00:50.487Z] [RECEIVED] status@broadcast: 
[2025-11-12T18:49:37.533Z] [RECEIVED] 30837949124772@lid: 
[2025-11-12T18:49:38.726Z] [RECEIVED] 126186608939198@lid: hola santiago bot
[2025-11-12T18:49:39.348Z] [RECEIVED] 30837949124772@lid: #s
[2025-11-12T18:50:17.462Z] [RECEIVED] 126186608939198@lid: 
[2025-11-12T18:50:19.825Z] [RECEIVED] 126186608939198@lid: #s
[2025-11-12T18:51:10.958Z] [RECEIVED] 126186608939198@lid: #s
[2025-11-12T18:59:35.706Z] [RECEIVED] 30837949124772@lid: #ping
[2025-11-12T18:59:40.771Z] [RECEIVED] 30837949124772@lid: #ping
[2025-11-12T19:01:30.164Z] [RECEIVED] 30837949124772@lid: #reel https://www.instagram.com/reel/DQW7CKODVjv/?igsh=bmxiN3lleXI5eXc0
[2025-11-12T19:01:30.164Z] [RECEIVED] 30837949124772@lid: #reel https://www.instagram.com/reel/DQW7CKODVjv/?igsh=bmxiN3lleXI5eXc0
[2025-11-12T19:17:49.964Z] [RECEIVED] 30837949124772@lid: #ping
[2025-11-12T19:17:56.770Z] [RECEIVED] 30837949124772@lid: #reel https://www.instagram.com/reel/DQW7CKODVjv/?igsh=bmxiN3lleXI5eXc0
[2025-11-12T19:17:56.770Z] [RECEIVED] 30837949124772@lid: #reel https://www.instagram.com/reel/DQW7CKODVjv/?igsh=bmxiN3lleXI5eXc0
[2025-11-12T19:20:54.295Z] [RECEIVED] 30837949124772@lid: #help
[2025-11-12T19:21:22.037Z] [RECEIVED] 30837949124772@lid: #stats
[2025-11-12T19:23:38.335Z] [RECEIVED] 30837949124772@lid: #ping
[2025-11-12T19:23:42.218Z] [RECEIVED] 30837949124772@lid: #ping
[2025-11-12T19:23:59.034Z] [RECEIVED] 30837949124772@lid: #reel https://www.instagram.com/reel/DQW7CKODVjv/?igsh=bmxiN3lleXI5eXc0
[2025-11-12T19:23:59.034Z] [RECEIVED] 30837949124772@lid: #reel https://www.instagram.com/reel/DQW7CKODVjv/?igsh=bmxiN3lleXI5eXc0
[2025-11-12T19:45:19.824Z] [RECEIVED] status@broadcast: Compro $
[2025-11-12T19:45:27.352Z] [RECEIVED] 30837949124772@lid: #ping
[2025-11-12T19:45:30.101Z] [RECEIVED] 30837949124772@lid: #ping
[2025-11-12T19:45:37.937Z] [RECEIVED] 30837949124772@lid: #reel https://www.instagram.com/reel/DQW7CKODVjv/?igsh=bmxiN3lleXI5eXc0
[2025-11-12T19:45:37.938Z] [RECEIVED] 30837949124772@lid: #reel https://www.instagram.com/reel/DQW7CKODVjv/?igsh=bmxiN3lleXI5eXc0
[2025-11-12T19:52:26.055Z] [RECEIVED] 30837949124772@lid: #ping
[2025-11-12T19:52:32.260Z] [RECEIVED] 30837949124772@lid: #reel https://www.instagram.com/reel/DQW7CKODVjv/?igsh=bmxiN3lleXI5eXc0
[2025-11-12T19:52:32.260Z] [RECEIVED] 30837949124772@lid: #reel https://www.instagram.com/reel/DQW7CKODVjv/?igsh=bmxiN3lleXI5eXc0
[2025-11-12T19:55:26.894Z] [RECEIVED] 120363160616746507@g.us: lo borra y listo
[2025-11-12T20:00:45.871Z] [RECEIVED] 30837949124772@lid: #ping
[2025-11-12T20:00:53.309Z] [RECEIVED] 30837949124772@lid: #reel https://www.instagram.com/reel/DQW7CKODVjv/?igsh=bmxiN3lleXI5eXc0
[2025-11-12T20:00:53.309Z] [RECEIVED] 30837949124772@lid: #reel https://www.instagram.com/reel/DQW7CKODVjv/?igsh=bmxiN3lleXI5eXc0
[2025-11-12T20:16:51.988Z] [RECEIVED] 30837949124772@lid: #ping
[2025-11-12T20:17:15.862Z] [RECEIVED] 30837949124772@lid: #ping
[2025-11-12T20:20:03.414Z] [RECEIVED] 30837949124772@lid: #ping
[2025-11-12T20:20:08.879Z] [RECEIVED] 30837949124772@lid: #ping
[2025-11-12T20:20:16.274Z] [RECEIVED] 30837949124772@lid: #reel https://www.instagram.com/reel/DQW7CKODVjv/?igsh=bmxiN3lleXI5eXc0
[2025-11-12T20:34:05.871Z] [RECEIVED] 30837949124772@lid: #ping
[2025-11-12T20:34:12.712Z] [RECEIVED] 30837949124772@lid: #ping
[2025-11-12T20:36:56.131Z] [RECEIVED] 30837949124772@lid: #ping
[2025-11-12T20:36:59.680Z] [RECEIVED] 30837949124772@lid: #ping
[2025-11-12T20:37:07.611Z] [RECEIVED] 30837949124772@lid: #ping
[2025-11-12T20:37:11.007Z] [RECEIVED] 30837949124772@lid: #reel https://www.instagram.com/reel/DQW7CKODVjv/?igsh=bmxiN3lleXI5eXc0
[2025-11-12T20:39:20.036Z] [RECEIVED] status@broadcast: 
[2025-11-12T20:40:28.888Z] [RECEIVED] 30837949124772@lid: #ping
[2025-11-12T20:40:32.702Z] [RECEIVED] 30837949124772@lid: #reel https://www.instagram.com/reel/DQW7CKODVjv/?igsh=bmxiN3lleXI5eXc0
[2025-11-12T20:43:17.363Z] [RECEIVED] 30837949124772@lid: #ping
[2025-11-12T20:43:20.939Z] [RECEIVED] 30837949124772@lid: #reel https://www.instagram.com/reel/DQW7CKODVjv/?igsh=bmxiN3lleXI5eXc0
[2025-11-12T20:46:47.681Z] [RECEIVED] 30837949124772@lid: #reel https://www.instagram.com/reel/DQLOuRKDuvc/?igsh=M3NnZ3NxbDAzMXNx
[2025-11-12T20:47:48.179Z] [RECEIVED] 30837949124772@lid: #ping
[2025-11-12T20:47:53.380Z] [RECEIVED] 30837949124772@lid: #reel https://www.instagram.com/reel/DQLOuRKDuvc/?igsh=M3NnZ3NxbDAzMXNx
[2025-11-12T20:48:55.873Z] [RECEIVED] 30837949124772@lid: #pin
[2025-11-12T20:48:57.892Z] [RECEIVED] 30837949124772@lid: #ping
[2025-11-12T20:49:05.683Z] [RECEIVED] 30837949124772@lid: #reel https://www.instagram.com/reel/DQLOuRKDuvc/?igsh=M3NnZ3NxbDAzMXNx
[2025-11-12T20:52:19.790Z] [RECEIVED] 30837949124772@lid: #ping
[2025-11-12T20:52:27.311Z] [RECEIVED] 30837949124772@lid: #reel https://www.instagram.com/reel/DPVCbHzjopx/?igsh=MW1tdnBwZWg1eno1NA==
[2025-11-12T21:44:45.127Z] [RECEIVED] 120363160616746507@g.us: 
[2025-11-12T21:44:55.755Z] [RECEIVED] 120363160616746507@g.us: maduro es aura o laura
[2025-11-12T21:45:08.118Z] [RECEIVED] 120363160616746507@g.us: #s
[2025-11-12T21:45:10.470Z] [RECEIVED] 120363160616746507@g.us: activa esa mrd
[2025-11-12T21:45:20.449Z] [RECEIVED] 120363160616746507@g.us: 
[2025-11-12T21:45:52.470Z] [RECEIVED] 120363160616746507@g.us: 
[2025-11-12T21:46:34.541Z] [RECEIVED] 120363160616746507@g.us: voy a verlo
[2025-11-12T23:08:03.258Z] [RECEIVED] status@broadcast: 
[2025-11-12T23:50:52.821Z] [RECEIVED] status@broadcast: 
[2025-11-12T23:53:21.767Z] [RECEIVED] status@broadcast: 🎸🎤Ruta Alternativa🎤🎸
                  Barinas

🥁No se trata de un simple concierto. La visión ...
[2025-11-12T23:58:26.127Z] [RECEIVED] status@broadcast: 
[2025-11-12T23:58:30.322Z] [RECEIVED] status@broadcast: 
[2025-11-13T00:11:37.349Z] [RECEIVED] 120363387470929207@g.us: #ttaud https://vm.tiktok.com/ZMA7ybTPW/
[2025-11-13T00:27:43.416Z] [RECEIVED] status@broadcast: 
[2025-11-13T00:30:19.784Z] [RECEIVED] 120363387470929207@g.us: Qn tiene zelle
[2025-11-13T01:44:37.185Z] [RECEIVED] 120363387470929207@g.us: Yo
[2025-11-13T01:44:38.078Z] [RECEIVED] 120363387470929207@g.us: 
[2025-11-13T01:48:02.892Z] [RECEIVED] 120363387470929207@g.us: cuanto me va a mandar?
[2025-11-13T01:54:51.575Z] [RECEIVED] status@broadcast: 🎸🎤Ruta Alternativa🎤🎸
                  Barinas

🥁No se trata de un simple concierto. La visión ...
[2025-11-13T02:02:34.585Z] [RECEIVED] status@broadcast: 
[2025-11-13T02:08:06.212Z] [RECEIVED] status@broadcast: 
[2025-11-13T04:25:14.493Z] [RECEIVED] status@broadcast: 
[2025-11-13T04:25:16.529Z] [RECEIVED] 30837949124772@lid: #ping
[2025-11-13T04:25:24.761Z] [RECEIVED] 30837949124772@lid: #help
[2025-11-13T04:25:57.427Z] [RECEIVED] 30837949124772@lid: #ttaud
[2025-11-13T04:26:00.226Z] [RECEIVED] 30837949124772@lid: #tt
[2025-11-13T04:26:11.872Z] [RECEIVED] 30837949124772@lid: #yt
[2025-11-13T04:26:15.476Z] [RECEIVED] 30837949124772@lid: #ytvid
[2025-11-13T04:26:22.900Z] [RECEIVED] 30837949124772@lid: #yt
[2025-11-13T04:26:25.677Z] [RECEIVED] 30837949124772@lid: #ytvideo
[2025-11-13T04:26:33.966Z] [RECEIVED] 30837949124772@lid: #yt radiohead airba
[2025-11-13T04:26:42.657Z] [RECEIVED] 30837949124772@lid: #ytaudio radiohead airbag
[2025-11-13T04:26:42.657Z] [RECEIVED] 30837949124772@lid: #ytaudio radiohead airbag
[2025-11-13T04:30:44.210Z] [RECEIVED] 120363160616746507@g.us: #ytaudio radiohead treefingers
[2025-11-13T04:30:44.211Z] [RECEIVED] 120363160616746507@g.us: #ytaudio radiohead treefingers
[2025-11-13T04:51:01.332Z] [RECEIVED] status@broadcast: 😮‍💨
[2025-11-13T04:56:33.624Z] [RECEIVED] status@broadcast: 
[2025-11-13T05:00:30.165Z] [RECEIVED] 120363160616746507@g.us: 
[2025-11-13T05:00:32.017Z] [RECEIVED] 120363160616746507@g.us: #s
[2025-11-13T05:18:44.311Z] [RECEIVED] 30837949124772@lid: #tt https://vm.tiktok.com/ZMA7mkcCU/
[2025-11-13T05:24:06.026Z] [RECEIVED] 30837949124772@lid: #ytaudio suei si te miro más voy a morir
[2025-11-13T05:24:06.026Z] [RECEIVED] 30837949124772@lid: #ytaudio suei si te miro más voy a morir
[2025-11-13T10:37:17.512Z] [RECEIVED] status@broadcast: 
[2025-11-13T10:44:55.273Z] [RECEIVED] status@broadcast: 
[2025-11-13T10:45:20.950Z] [RECEIVED] status@broadcast: 
[2025-11-13T10:45:44.726Z] [RECEIVED] status@broadcast: 
[2025-11-13T10:48:39.912Z] [RECEIVED] status@broadcast: 
[2025-11-13T10:48:59.276Z] [RECEIVED] status@broadcast: 
[2025-11-13T10:49:05.434Z] [RECEIVED] status@broadcast: 
[2025-11-13T10:49:10.445Z] [RECEIVED] status@broadcast: 
[2025-11-13T10:49:15.507Z] [RECEIVED] status@broadcast: 
[2025-11-13T10:49:23.881Z] [RECEIVED] status@broadcast: 
[2025-11-13T10:49:46.445Z] [RECEIVED] status@broadcast: 
[2025-11-13T10:51:21.137Z] [RECEIVED] status@broadcast: 
[2025-11-13T10:51:53.859Z] [RECEIVED] status@broadcast: 
[2025-11-13T10:52:28.518Z] [RECEIVED] status@broadcast: 
[2025-11-13T10:53:17.177Z] [RECEIVED] status@broadcast: 
[2025-11-13T10:53:26.815Z] [RECEIVED] status@broadcast: 
[2025-11-13T10:53:56.125Z] [RECEIVED] status@broadcast: 
[2025-11-13T10:55:17.472Z] [RECEIVED] status@broadcast: 
[2025-11-13T10:55:30.461Z] [RECEIVED] status@broadcast: 
[2025-11-13T10:56:30.771Z] [RECEIVED] status@broadcast: 
[2025-11-13T10:58:33.232Z] [RECEIVED] status@broadcast: 
[2025-11-13T10:59:48.019Z] [RECEIVED] status@broadcast: 
[2025-11-13T11:02:08.245Z] [RECEIVED] status@broadcast: 
[2025-11-13T11:03:26.389Z] [RECEIVED] status@broadcast: 
[2025-11-13T11:07:01.030Z] [RECEIVED] status@broadcast: 
[2025-11-13T11:07:28.838Z] [RECEIVED] status@broadcast: 
[2025-11-13T11:08:03.114Z] [RECEIVED] status@broadcast: 
[2025-11-13T11:17:24.039Z] [RECEIVED] status@broadcast: 
[2025-11-13T11:18:33.908Z] [RECEIVED] status@broadcast: 
[2025-11-13T11:22:42.486Z] [RECEIVED] status@broadcast: 
[2025-11-13T12:09:04.620Z] [RECEIVED] status@broadcast: Buenos días!!☀️ Consulta activa 🙌🏻
[2025-11-13T12:54:23.404Z] [RECEIVED] status@broadcast: Delicateses Nohely 🤤🫠al lado de PDV
[2025-11-13T13:34:00.481Z] [RECEIVED] 30837949124772@lid: #ping
[2025-11-13T14:47:40.310Z] [RECEIVED] status@broadcast: 
[2025-11-13T14:49:56.229Z] [RECEIVED] status@broadcast: 
[2025-11-13T14:52:12.577Z] [RECEIVED] status@broadcast: 
[2025-11-13T14:53:51.461Z] [RECEIVED] 120363160616746507@g.us: Agarran buenos gustos sioq
[2025-11-13T14:54:26.031Z] [RECEIVED] 120363160616746507@g.us: Epa @30837949124772
[2025-11-13T14:54:26.607Z] [RECEIVED] status@broadcast: 
[2025-11-13T14:54:45.567Z] [RECEIVED] 120363160616746507@g.us: q
[2025-11-13T14:55:14.296Z] [RECEIVED] 120363160616746507@g.us: Primero
[2025-11-13T14:55:24.759Z] [RECEIVED] 120363160616746507@g.us: segundo
[2025-11-13T14:55:42.493Z] [RECEIVED] 120363160616746507@g.us: 
[2025-11-13T14:56:12.162Z] [RECEIVED] 120363160616746507@g.us: Porq su foto de perfil parece de artista underground q saca puro ambient
[2025-11-13T14:56:15.506Z] [RECEIVED] 120363160616746507@g.us: Segundo
[2025-11-13T14:56:24.862Z] [RECEIVED] 120363160616746507@g.us: Ya puede mantener el bot vivo 24/7 o no
[2025-11-13T14:56:41.910Z] [RECEIVED] 120363160616746507@g.us: #s
[2025-11-13T14:56:46.421Z] [RECEIVED] 120363160616746507@g.us: #s
[2025-11-13T14:57:15.717Z] [RECEIVED] 120363160616746507@g.us: es un mensaje a la humanidad para q cuidemos nuestro habitad y dejemos de talar los árboles que nos ...
[2025-11-13T14:57:25.897Z] [RECEIVED] 120363160616746507@g.us: 
[2025-11-13T14:57:26.564Z] [RECEIVED] 120363160616746507@g.us: 
[2025-11-13T14:57:36.497Z] [RECEIVED] 120363160616746507@g.us: O un mensaje a Andreíta
[2025-11-13T14:57:40.412Z] [RECEIVED] 120363160616746507@g.us: pues la computadora tiene 2 días prendida
[2025-11-13T14:57:41.613Z] [RECEIVED] 120363160616746507@g.us: 
[2025-11-13T14:57:53.670Z] [RECEIVED] 120363160616746507@g.us: Y uste nada q le mete el guevo ?
[2025-11-13T14:57:54.593Z] [RECEIVED] 120363160616746507@g.us: Nahh
[2025-11-13T14:58:02.526Z] [RECEIVED] 120363160616746507@g.us: La tiene prendida y no le mete el guevo
[2025-11-13T14:58:14.069Z] [RECEIVED] 120363160616746507@g.us: Eso es porq la computadora tiene HDMI
[2025-11-13T14:58:15.689Z] [RECEIVED] 120363160616746507@g.us: Verda
[2025-11-13T14:58:31.021Z] [RECEIVED] 120363160616746507@g.us: 
[2025-11-13T14:58:42.304Z] [RECEIVED] 120363160616746507@g.us: Sirve todo?
[2025-11-13T14:58:45.099Z] [RECEIVED] 120363160616746507@g.us: #tt
[2025-11-13T14:58:51.003Z] [RECEIVED] 120363160616746507@g.us: #ttaud
[2025-11-13T14:58:57.065Z] [RECEIVED] 120363160616746507@g.us: Aaa
[2025-11-13T14:58:58.744Z] [RECEIVED] 120363160616746507@g.us: Ahora si
[2025-11-13T14:59:00.400Z] [RECEIVED] 120363160616746507@g.us: el instagram no sirve pq marc sucrebu me tiene bloqueado
[2025-11-13T14:59:11.984Z] [RECEIVED] 120363160616746507@g.us: pero lo voy a arreglar pues
[2025-11-13T14:59:17.117Z] [RECEIVED] 120363160616746507@g.us: el cree q es más arrecho q yo
[2025-11-13T14:59:20.944Z] [RECEIVED] 120363160616746507@g.us: 
[2025-11-13T14:59:37.589Z] [RECEIVED] 120363160616746507@g.us: #ttaud https://vm.tiktok.com/ZMA74MfMP/
[2025-11-13T14:59:47.825Z] [RECEIVED] 120363160616746507@g.us: Andrea justificándole la infidelidad
[2025-11-13T15:00:20.636Z] [RECEIVED] 120363160616746507@g.us: habla hasta parecido
[2025-11-13T15:00:23.392Z] [RECEIVED] 120363160616746507@g.us: 
[2025-11-13T15:00:25.415Z] [RECEIVED] 120363160616746507@g.us: JAJAJAJAJAJ
[2025-11-13T15:00:45.755Z] [RECEIVED] 120363160616746507@g.us: 
[2025-11-13T15:01:02.587Z] [RECEIVED] 120363160616746507@g.us: #tt https://vm.tiktok.com/ZMA74N1yk/
[2025-11-13T15:01:21.476Z] [RECEIVED] 120363160616746507@g.us: No descarga imágenes
[2025-11-13T15:01:34.590Z] [RECEIVED] 120363160616746507@g.us: #tt https://vm.tiktok.com/ZMA74AAhG/
[2025-11-13T15:02:48.988Z] [RECEIVED] 120363160616746507@g.us: no
[2025-11-13T15:03:11.338Z] [RECEIVED] 120363160616746507@g.us: porq me hablas seco
[2025-11-13T15:03:16.772Z] [RECEIVED] 120363160616746507@g.us: 
[2025-11-13T15:03:19.064Z] [RECEIVED] 120363160616746507@g.us: 
[2025-11-13T15:03:20.553Z] [RECEIVED] 120363160616746507@g.us: JAKSKAKSKAKSKSKS
[2025-11-13T15:04:02.439Z] [RECEIVED] 120363160616746507@g.us: #tt https://vm.tiktok.com/ZMA74dxoC/
[2025-11-13T15:04:11.757Z] [RECEIVED] 120363160616746507@g.us: @236347956666463
[2025-11-13T15:04:57.072Z] [RECEIVED] 120363160616746507@g.us: soyese bro
[2025-11-13T15:05:24.881Z] [RECEIVED] 120363160616746507@g.us: el bicho haciendo el bernabeu en la canaima a 10fps
[2025-11-13T15:05:29.037Z] [RECEIVED] 120363160616746507@g.us: a ver qlq
[2025-11-13T15:05:40.655Z] [RECEIVED] 120363160616746507@g.us: el primero temazo
[2025-11-13T15:05:47.819Z] [RECEIVED] 120363160616746507@g.us: sapegato
[2025-11-13T15:06:13.597Z] [RECEIVED] 120363160616746507@g.us: 
[2025-11-13T15:06:29.704Z] [RECEIVED] status@broadcast: 
[2025-11-13T15:11:07.709Z] [RECEIVED] 120363160616746507@g.us: @30837949124772
[2025-11-13T15:11:40.187Z] [RECEIVED] 120363160616746507@g.us: sapegato mmgvo no eche barro a la poceta
[2025-11-13T15:11:44.763Z] [RECEIVED] 120363160616746507@g.us: 
[2025-11-13T15:11:50.921Z] [RECEIVED] 120363160616746507@g.us: 
[2025-11-13T15:11:54.009Z] [RECEIVED] 120363160616746507@g.us: el bicho cagando arcilla pues
[2025-11-13T15:12:08.408Z] [RECEIVED] 120363160616746507@g.us: 
[2025-11-13T15:12:08.645Z] [RECEIVED] 120363160616746507@g.us: saca la mierda y se hace unas tazas pa café
[2025-11-13T15:12:12.535Z] [RECEIVED] 120363160616746507@g.us: 
[2025-11-13T15:12:15.873Z] [RECEIVED] 120363160616746507@g.us: JAJSKAKSKAKKSAKKS
[2025-11-13T15:12:22.065Z] [RECEIVED] 120363160616746507@g.us: 
[2025-11-13T15:15:03.831Z] [RECEIVED] 120363160616746507@g.us: Ni los pelos del culo aguantaron esa arcilla
[2025-11-13T15:30:27.624Z] [RECEIVED] 120363160616746507@g.us: La cagada fue tan arrecha q tape la poseta
[2025-11-13T15:32:21.238Z] [RECEIVED] 120363160616746507@g.us: 
[2025-11-13T15:32:28.664Z] [RECEIVED] 120363160616746507@g.us: cagó un sapo el mgmv
[2025-11-13T15:32:47.882Z] [RECEIVED] 120363160616746507@g.us: Quede flaco de todo lo q cague
[2025-11-13T15:32:52.065Z] [RECEIVED] 120363160616746507@g.us: Lolia pansha
[2025-11-13T15:32:58.541Z] [RECEIVED] 120363160616746507@g.us: 🥺🥺🥺
[2025-11-13T15:33:14.790Z] [RECEIVED] 120363160616746507@g.us: 
[2025-11-13T15:33:22.263Z] [RECEIVED] 120363160616746507@g.us: el bicho se abrió el culo así pa q saliera
[2025-11-13T15:33:33.825Z] [RECEIVED] 120363160616746507@g.us: pacheco escuchando gemidos desde el baño y era este bicho cagando
[2025-11-13T15:33:40.462Z] [RECEIVED] 120363160616746507@g.us: 
[2025-11-13T15:33:56.471Z] [RECEIVED] 120363160616746507@g.us: 
[2025-11-13T15:34:09.016Z] [RECEIVED] 120363160616746507@g.us: Ni los pelos del culo filtraron esa vaina
[2025-11-13T15:36:20.458Z] [RECEIVED] status@broadcast: Preparándome para la vejez 🤭
[2025-11-13T15:39:39.806Z] [RECEIVED] 120363160616746507@g.us: 
[2025-11-13T15:39:55.169Z] [RECEIVED] 120363160616746507@g.us: 
[2025-11-13T15:40:12.955Z] [RECEIVED] 120363160616746507@g.us: 
[2025-11-13T15:43:59.138Z] [RECEIVED] 120363160616746507@g.us: 
[2025-11-13T15:44:43.264Z] [RECEIVED] 120363160616746507@g.us: 
[2025-11-13T15:45:19.208Z] [RECEIVED] 120363160616746507@g.us: 3 q porquería
[2025-11-13T15:45:33.712Z] [RECEIVED] 120363160616746507@g.us: #ping
[2025-11-13T15:45:49.103Z] [RECEIVED] 30837949124772@lid: #reel https://www.instagram.com/reel/DQOPVImjd8b/?igsh=MWdyc2Z3NzFncjFnaQ==
[2025-11-13T15:46:19.505Z] [RECEIVED] 120363160616746507@g.us: pq es casi q todo igual
[2025-11-13T15:46:22.234Z] [RECEIVED] 120363160616746507@g.us: pero ta bien
[2025-11-13T15:46:32.916Z] [RECEIVED] 120363160616746507@g.us: @39106298044576 tan listos los reels
[2025-11-13T15:46:34.079Z] [RECEIVED] 120363160616746507@g.us: no raspa
[2025-11-13T15:46:38.181Z] [RECEIVED] 120363160616746507@g.us: #reel https://www.instagram.com/reel/DPVCbHzjopx/?igsh=MW1tdnBwZWg1eno1NA==
[2025-11-13T15:47:15.106Z] [RECEIVED] 120363160616746507@g.us: #reel https://www.instagram.com/reel/DN1iiaRwnIN/?igsh=em9zdGdncWIxbnZ6
[2025-11-13T15:47:55.617Z] [RECEIVED] 120363160616746507@g.us: 
[2025-11-13T15:48:42.948Z] [RECEIVED] 120363160616746507@g.us: #reel https://www.instagram.com/p/DQxi2vqD48e/?igsh=Z2NtNWMzaHhwZ2Mx
[2025-11-13T15:51:25.502Z] [RECEIVED] 120363160616746507@g.us: 
[2025-11-13T15:51:40.234Z] [RECEIVED] 120363160616746507@g.us: 
[2025-11-13T15:52:47.103Z] [RECEIVED] 120363160616746507@g.us: futjobs lleva futbolistas al extranjero pero pa meterlos de cajeros en un mcdonalds
[2025-11-13T15:52:55.970Z] [RECEIVED] 120363160616746507@g.us: 
[2025-11-13T15:53:17.326Z] [RECEIVED] 120363160616746507@g.us: el viaje todo pago 🥹
[2025-11-13T15:53:29.209Z] [RECEIVED] 120363160616746507@g.us: todo pago anteriormente por la persona
[2025-11-13T15:53:33.583Z] [RECEIVED] 120363160616746507@g.us: 
[2025-11-13T15:53:41.626Z] [RECEIVED] 120363160616746507@g.us: 
[2025-11-13T15:54:46.221Z] [RECEIVED] 120363160616746507@g.us: tan peor q maestre
[2025-11-13T15:54:56.284Z] [RECEIVED] 120363160616746507@g.us: pero maestre los lleva es pa segunda
[2025-11-13T15:55:13.648Z] [RECEIVED] 120363160616746507@g.us: 
[2025-11-13T15:58:15.292Z] [RECEIVED] status@broadcast: 
[2025-11-13T16:00:13.573Z] [RECEIVED] 120363160616746507@g.us: 
[2025-11-13T16:00:19.733Z] [RECEIVED] 120363160616746507@g.us: discazo
[2025-11-13T16:00:22.153Z] [RECEIVED] 120363160616746507@g.us: 
[2025-11-13T16:01:34.871Z] [RECEIVED] 30837949124772@lid: #ping
[2025-11-13T16:01:37.911Z] [RECEIVED] 30837949124772@lid: #ping
[2025-11-13T16:01:40.550Z] [RECEIVED] 30837949124772@lid: #ping
[2025-11-13T16:01:48.643Z] [RECEIVED] 30837949124772@lid: #ping
[2025-11-13T16:01:50.282Z] [RECEIVED] 30837949124772@lid: #ping
[2025-11-13T16:01:52.533Z] [RECEIVED] 30837949124772@lid: #ping
[2025-11-13T16:02:49.732Z] [RECEIVED] 120363160616746507@g.us: #ttaud https://vm.tiktok.com/ZMA7VHe1n/
[2025-11-13T16:03:22.680Z] [RECEIVED] 120363160616746507@g.us: #ttaud https://vm.tiktok.com/ZMA7VHe1n/
[2025-11-13T16:03:36.271Z] [RECEIVED] 120363160616746507@g.us: mmgvo es una imagen o q
[2025-11-13T16:03:44.926Z] [RECEIVED] 120363160616746507@g.us: #ttaud https://vm.tiktok.com/ZMA7VxBgb/
[2025-11-13T16:03:47.051Z] [RECEIVED] 120363160616746507@g.us: No
[2025-11-13T16:03:57.942Z] [RECEIVED] 120363160616746507@g.us: #tt https://vm.tiktok.com/ZMA7VxBgb/
[2025-11-13T16:04:09.840Z] [RECEIVED] 120363160616746507@g.us: #ttaud https://vm.tiktok.com/ZMA7VV1wk/
[2025-11-13T16:04:10.472Z] [RECEIVED] 120363160616746507@g.us: yo creo q es pq se me jue la lu
[2025-11-13T16:04:14.886Z] [RECEIVED] 120363160616746507@g.us: 
[2025-11-13T16:04:35.338Z] [RECEIVED] 120363160616746507@g.us: #ping
[2025-11-13T16:04:53.100Z] [RECEIVED] 120363160616746507@g.us: Con Dorian
[2025-11-13T16:05:00.559Z] [RECEIVED] 120363160616746507@g.us: monda pa su jopo maricón
[2025-11-13T16:32:51.579Z] [RECEIVED] 120363160616746507@g.us: #tt https://vm.tiktok.com/ZMA7qY2Lg/
[2025-11-13T16:32:59.528Z] [RECEIVED] 120363160616746507@g.us: ya va q se me había ido la luz
[2025-11-13T16:33:27.276Z] [RECEIVED] 120363160616746507@g.us: #rotate
[2025-11-13T16:33:48.744Z] [RECEIVED] status@broadcast: 
[2025-11-13T16:35:15.919Z] [RECEIVED] status@broadcast: 
[2025-11-13T16:37:41.677Z] [RECEIVED] 120363160616746507@g.us: 
[2025-11-13T16:37:43.705Z] [RECEIVED] 120363160616746507@g.us: 
[2025-11-13T16:40:00.560Z] [RECEIVED] status@broadcast: Nos formamos de la mano de los mejores profesores de nuestra Unellez, para demostrar la calidad de p...
[2025-11-13T16:48:28.199Z] [RECEIVED] status@broadcast: 
[2025-11-13T17:08:46.744Z] [RECEIVED] 120363160616746507@g.us: #tt https://vm.tiktok.com/ZMA7q7APY/
[2025-11-13T17:08:56.575Z] [RECEIVED] 120363160616746507@g.us: @39106298044576
[2025-11-13T17:19:04.427Z] [RECEIVED] status@broadcast: el stun de los stun
[2025-11-13T17:31:04.739Z] [RECEIVED] 30837949124772@lid: #ping
[2025-11-13T18:22:44.331Z] [RECEIVED] 120363160616746507@g.us: 
[2025-11-13T18:23:29.884Z] [RECEIVED] 120363160616746507@g.us: 
[2025-11-13T18:24:25.849Z] [RECEIVED] 120363160616746507@g.us: 
[2025-11-13T18:31:15.948Z] [RECEIVED] 120363160616746507@g.us: 
[2025-11-13T18:31:45.364Z] [RECEIVED] 120363160616746507@g.us: 
[2025-11-13T18:32:32.175Z] [RECEIVED] 120363160616746507@g.us: 
[2025-11-13T18:32:39.757Z] [RECEIVED] 120363160616746507@g.us: 
[2025-11-13T18:32:42.180Z] [RECEIVED] 120363160616746507@g.us: just exactly
[2025-11-13T18:32:45.207Z] [RECEIVED] 120363160616746507@g.us: as i remember
[2025-11-13T18:32:49.215Z] [RECEIVED] 120363160616746507@g.us: every woooord
[2025-11-13T18:32:52.068Z] [RECEIVED] 120363160616746507@g.us: every gesture
[2025-11-13T18:34:03.687Z] [RECEIVED] 120363160616746507@g.us: 
[2025-11-13T18:35:25.285Z] [RECEIVED] 120363160616746507@g.us: 
[2025-11-13T18:35:29.025Z] [RECEIVED] 120363160616746507@g.us: #s
[2025-11-13T18:35:56.292Z] [RECEIVED] 120363160616746507@g.us: 
[2025-11-13T18:35:59.433Z] [RECEIVED] 120363160616746507@g.us: #s
[2025-11-13T18:36:04.540Z] [RECEIVED] 120363160616746507@g.us: 
[2025-11-13T18:36:40.420Z] [RECEIVED] 120363160616746507@g.us: 
[2025-11-13T18:36:42.878Z] [RECEIVED] 120363160616746507@g.us: #s
[2025-11-13T18:36:49.287Z] [RECEIVED] 120363160616746507@g.us: 
[2025-11-13T18:37:11.312Z] [RECEIVED] 120363160616746507@g.us: 
[2025-11-13T18:37:14.115Z] [RECEIVED] 120363160616746507@g.us: q temazo separator laputamadre
[2025-11-13T18:37:14.542Z] [RECEIVED] 120363160616746507@g.us: #s
[2025-11-13T18:37:17.784Z] [RECEIVED] 120363160616746507@g.us: ahh vaina
[2025-11-13T18:37:20.031Z] [RECEIVED] 120363160616746507@g.us: 
[2025-11-13T18:37:41.691Z] [RECEIVED] 120363160616746507@g.us: 
[2025-11-13T18:37:44.194Z] [RECEIVED] 120363160616746507@g.us: 
[2025-11-13T18:37:44.575Z] [RECEIVED] 120363160616746507@g.us: #s
[2025-11-13T18:37:48.691Z] [RECEIVED] 120363160616746507@g.us: #s
[2025-11-13T18:38:03.616Z] [RECEIVED] 120363160616746507@g.us: 
[2025-11-13T18:38:04.431Z] [RECEIVED] 120363160616746507@g.us: 
[2025-11-13T18:38:05.584Z] [RECEIVED] 120363160616746507@g.us: 
[2025-11-13T18:38:06.331Z] [RECEIVED] 120363160616746507@g.us: 
[2025-11-13T18:38:16.427Z] [RECEIVED] 120363160616746507@g.us: 
[2025-11-13T18:38:59.550Z] [RECEIVED] 120363160616746507@g.us: 
[2025-11-13T18:39:01.229Z] [RECEIVED] 120363160616746507@g.us: #s
[2025-11-13T18:39:10.506Z] [RECEIVED] 120363160616746507@g.us: 
[2025-11-13T18:39:35.222Z] [RECEIVED] 120363160616746507@g.us: 
[2025-11-13T18:39:36.409Z] [RECEIVED] 120363160616746507@g.us: 
[2025-11-13T18:40:13.001Z] [RECEIVED] 120363160616746507@g.us: #s
[2025-11-13T18:40:25.256Z] [RECEIVED] 120363160616746507@g.us: mrd
[2025-11-13T18:40:32.195Z] [RECEIVED] 120363160616746507@g.us: pa cuando le pasen los yatusabe
[2025-11-13T18:40:58.935Z] [RECEIVED] 120363160616746507@g.us: un webote grande
[2025-11-13T18:41:14.926Z] [RECEIVED] 120363160616746507@g.us: o una cucota grande uno no sabe ps
[2025-11-13T18:42:22.856Z] [RECEIVED] 120363160616746507@g.us: 
[2025-11-13T18:42:24.366Z] [RECEIVED] 120363160616746507@g.us: #s
[2025-11-13T18:43:36.051Z] [RECEIVED] 120363160616746507@g.us: disco o q habla
[2025-11-13T18:44:26.555Z] [RECEIVED] 120363160616746507@g.us: mas tarse
[2025-11-13T18:44:30.466Z] [RECEIVED] 120363160616746507@g.us: pero cual
[2025-11-13T18:44:36.298Z] [RECEIVED] 120363160616746507@g.us: no sé
[2025-11-13T18:44:39.012Z] [RECEIVED] 120363160616746507@g.us: diga
[2025-11-13T18:45:13.455Z] [RECEIVED] 120363160616746507@g.us: islands esa mrd
[2025-11-13T18:45:23.038Z] [RECEIVED] 120363160616746507@g.us: listo pues
[2025-11-13T18:45:35.056Z] [RECEIVED] 120363160616746507@g.us: 
[2025-11-13T19:42:02.057Z] [RECEIVED] 120363160616746507@g.us: 
[2025-11-13T19:42:13.634Z] [RECEIVED] 120363160616746507@g.us: en la última estaba meando cuando me tumbó la torre
[2025-11-13T19:43:30.279Z] [RECEIVED] 120363160616746507@g.us: nada nada
[2025-11-13T19:43:33.444Z] [RECEIVED] 120363160616746507@g.us: lo tengo papiao
[2025-11-13T19:43:43.270Z] [RECEIVED] 120363160616746507@g.us: la ultima q me gano la cague con el tronco
[2025-11-13T19:43:49.952Z] [RECEIVED] 120363160616746507@g.us: lo lancé sin querer al medio
[2025-11-13T19:43:57.744Z] [RECEIVED] 120363160616746507@g.us: 5a 2 mmgvo
[2025-11-13T19:44:04.937Z] [RECEIVED] 120363160616746507@g.us: y esa última vez taba meando
[2025-11-13T19:44:14.811Z] [RECEIVED] 120363160616746507@g.us: 
[2025-11-13T19:50:08.190Z] [RECEIVED] 30837949124772@lid: #ping
[2025-11-13T19:50:17.684Z] [RECEIVED] 30837949124772@lid: #reel
[2025-11-13T19:50:27.903Z] [RECEIVED] 30837949124772@lid: #reel https://www.instagram.com/reel/DQOPVImjd8b/?igsh=MWdyc2Z3NzFncjFnaQ==
[2025-11-13T19:54:53.765Z] [RECEIVED] 120363160616746507@g.us: que vaya y lo mee o q
[2025-11-13T19:55:27.126Z] [RECEIVED] 30837949124772@lid: #ping
[2025-11-13T19:55:35.676Z] [RECEIVED] 30837949124772@lid: #reel https://www.instagram.com/reel/DPVCbHzjopx/?igsh=MW1tdnBwZWg1eno1NA==
[2025-11-13T19:57:16.404Z] [RECEIVED] status@broadcast: 
[2025-11-13T19:57:24.735Z] [RECEIVED] 120363387470929207@g.us: #ping
[2025-11-13T19:57:29.969Z] [RECEIVED] 120363387470929207@g.us: #reel https://www.instagram.com/reel/DQLOuRKDuvc/?igsh=M3NnZ3NxbDAzMXNx
[2025-11-13T19:59:14.566Z] [RECEIVED] status@broadcast: 
[2025-11-13T19:59:53.311Z] [RECEIVED] status@broadcast: 
[2025-11-13T20:03:49.258Z] [RECEIVED] 120363387470929207@g.us: Yo
[2025-11-13T20:04:50.831Z] [RECEIVED] 120363160616746507@g.us: 
[2025-11-13T20:07:49.453Z] [RECEIVED] 30837949124772@lid: #ping
[2025-11-13T20:07:54.885Z] [RECEIVED] 30837949124772@lid: #post https://www.instagram.com/p/DQZ60rujvjS/?igsh=M3hsdW5ranQxY3Z0
[2025-11-13T20:08:20.972Z] [RECEIVED] 30837949124772@lid: #reel https://www.instagram.com/p/DQZ60rujvjS/?igsh=M3hsdW5ranQxY3Z0
[2025-11-13T20:14:12.087Z] [RECEIVED] 30837949124772@lid: #pin
[2025-11-13T20:14:15.911Z] [RECEIVED] 30837949124772@lid: #ping
[2025-11-13T20:14:35.212Z] [RECEIVED] 30837949124772@lid: #post https://www.instagram.com/p/DQZ60rujvjS/?igsh=M3hsdW5ranQxY3Z0
[2025-11-13T20:15:03.411Z] [RECEIVED] 120363387470929207@g.us: #post https://www.instagram.com/p/DQZ60rujvjS/?igsh=M3hsdW5ranQxY3Z0
[2025-11-13T20:15:12.739Z] [RECEIVED] 120363387470929207@g.us: jai papá
[2025-11-13T20:15:14.751Z] [RECEIVED] 120363387470929207@g.us: ahora si
[2025-11-13T20:15:21.586Z] [RECEIVED] 120363387470929207@g.us: 
[2025-11-13T20:15:28.899Z] [RECEIVED] status@broadcast: 
[2025-11-13T20:15:34.155Z] [RECEIVED] 120363387470929207@g.us: 
[2025-11-13T20:15:36.609Z] [RECEIVED] 120363387470929207@g.us: Yo
[2025-11-13T20:15:49.866Z] [RECEIVED] 120363387470929207@g.us: reels y post
[2025-11-13T20:15:55.498Z] [RECEIVED] 120363387470929207@g.us: falta historias
[2025-11-13T20:15:58.716Z] [RECEIVED] 120363387470929207@g.us: 
[2025-11-13T20:16:49.964Z] [RECEIVED] 120363387470929207@g.us: #post https://www.instagram.com/p/DQ-sr-gEZgW/?img_index=1&igsh=anBqMnJydXE3Yno1
[2025-11-13T20:22:16.291Z] [RECEIVED] 120363387470929207@g.us: #post https://www.instagram.com/p/DQRbyWfDoz0/?igsh=ZGE3OHFmdWkwM3g1
[2025-11-13T20:22:44.776Z] [RECEIVED] 120363387470929207@g.us: #s
[2025-11-13T20:25:50.185Z] [RECEIVED] 30837949124772@lid: #post 4 https://www.instagram.com/p/DQbFfgzDho4/?igsh=MXhocDN1MTMxZnU4dA==
[2025-11-13T20:28:17.516Z] [RECEIVED] 30837949124772@lid: #post 8 https://www.instagram.com/p/DQbFfgzDho4/?igsh=MXhocDN1MTMxZnU4dA==
[2025-11-13T20:28:39.724Z] [RECEIVED] 120363387470929207@g.us: pillen
[2025-11-13T20:29:04.481Z] [RECEIVED] 120363387470929207@g.us: A
[2025-11-13T20:29:11.422Z] [RECEIVED] 120363387470929207@g.us: si quieren descargar un post pero tiene varias imagenes y solo quieren descargar una en específico l...
[2025-11-13T20:29:13.323Z] [RECEIVED] 120363387470929207@g.us: tipo
[2025-11-13T20:29:18.239Z] [RECEIVED] 120363387470929207@g.us: #post 5 https://www.instagram.com/p/DQbFfgzDho4/?igsh=MXhocDN1MTMxZnU4dA==
[2025-11-13T20:29:30.284Z] [RECEIVED] 120363387470929207@g.us: y ya
[2025-11-13T20:29:33.368Z] [RECEIVED] status@broadcast: 
[2025-11-13T20:30:01.095Z] [RECEIVED] 120363387470929207@g.us: Okei
[2025-11-13T20:30:53.969Z] [RECEIVED] status@broadcast: 
[2025-11-13T20:31:56.451Z] [RECEIVED] 120363387470929207@g.us: #post 12 https://www.instagram.com/p/DQ5cVqikaOy/?img_index=11&igsh=MTdxbnVpM3lyMTF2aw==
[2025-11-13T20:32:22.636Z] [RECEIVED] 120363387470929207@g.us: 
[2025-11-13T20:40:06.458Z] [RECEIVED] 30837949124772@lid: #story https://www.instagram.com/stories/nsqkk/3765101148832383397?utm_source=ig_story_item_share&ig...
[2025-11-13T20:44:16.127Z] [RECEIVED] 30837949124772@lid: #ping
[2025-11-13T20:44:33.081Z] [RECEIVED] 30837949124772@lid: #story https://www.instagram.com/stories/nsqkk/3765101148832383397?utm_source=ig_story_item_share&ig...
[2025-11-13T20:52:17.332Z] [RECEIVED] 30837949124772@lid: #ping
[2025-11-13T20:52:26.101Z] [RECEIVED] 30837949124772@lid: #story nsqkk
[2025-11-13T20:54:07.027Z] [RECEIVED] status@broadcast: Cada día menos músculo
[2025-11-13T20:56:36.105Z] [RECEIVED] 30837949124772@lid: #ping
[2025-11-13T20:56:40.149Z] [RECEIVED] 30837949124772@lid: #story nsqkk
[2025-11-13T20:56:47.346Z] [RECEIVED] 30837949124772@lid: #story https://www.instagram.com/stories/nsqkk/3765101148832383397?utm_source=ig_story_item_share&ig...
[2025-11-13T20:58:50.397Z] [RECEIVED] 120363160616746507@g.us: 
[2025-11-13T20:59:23.913Z] [RECEIVED] 120363160616746507@g.us: 
[2025-11-13T20:59:28.779Z] [RECEIVED] 120363160616746507@g.us: habla
[2025-11-13T20:59:37.594Z] [RECEIVED] 120363160616746507@g.us: ya va
[2025-11-13T20:59:45.078Z] [RECEIVED] 120363160616746507@g.us: voy a cargar los audífonos
[2025-11-13T20:59:52.678Z] [RECEIVED] 120363160616746507@g.us: aja
[2025-11-13T21:10:13.384Z] [RECEIVED] 120363160616746507@g.us: #reel https://www.instagram.com/reel/DQRqv0ajR-T/?igsh=MXI1ZDN0aGQxNTludQ==
[2025-11-13T21:10:36.616Z] [RECEIVED] 120363160616746507@g.us: q le puedo meter al bot así q sea útil
[2025-11-13T21:10:47.305Z] [RECEIVED] 120363160616746507@g.us: ?
[2025-11-13T21:11:09.179Z] [RECEIVED] 120363160616746507@g.us: Porno
[2025-11-13T21:11:41.678Z] [RECEIVED] 120363160616746507@g.us: pa q si alonso tiene todo pornhub respaldado en el huawei por si se cae la página
[2025-11-13T21:11:44.491Z] [RECEIVED] 120363160616746507@g.us: 
[2025-11-13T21:12:27.325Z] [RECEIVED] 120363160616746507@g.us: hombre prevenido no se ha venido
[2025-11-13T21:13:38.485Z] [RECEIVED] 120363160616746507@g.us: maldita sea malditos mejicanos del diablo
[2025-11-13T21:13:47.595Z] [RECEIVED] 120363160616746507@g.us: JAJQJAJAJAJAJ
[2025-11-13T21:14:13.479Z] [RECEIVED] 30837949124772@lid: #ping
[2025-11-13T21:15:10.471Z] [RECEIVED] 30837949124772@lid: #spotify https://open.spotify.com/track/6ttYF5VadzTssGV2i1Q08T?si=RwtQkJ57RVGYUIZJTQp2LA
[2025-11-13T21:15:42.928Z] [RECEIVED] 120363160616746507@g.us: habla
[2025-11-13T21:15:57.356Z] [RECEIVED] 120363160616746507@g.us: ya va
[2025-11-13T21:16:00.162Z] [RECEIVED] 120363160616746507@g.us: 5 minutos
[2025-11-13T21:16:37.863Z] [RECEIVED] 120363160616746507@g.us: #post https://www.instagram.com/p/DQ9xEihkeDP/?igsh=dWFqNTkwOWNxMjJ4
[2025-11-13T21:17:09.209Z] [RECEIVED] 120363160616746507@g.us: no vale
[2025-11-13T21:17:19.753Z] [RECEIVED] 120363160616746507@g.us: apague el bot si va a tar mandando memes de mrd
[2025-11-13T21:17:21.994Z] [RECEIVED] 120363160616746507@g.us: jajajjjajaja
[2025-11-13T21:17:27.961Z] [RECEIVED] 120363160616746507@g.us: 
[2025-11-13T21:17:28.411Z] [RECEIVED] 120363160616746507@g.us: JAJAJAJAJAJ
[2025-11-13T21:17:34.761Z] [RECEIVED] 120363160616746507@g.us: toy probando becerro
[2025-11-13T21:17:46.351Z] [RECEIVED] 120363160616746507@g.us: toy metiendo pa descargar de spotify
[2025-11-13T21:17:50.724Z] [RECEIVED] 120363160616746507@g.us: en flac
[2025-11-13T21:20:09.613Z] [RECEIVED] 30837949124772@lid: #ping
[2025-11-13T21:20:15.490Z] [RECEIVED] 30837949124772@lid: #spotify https://www.instagram.com/p/DQ9xEihkeDP/?igsh=dWFqNTkwOWNxMjJ4
[2025-11-13T21:20:25.959Z] [RECEIVED] 30837949124772@lid: #spotify https://open.spotify.com/track/6ttYF5VadzTssGV2i1Q08T?si=RwtQkJ57RVGYUIZJTQp2LA
[2025-11-13T21:25:25.746Z] [RECEIVED] 30837949124772@lid: #ping
[2025-11-13T21:25:32.601Z] [RECEIVED] 30837949124772@lid: #spotify https://open.spotify.com/track/6ttYF5VadzTssGV2i1Q08T?si=RwtQkJ57RVGYUIZJTQp2LA
[2025-11-13T21:29:40.023Z] [RECEIVED] 120363160616746507@g.us: aja
[2025-11-13T21:29:41.411Z] [RECEIVED] 120363160616746507@g.us: voy
[2025-11-13T21:29:45.120Z] [RECEIVED] 120363160616746507@g.us: formentera
[2025-11-13T21:29:56.238Z] [RECEIVED] 120363160616746507@g.us: 
[2025-11-13T21:30:04.830Z] [RECEIVED] 30837949124772@lid: #spotify https://open.spotify.com/track/6ttYF5VadzTssGV2i1Q08T?si=RwtQkJ57RVGYUIZJTQp2LA
[2025-11-13T21:30:18.732Z] [RECEIVED] 120363160616746507@g.us: 
[2025-11-13T21:30:39.220Z] [RECEIVED] 120363160616746507@g.us: 
[2025-11-13T21:30:44.618Z] [RECEIVED] 120363160616746507@g.us: no ese no
[2025-11-13T21:30:47.706Z] [RECEIVED] 120363160616746507@g.us: ese es pa sailor
[2025-11-13T21:30:56.038Z] [RECEIVED] 120363160616746507@g.us: 
[2025-11-13T21:30:56.540Z] [RECEIVED] 120363160616746507@g.us: 
[2025-11-13T21:30:59.558Z] [RECEIVED] 120363160616746507@g.us: 
[2025-11-13T21:31:28.357Z] [RECEIVED] 120363160616746507@g.us: 
[2025-11-13T21:32:23.301Z] [RECEIVED] status@broadcast: 
[2025-11-13T21:35:54.739Z] [RECEIVED] 120363160616746507@g.us: #s
[2025-11-13T21:36:07.992Z] [RECEIVED] 120363160616746507@g.us: 
[2025-11-13T21:36:11.165Z] [RECEIVED] 120363160616746507@g.us: 
[2025-11-13T21:36:25.245Z] [RECEIVED] 120363160616746507@g.us: #s 🦸‍♂️
[2025-11-13T21:37:42.306Z] [RECEIVED] 120363160616746507@g.us: #music intrumental the microphones
[2025-11-13T21:37:42.306Z] [RECEIVED] 120363160616746507@g.us: #ytaudio intrumental the microphones
[2025-11-13T21:39:44.368Z] [RECEIVED] 120363160616746507@g.us: #music how the shadow is clear
[2025-11-13T21:39:44.368Z] [RECEIVED] 120363160616746507@g.us: #ytaudio how the shadow is clear
[2025-11-13T21:39:59.658Z] [RECEIVED] 120363160616746507@g.us: aja
[2025-11-13T21:40:01.584Z] [RECEIVED] 120363160616746507@g.us: sailot
[2025-11-13T21:40:10.807Z] [RECEIVED] 120363160616746507@g.us: 
[2025-11-13T21:40:11.106Z] [RECEIVED] 120363160616746507@g.us: 
[2025-11-13T21:40:16.857Z] [RECEIVED] 120363160616746507@g.us: 
[2025-11-13T21:40:20.071Z] [RECEIVED] 120363160616746507@g.us: 
[2025-11-13T21:40:35.690Z] [RECEIVED] 120363160616746507@g.us: #gracias untrue
[2025-11-13T21:41:43.338Z] [RECEIVED] 120363160616746507@g.us: 
[2025-11-13T21:41:55.629Z] [RECEIVED] 120363160616746507@g.us: 
[2025-11-13T21:42:06.551Z] [RECEIVED] 120363160616746507@g.us: 
[2025-11-13T21:42:19.902Z] [RECEIVED] 120363387470929207@g.us: 
[2025-11-13T21:42:27.776Z] [RECEIVED] 120363160616746507@g.us: aja
[2025-11-13T21:44:24.787Z] [RECEIVED] 120363160616746507@g.us: 
[2025-11-13T21:44:30.108Z] [RECEIVED] 30837949124772@lid: 
[2025-11-13T21:44:32.777Z] [RECEIVED] 30837949124772@lid: #smedia
[2025-11-13T21:44:37.214Z] [RECEIVED] 120363160616746507@g.us: 
[2025-11-13T21:45:47.079Z] [RECEIVED] 120363160616746507@g.us: 
[2025-11-13T21:47:41.556Z] [RECEIVED] 120363160616746507@g.us: 
[2025-11-13T21:49:10.521Z] [RECEIVED] 120363387470929207@g.us: sacaron al bicho
[2025-11-13T21:49:17.361Z] [RECEIVED] 120363387470929207@g.us: 
[2025-11-13T21:49:24.344Z] [RECEIVED] 30837949124772@lid: #ping
[2025-11-13T21:49:30.098Z] [RECEIVED] 30837949124772@lid: 
[2025-11-13T21:49:34.364Z] [RECEIVED] 30837949124772@lid: #smedia
[2025-11-13T21:49:39.245Z] [RECEIVED] 30837949124772@lid: #smedia
[2025-11-13T21:51:27.667Z] [RECEIVED] 120363160616746507@g.us: 
[2025-11-13T21:51:30.890Z] [RECEIVED] 120363160616746507@g.us: #s
[2025-11-13T21:51:37.450Z] [RECEIVED] 120363160616746507@g.us: 
[2025-11-13T21:51:40.277Z] [RECEIVED] 120363160616746507@g.us: peliculom
[2025-11-13T21:53:28.651Z] [RECEIVED] 120363160616746507@g.us: donde va
[2025-11-13T21:53:35.799Z] [RECEIVED] 120363160616746507@g.us: taba contestando una llamada
[2025-11-13T21:53:46.410Z] [RECEIVED] 120363160616746507@g.us: 150
[2025-11-13T21:53:47.890Z] [RECEIVED] 120363160616746507@g.us: ladies
[2025-11-13T21:53:53.038Z] [RECEIVED] 120363160616746507@g.us: ajá
[2025-11-13T21:54:12.895Z] [RECEIVED] 120363160616746507@g.us: los beatles
[2025-11-13T21:54:14.993Z] [RECEIVED] 120363160616746507@g.us: 
[2025-11-13T21:54:26.724Z] [RECEIVED] 120363160616746507@g.us: the beach boys
[2025-11-13T21:54:33.550Z] [RECEIVED] 120363160616746507@g.us: mmgvo @39106298044576 si tiene el bot pa mandar los tiktoks por aquí, pa q los manda por tiktok si s...
[2025-11-13T21:54:34.020Z] [RECEIVED] 120363160616746507@g.us: tengo que meterle a estos
[2025-11-13T21:54:39.311Z] [RECEIVED] 120363160616746507@g.us: 
[2025-11-13T21:54:56.127Z] [RECEIVED] 120363160616746507@g.us: Porq es una descarga innecesaria
[2025-11-13T21:54:56.311Z] [RECEIVED] 120363160616746507@g.us: por aqui se descargan broder sapegato
[2025-11-13T21:55:02.961Z] [RECEIVED] 120363160616746507@g.us: exacto
[2025-11-13T21:55:07.519Z] [RECEIVED] 120363160616746507@g.us: 🧠🧠🧠
[2025-11-13T21:55:11.126Z] [RECEIVED] 120363160616746507@g.us: 🧠🧠🧠
[2025-11-13T21:55:15.606Z] [RECEIVED] 120363160616746507@g.us: tenemos 🫱🏻‍🫲🏿🤜🏼🤛🏽🫂
[2025-11-13T21:55:18.610Z] [RECEIVED] 120363160616746507@g.us: tu bot pasó de moda bro
[2025-11-13T21:55:26.096Z] [RECEIVED] 120363160616746507@g.us: 
[2025-11-13T21:55:41.445Z] [RECEIVED] 120363160616746507@g.us: 
[2025-11-13T21:55:47.072Z] [RECEIVED] 120363160616746507@g.us: #pasaste de moda gran webon
[2025-11-13T21:56:03.198Z] [RECEIVED] 120363160616746507@g.us: 
[2025-11-13T21:56:19.911Z] [RECEIVED] 120363160616746507@g.us: #aquinosehablamaldechavez
[2025-11-13T21:56:20.928Z] [RECEIVED] 120363160616746507@g.us: me acordé de un meme
[2025-11-13T21:56:31.787Z] [RECEIVED] 120363160616746507@g.us: q estos bichos duraron como un mes riendose
[2025-11-13T21:56:36.084Z] [RECEIVED] 120363160616746507@g.us: tampoco es malo el tema este
[2025-11-13T21:56:39.447Z] [RECEIVED] 120363160616746507@g.us: nada mas flohea
[2025-11-13T21:56:48.795Z] [RECEIVED] 120363160616746507@g.us: cual
[2025-11-13T21:56:52.580Z] [RECEIVED] 120363160616746507@g.us: el de toreto q decía "santiago, anda hacer la tarea no seas webón"
[2025-11-13T21:57:08.379Z] [RECEIVED] 120363160616746507@g.us: JAJAJAJJJAJ @39106298044576
[2025-11-13T21:57:22.831Z] [RECEIVED] 120363160616746507@g.us: 
[2025-11-13T21:57:33.788Z] [RECEIVED] 120363160616746507@g.us: prelude
[2025-11-13T21:57:42.209Z] [RECEIVED] 120363160616746507@g.us: 
[2025-11-13T21:59:51.997Z] [RECEIVED] 120363160616746507@g.us: prelude
[2025-11-13T22:00:03.549Z] [RECEIVED] 120363160616746507@g.us: 
[2025-11-13T22:00:08.970Z] [RECEIVED] 120363160616746507@g.us: que maldito tema
[2025-11-13T22:01:53.382Z] [RECEIVED] 120363160616746507@g.us: islands
[2025-11-13T22:02:11.865Z] [RECEIVED] 120363160616746507@g.us: 
[2025-11-13T22:02:32.939Z] [RECEIVED] 120363160616746507@g.us: 
[2025-11-13T22:02:37.164Z] [RECEIVED] 120363160616746507@g.us: #s
[2025-11-13T22:04:06.413Z] [RECEIVED] 120363160616746507@g.us: 
[2025-11-13T22:04:09.974Z] [RECEIVED] 120363160616746507@g.us: #s
[2025-11-13T22:04:24.882Z] [RECEIVED] 120363160616746507@g.us: from my island
[2025-11-13T22:04:41.505Z] [RECEIVED] 120363160616746507@g.us: voy en el viento por la izq
[2025-11-13T22:04:50.668Z] [RECEIVED] 120363160616746507@g.us: 
[2025-11-13T22:04:51.202Z] [RECEIVED] 120363160616746507@g.us: yo lo tengo en la derecha
[2025-11-13T22:05:04.284Z] [RECEIVED] 120363160616746507@g.us: como asi
[2025-11-13T22:05:09.678Z] [RECEIVED] 120363160616746507@g.us: mmgv la parte sin letra
[2025-11-13T22:05:12.351Z] [RECEIVED] 30837949124772@lid: #ping
[2025-11-13T22:05:15.466Z] [RECEIVED] 120363160616746507@g.us: 3
[2025-11-13T22:05:19.031Z] [RECEIVED] 120363160616746507@g.us: min 3 por ahi
[2025-11-13T22:05:19.541Z] [RECEIVED] 30837949124772@lid: 
[2025-11-13T22:05:21.342Z] [RECEIVED] 30837949124772@lid: #smedia
[2025-11-13T22:06:40.065Z] [RECEIVED] 120363160616746507@g.us: 
[2025-11-13T22:06:44.127Z] [RECEIVED] 120363160616746507@g.us: JAJAJAJJJAJA
[2025-11-13T22:06:56.486Z] [RECEIVED] 120363160616746507@g.us: sapegato
[2025-11-13T22:08:09.019Z] [RECEIVED] 120363160616746507@g.us: 
[2025-11-13T22:09:10.510Z] [RECEIVED] 120363160616746507@g.us: 
[2025-11-13T22:11:10.107Z] [RECEIVED] 120363160616746507@g.us: se acaboum
[2025-11-13T22:11:24.401Z] [RECEIVED] 120363160616746507@g.us: la parte de silencio y la gente hablando ps
[2025-11-13T22:13:06.352Z] [RECEIVED] 120363160616746507@g.us: le metió a yanqui otra vez
[2025-11-13T22:13:20.443Z] [RECEIVED] 120363160616746507@g.us: como asi
[2025-11-13T22:13:25.926Z] [RECEIVED] 120363160616746507@g.us: no fue este mes
[2025-11-13T22:13:28.740Z] [RECEIVED] 120363160616746507@g.us: o creo q si
[2025-11-13T22:13:57.651Z] [RECEIVED] 120363160616746507@g.us: fue este mes mmgv
[2025-11-13T22:14:19.817Z] [RECEIVED] 120363160616746507@g.us: si?
[2025-11-13T22:14:30.090Z] [RECEIVED] 120363160616746507@g.us: claro
[2025-11-13T22:15:17.443Z] [RECEIVED] 120363160616746507@g.us: el viernes
[2025-11-13T22:15:30.284Z] [RECEIVED] 120363160616746507@g.us: si?
[2025-11-13T22:15:35.661Z] [RECEIVED] 120363160616746507@g.us: 
[2025-11-13T22:15:49.802Z] [RECEIVED] 120363160616746507@g.us: y pq lo tiene debajo de anima entonces
[2025-11-13T22:16:12.806Z] [RECEIVED] 120363160616746507@g.us: primero fue anima
[2025-11-13T22:16:49.639Z] [RECEIVED] 120363160616746507@g.us: el jueves
[2025-11-13T22:17:04.933Z] [RECEIVED] 120363160616746507@g.us: si?
[2025-11-13T22:17:14.063Z] [RECEIVED] 120363160616746507@g.us: sisa
[2025-11-13T22:17:16.900Z] [RECEIVED] 120363160616746507@g.us: 🦸‍♂️
[2025-11-13T22:17:56.780Z] [RECEIVED] 120363160616746507@g.us: ya lo puse
[2025-11-13T22:18:25.085Z] [RECEIVED] 120363160616746507@g.us: alaputa de pana fue el viernes
[2025-11-13T22:18:52.165Z] [RECEIVED] 120363160616746507@g.us: yo pensaba q anima había sido q si antier
[2025-11-13T22:19:04.161Z] [RECEIVED] 120363160616746507@g.us: jajjjaja
[2025-11-13T22:19:05.997Z] [RECEIVED] 120363160616746507@g.us: sapegato
[2025-11-13T22:25:10.105Z] [RECEIVED] 30837949124772@lid: 
[2025-11-13T22:25:13.310Z] [RECEIVED] 30837949124772@lid: #smedia
[2025-11-13T22:25:50.994Z] [RECEIVED] 120363160616746507@g.us: #s
[2025-11-13T22:25:55.998Z] [RECEIVED] 120363160616746507@g.us: #smedia
[2025-11-13T22:26:07.030Z] [RECEIVED] 120363160616746507@g.us: 
[2025-11-13T22:26:31.952Z] [RECEIVED] 30837949124772@lid: 
[2025-11-13T22:26:36.431Z] [RECEIVED] 30837949124772@lid: #smedia
[2025-11-13T22:29:48.788Z] [RECEIVED] status@broadcast: 
[2025-11-13T22:30:55.327Z] [RECEIVED] 120363387470929207@g.us: #reel https://www.instagram.com/reel/DQPSQj1CcDM/?igsh=MTh2czI3c3NkOXBwag==
[2025-11-13T22:31:14.677Z] [RECEIVED] 120363387470929207@g.us: prendan la luz 🗣️
[2025-11-13T22:31:31.304Z] [RECEIVED] 120363387470929207@g.us: 
[2025-11-13T22:34:18.094Z] [RECEIVED] 120363160616746507@g.us: #reel https://www.instagram.com/reel/DPoZXj6DOBM/?igsh=MXBsMWV1eWtoNjk0Yw==
[2025-11-13T22:38:06.760Z] [RECEIVED] 30837949124772@lid: 
[2025-11-13T22:38:39.164Z] [RECEIVED] 30837949124772@lid: #smedia
[2025-11-13T22:41:14.163Z] [RECEIVED] 120363160616746507@g.us: #ping
[2025-11-13T22:41:21.954Z] [RECEIVED] 120363160616746507@g.us: 
[2025-11-13T22:41:24.861Z] [RECEIVED] 120363160616746507@g.us: #smedia
[2025-11-13T22:41:35.440Z] [RECEIVED] 120363160616746507@g.us: 
[2025-11-13T22:41:37.664Z] [RECEIVED] 120363160616746507@g.us: #smedia
[2025-11-13T22:43:44.096Z] [RECEIVED] 120363160616746507@g.us: #ping
[2025-11-13T22:43:55.315Z] [RECEIVED] 120363160616746507@g.us: #ping
[2025-11-13T22:46:33.346Z] [RECEIVED] 30837949124772@lid: #ping
[2025-11-13T22:47:34.393Z] [RECEIVED] 30837949124772@lid: #post 2 https://www.instagram.com/p/DQ_7niqjY72/?img_index=1&igsh=a2dwOTh4dGJnNTR2
[2025-11-13T23:10:56.947Z] [RECEIVED] status@broadcast: 
[2025-11-13T23:11:25.859Z] [RECEIVED] status@broadcast: 
[2025-11-13T23:11:51.614Z] [RECEIVED] status@broadcast: 
[2025-11-13T23:12:18.944Z] [RECEIVED] status@broadcast: 
[2025-11-13T23:12:49.496Z] [RECEIVED] status@broadcast: 
[2025-11-13T23:19:18.327Z] [RECEIVED] status@broadcast: 
[2025-11-13T23:26:10.060Z] [RECEIVED] status@broadcast: 
[2025-11-13T23:49:27.706Z] [RECEIVED] 120363387470929207@g.us: #reel https://www.instagram.com/reel/DP0Fqykjsvg/?igsh=Y214NjBjZmhoZHE5
[2025-11-13T23:57:51.945Z] [RECEIVED] 30837949124772@lid: #ping
[2025-11-14T00:25:32.275Z] [RECEIVED] 120363387470929207@g.us: #post https://www.instagram.com/p/DP1bRAyDoD4/?igsh=cXdxeWJlZHUyZ213
[2025-11-14T00:25:37.851Z] [RECEIVED] 120363387470929207@g.us: ys
[2025-11-14T00:25:39.426Z] [RECEIVED] 120363387470929207@g.us: ya
[2025-11-14T00:25:50.604Z] [RECEIVED] 120363387470929207@g.us: 
[2025-11-14T00:25:54.054Z] [RECEIVED] 120363387470929207@g.us: .
[2025-11-14T00:26:11.433Z] [RECEIVED] status@broadcast: 
[2025-11-14T00:26:19.290Z] [RECEIVED] 120363387470929207@g.us: 
[2025-11-14T00:28:23.198Z] [RECEIVED] 120363387470929207@g.us: #post 2 https://www.instagram.com/p/DQ_7niqjY72/?img_index=1&igsh=a2dwOTh4dGJnNTR2
[2025-11-14T00:29:19.884Z] [RECEIVED] 120363387470929207@g.us: #post 1
[2025-11-14T00:29:24.994Z] [RECEIVED] 120363387470929207@g.us: XD
[2025-11-14T00:29:31.909Z] [RECEIVED] 120363387470929207@g.us: #post 1 https://www.instagram.com/p/DQMZnnwjHwB/?igsh=Z29xdjFoaDY3NHVu
[2025-11-14T00:29:38.460Z] [RECEIVED] 120363387470929207@g.us: 
[2025-11-14T00:31:53.831Z] [RECEIVED] 120363387470929207@g.us: #reel https://www.instagram.com/reel/DPP3D4YjOaD/?igsh=czNsYThlc2xvcWp6
[2025-11-14T00:34:23.714Z] [RECEIVED] 120363387470929207@g.us: mi bot dandola toda
[2025-11-14T00:34:30.647Z] [RECEIVED] 120363387470929207@g.us: 
[2025-11-14T00:34:43.135Z] [RECEIVED] 120363387470929207@g.us: tirandola larga
[2025-11-14T00:38:20.643Z] [RECEIVED] 120363387470929207@g.us: #reel https://www.instagram.com/reel/DPCKasvD3ox/?igsh=cXk5em8wMjIzZnh2
[2025-11-14T00:38:55.456Z] [RECEIVED] status@broadcast: 
[2025-11-14T00:40:42.406Z] [RECEIVED] status@broadcast: 
[2025-11-14T00:51:16.185Z] [RECEIVED] 120363387470929207@g.us: #reel https://www.instagram.com/reel/DOmJrsnCCqc/?igsh=eWR1aHNicnMzdXpx
[2025-11-14T00:51:52.087Z] [RECEIVED] 120363387470929207@g.us: #s
[2025-11-14T00:53:25.120Z] [RECEIVED] 120363387470929207@g.us: #post 1 https://www.instagram.com/p/DQvSWsoEZoW/?igsh=MW1maDY5aXMwN2Fpbg==
[2025-11-14T00:53:37.528Z] [RECEIVED] 120363387470929207@g.us: 
[2025-11-14T00:54:16.876Z] [RECEIVED] 120363387470929207@g.us: #reel https://www.instagram.com/p/DQszmx6Dmzj/?igsh=dWZ3bmx2Njh3c21o
[2025-11-14T00:54:33.228Z] [RECEIVED] 120363387470929207@g.us: @39106298044576 sin ni haber comenzado
[2025-11-14T00:54:41.802Z] [RECEIVED] 120363387470929207@g.us: 
[2025-11-14T00:54:49.301Z] [RECEIVED] 120363387470929207@g.us: Xd
[2025-11-14T00:55:03.571Z] [RECEIVED] 120363387470929207@g.us: Como realmente es:
[2025-11-14T00:55:25.460Z] [RECEIVED] 120363387470929207@g.us: No entiendo estadística🗣️
[2025-11-14T00:55:35.347Z] [RECEIVED] 120363387470929207@g.us: 
[2025-11-14T00:55:39.300Z] [RECEIVED] 120363387470929207@g.us: Bueno
[2025-11-14T00:55:41.006Z] [RECEIVED] 120363387470929207@g.us: Ya se
[2025-11-14T00:55:46.794Z] [RECEIVED] 120363387470929207@g.us: Pero estaba perdido
[2025-11-14T00:55:56.881Z] [RECEIVED] 120363387470929207@g.us: El sábado examen
[2025-11-14T00:56:04.509Z] [RECEIVED] 120363387470929207@g.us: si necesita ayuda me dice
[2025-11-14T00:56:13.422Z] [RECEIVED] 120363387470929207@g.us: 
[2025-11-14T00:56:14.616Z] [RECEIVED] 120363387470929207@g.us: 
[2025-11-14T00:56:19.918Z] [RECEIVED] 120363387470929207@g.us: 
[2025-11-14T00:56:19.991Z] [RECEIVED] 120363387470929207@g.us: pa saber q necesita ayuda pues pq yo tampoco sé
[2025-11-14T00:56:43.938Z] [RECEIVED] 120363387470929207@g.us: mi papá es contador mmgvo
[2025-11-14T00:56:46.216Z] [RECEIVED] 120363387470929207@g.us: Yo
[2025-11-14T00:56:57.269Z] [RECEIVED] 120363387470929207@g.us: Se lo cojio un payaso?
[2025-11-14T00:57:02.759Z] [RECEIVED] 120363387470929207@g.us: 
[2025-11-14T00:57:04.801Z] [RECEIVED] 120363387470929207@g.us: y dió clases ahí en la unellez hace tiempo
[2025-11-14T00:57:17.386Z] [RECEIVED] 120363387470929207@g.us: 
[2025-11-14T00:57:34.667Z] [RECEIVED] status@broadcast: 
[2025-11-14T00:57:38.119Z] [RECEIVED] 120363387470929207@g.us: q más le meto al bot
[2025-11-14T00:57:44.241Z] [RECEIVED] 120363387470929207@g.us: @39106298044576 @243297515737326
[2025-11-14T00:57:55.958Z] [RECEIVED] 120363387470929207@g.us: algo q sepan q vaa utilizar pues
[2025-11-14T00:58:04.478Z] [RECEIVED] 120363387470929207@g.us: #boobs @243297515737326
[2025-11-14T00:58:11.543Z] [RECEIVED] 120363387470929207@g.us: 
[2025-11-14T00:58:18.673Z] [RECEIVED] 120363387470929207@g.us: no eso no
[2025-11-14T00:58:22.016Z] [RECEIVED] 120363387470929207@g.us: JAKSKAKS
[2025-11-14T00:58:51.654Z] [RECEIVED] 120363387470929207@g.us: imagínese q te yo relajado en el cuarto haciendo la función de mamarle el pene a un miembro del grup...
[2025-11-14T00:58:57.127Z] [RECEIVED] 120363387470929207@g.us: 
[2025-11-14T01:00:02.381Z] [RECEIVED] 30837949124772@lid: #post https://www.instagram.com/p/DQMRJjDAG88/?igsh=MWl0Nm9nODA0MmN4NQ==
[2025-11-14T01:00:16.788Z] [RECEIVED] 120363160616746507@g.us: #post https://www.instagram.com/p/DQMRJjDAG88/?igsh=MWl0Nm9nODA0MmN4NQ==
[2025-11-14T01:00:27.016Z] [RECEIVED] 120363160616746507@g.us: 
[2025-11-14T01:01:41.590Z] [RECEIVED] 30837949124772@lid: #post https://www.instagram.com/p/DQ-cDo0DG9Q/?igsh=c2o3ODVia2N2Ym5z
[2025-11-14T01:02:42.683Z] [RECEIVED] status@broadcast: 
[2025-11-14T01:04:19.171Z] [RECEIVED] status@broadcast: 
[2025-11-14T01:50:03.377Z] [RECEIVED] status@broadcast: 
[2025-11-14T02:19:02.887Z] [RECEIVED] 120363387470929207@g.us: alaputa @39106298044576 estos en q momento sacaron sub 21
[2025-11-14T02:37:37.494Z] [RECEIVED] 120363387470929207@g.us: 
[2025-11-14T02:39:00.054Z] [RECEIVED] 120363387470929207@g.us: Pa sacales la platica
[2025-11-14T02:41:19.379Z] [RECEIVED] status@broadcast: 
[2025-11-14T02:41:25.983Z] [RECEIVED] status@broadcast: 
[2025-11-14T02:44:37.695Z] [RECEIVED] status@broadcast: 
[2025-11-14T03:12:37.368Z] [RECEIVED] 30837949124772@lid: #ping
[2025-11-14T03:15:07.216Z] [RECEIVED] 30837949124772@lid: #ping
[2025-11-14T03:15:22.041Z] [RECEIVED] 30837949124772@lid: 
[2025-11-14T03:15:24.623Z] [RECEIVED] 30837949124772@lid: #smedia
[2025-11-14T03:23:02.453Z] [RECEIVED] 120363160616746507@g.us: banner nuevo
[2025-11-14T03:23:13.083Z] [RECEIVED] 30837949124772@lid: #ping
[2025-11-14T03:23:17.322Z] [RECEIVED] 30837949124772@lid: 
[2025-11-14T03:23:23.394Z] [RECEIVED] 30837949124772@lid: #smedia
[2025-11-14T03:23:37.794Z] [RECEIVED] 30837949124772@lid: 
[2025-11-14T03:23:40.150Z] [RECEIVED] 30837949124772@lid: #smedia
[2025-11-14T03:28:55.446Z] [RECEIVED] 30837949124772@lid: #ping
[2025-11-14T03:28:59.480Z] [RECEIVED] 30837949124772@lid: 
[2025-11-14T03:29:01.513Z] [RECEIVED] 30837949124772@lid: #smedia
[2025-11-14T03:29:12.367Z] [RECEIVED] 30837949124772@lid: 
[2025-11-14T03:29:15.390Z] [RECEIVED] 30837949124772@lid: #smedia
[2025-11-14T03:31:23.077Z] [RECEIVED] 30837949124772@lid: #ping
[2025-11-14T03:31:31.244Z] [RECEIVED] 30837949124772@lid: 
[2025-11-14T03:31:32.417Z] [RECEIVED] 30837949124772@lid: #smedia
[2025-11-14T03:31:38.949Z] [RECEIVED] 30837949124772@lid: #smedia
[2025-11-14T03:31:49.057Z] [RECEIVED] 30837949124772@lid: 
[2025-11-14T03:31:52.477Z] [RECEIVED] 30837949124772@lid: #smedia
[2025-11-14T03:35:57.149Z] [RECEIVED] 30837949124772@lid: 
[2025-11-14T03:36:11.125Z] [RECEIVED] 30837949124772@lid: #smedia
[2025-11-14T03:36:16.376Z] [RECEIVED] 30837949124772@lid: 
[2025-11-14T03:36:19.011Z] [RECEIVED] 30837949124772@lid: #smedia
[2025-11-14T03:38:42.773Z] [RECEIVED] 30837949124772@lid: #ping
[2025-11-14T03:38:54.177Z] [RECEIVED] 30837949124772@lid: 
[2025-11-14T03:38:55.631Z] [RECEIVED] 30837949124772@lid: #smedia
[2025-11-14T03:39:02.144Z] [RECEIVED] 30837949124772@lid: 
[2025-11-14T03:39:05.059Z] [RECEIVED] 30837949124772@lid: #smedia
[2025-11-14T03:42:13.214Z] [RECEIVED] 30837949124772@lid: #ping
[2025-11-14T03:42:24.552Z] [RECEIVED] 30837949124772@lid: 
[2025-11-14T03:42:27.962Z] [RECEIVED] 30837949124772@lid: #smedia
[2025-11-14T03:47:07.510Z] [RECEIVED] 30837949124772@lid: 
[2025-11-14T03:47:10.326Z] [RECEIVED] 30837949124772@lid: #smedia
[2025-11-14T03:49:00.594Z] [RECEIVED] 30837949124772@lid: #ping
[2025-11-14T03:49:09.533Z] [RECEIVED] 30837949124772@lid: 
[2025-11-14T03:49:16.002Z] [RECEIVED] 30837949124772@lid: #smedia
[2025-11-14T03:49:25.547Z] [RECEIVED] 30837949124772@lid: 
[2025-11-14T03:49:27.529Z] [RECEIVED] 30837949124772@lid: #smedia
[2025-11-14T03:53:41.432Z] [RECEIVED] 30837949124772@lid: #ping
[2025-11-14T03:53:46.000Z] [RECEIVED] 30837949124772@lid: 
[2025-11-14T03:53:47.837Z] [RECEIVED] 30837949124772@lid: #smedia
[2025-11-14T03:53:51.480Z] [RECEIVED] 30837949124772@lid: #smedia
[2025-11-14T03:53:56.509Z] [RECEIVED] 30837949124772@lid: 
[2025-11-14T03:53:58.594Z] [RECEIVED] 30837949124772@lid: #smedia
[2025-11-14T03:57:00.524Z] [RECEIVED] 30837949124772@lid: #ping
[2025-11-14T03:57:08.638Z] [RECEIVED] 30837949124772@lid: 
[2025-11-14T03:57:12.000Z] [RECEIVED] 30837949124772@lid: #smedia
[2025-11-14T03:57:16.590Z] [RECEIVED] 30837949124772@lid: #smedia
[2025-11-14T04:00:49.357Z] [RECEIVED] 30837949124772@lid: 
[2025-11-14T04:00:51.556Z] [RECEIVED] 30837949124772@lid: #smedia
[2025-11-14T04:00:57.434Z] [RECEIVED] 30837949124772@lid: 
[2025-11-14T04:00:59.588Z] [RECEIVED] 30837949124772@lid: #smedia
[2025-11-14T04:01:42.295Z] [RECEIVED] 30837949124772@lid: 
[2025-11-14T04:01:46.003Z] [RECEIVED] 30837949124772@lid: #smedia
[2025-11-14T04:03:34.887Z] [RECEIVED] 30837949124772@lid: 
[2025-11-14T04:03:38.824Z] [RECEIVED] 30837949124772@lid: #smedia
[2025-11-14T04:09:39.535Z] [RECEIVED] 120363387470929207@g.us: #reel https://www.instagram.com/reel/DOqPiUfDbmA/?igsh=MThwODIxaTV0dHNjcQ==
[2025-11-14T04:09:53.677Z] [RECEIVED] 120363387470929207@g.us: @243297515737326 @39106298044576
[2025-11-14T04:10:13.110Z] [RECEIVED] 30837949124772@lid: #ping
[2025-11-14T04:10:16.638Z] [RECEIVED] 30837949124772@lid: 
[2025-11-14T04:10:18.505Z] [RECEIVED] 30837949124772@lid: 
[2025-11-14T04:10:20.176Z] [RECEIVED] 30837949124772@lid: #smedia
[2025-11-14T04:10:32.561Z] [RECEIVED] 30837949124772@lid: #smedia
[2025-11-14T04:12:04.670Z] [RECEIVED] 30837949124772@lid: #ping
[2025-11-14T04:12:07.478Z] [RECEIVED] 30837949124772@lid: 
[2025-11-14T04:12:09.230Z] [RECEIVED] 30837949124772@lid: #smedia
[2025-11-14T04:13:29.112Z] [RECEIVED] 120363387470929207@g.us: Yo
[2025-11-14T04:20:58.533Z] [RECEIVED] status@broadcast: Que privilegio encontrarnos Maggie!!! 🫶🏻
[2025-11-14T04:25:48.713Z] [RECEIVED] 30837949124772@lid: #ping
[2025-11-14T04:25:52.078Z] [RECEIVED] 30837949124772@lid: #help
[2025-11-14T04:32:03.736Z] [RECEIVED] 30837949124772@lid: 🎥
[2025-11-14T04:32:25.261Z] [RECEIVED] 30837949124772@lid: 💾
[2025-11-14T04:34:20.527Z] [RECEIVED] 30837949124772@lid: #ping
[2025-11-14T04:34:23.001Z] [RECEIVED] 30837949124772@lid: #help
[2025-11-14T04:35:04.691Z] [RECEIVED] 120363160616746507@g.us: #help
[2025-11-14T04:35:22.047Z] [RECEIVED] 120363160616746507@g.us: q belleza
[2025-11-14T04:36:55.323Z] [RECEIVED] 30837949124772@lid: #help
[2025-11-14T04:43:14.161Z] [RECEIVED] 584245186056@s.whatsapp.net: #help
[2025-11-14T04:44:08.897Z] [RECEIVED] 584245186056@s.whatsapp.net: #s
[2025-11-14T04:44:18.969Z] [RECEIVED] 584245186056@s.whatsapp.net: #s
[2025-11-14T04:59:19.076Z] [RECEIVED] 30837949124772@lid: #post https://www.instagram.com/p/DQnF77kgEmm/?igsh=N21icnltN2Y5emV0
[2025-11-14T04:59:46.863Z] [RECEIVED] 30837949124772@lid: #post 1 https://www.instagram.com/p/DQnF77kgEmm/?igsh=N21icnltN2Y5emV0
[2025-11-14T05:00:18.728Z] [RECEIVED] 30837949124772@lid: #reel https://www.instagram.com/p/DQnF77kgEmm/?igsh=N21icnltN2Y5emV0
[2025-11-14T05:00:34.200Z] [RECEIVED] 251891527225594@lid: #help
[2025-11-14T05:01:09.718Z] [RECEIVED] 30837949124772@lid: #post https://www.instagram.com/p/DQZMX6uDg1M/?igsh=c3phdDdjZm43NjNm
[2025-11-14T05:14:06.833Z] [RECEIVED] 30837949124772@lid: #ping
[2025-11-14T05:14:25.799Z] [RECEIVED] 30837949124772@lid: 
[2025-11-14T05:14:27.440Z] [RECEIVED] 30837949124772@lid: #s
[2025-11-14T05:15:29.878Z] [RECEIVED] 30837949124772@lid: #ping
[2025-11-14T05:15:45.964Z] [RECEIVED] 30837949124772@lid: 
[2025-11-14T05:15:47.755Z] [RECEIVED] 30837949124772@lid: #s
[2025-11-14T05:17:54.194Z] [RECEIVED] 30837949124772@lid: #ping
[2025-11-14T05:18:01.367Z] [RECEIVED] 30837949124772@lid: 
[2025-11-14T05:18:03.226Z] [RECEIVED] 30837949124772@lid: #s
[2025-11-14T05:20:42.841Z] [RECEIVED] 30837949124772@lid: #s
[2025-11-14T05:22:43.103Z] [RECEIVED] 30837949124772@lid: #s
[2025-11-14T05:22:52.066Z] [RECEIVED] 30837949124772@lid: #s
[2025-11-14T05:25:59.170Z] [RECEIVED] 30837949124772@lid: #ping
[2025-11-14T05:26:05.036Z] [RECEIVED] 30837949124772@lid: 
[2025-11-14T05:26:08.597Z] [RECEIVED] 30837949124772@lid: #s
[2025-11-14T05:26:34.058Z] [RECEIVED] 30837949124772@lid: 
[2025-11-14T05:26:34.942Z] [RECEIVED] 30837949124772@lid: #s
[2025-11-14T05:28:56.518Z] [RECEIVED] 30837949124772@lid: #ping
[2025-11-14T05:29:06.845Z] [RECEIVED] 30837949124772@lid: 
[2025-11-14T05:29:10.126Z] [RECEIVED] 30837949124772@lid: #s
[2025-11-14T05:32:16.817Z] [RECEIVED] 30837949124772@lid: #ping
[2025-11-14T05:32:22.798Z] [RECEIVED] 30837949124772@lid: 
[2025-11-14T05:32:25.302Z] [RECEIVED] 30837949124772@lid: #s
[2025-11-14T05:33:57.849Z] [RECEIVED] 30837949124772@lid: 
[2025-11-14T05:33:58.843Z] [RECEIVED] 30837949124772@lid: #s
[2025-11-14T05:35:16.247Z] [RECEIVED] 30837949124772@lid: 
[2025-11-14T05:35:20.475Z] [RECEIVED] 30837949124772@lid: #s
[2025-11-14T05:42:11.230Z] [RECEIVED] 30837949124772@lid: #ping
[2025-11-14T05:42:13.480Z] [RECEIVED] 30837949124772@lid: #ping
[2025-11-14T05:42:24.593Z] [RECEIVED] 30837949124772@lid: 
[2025-11-14T05:42:27.377Z] [RECEIVED] 30837949124772@lid: #s
[2025-11-14T05:48:30.313Z] [RECEIVED] 30837949124772@lid: #smedia
[2025-11-14T05:48:49.447Z] [RECEIVED] 30837949124772@lid: 
[2025-11-14T05:48:50.932Z] [RECEIVED] 30837949124772@lid: #s
[2025-11-14T05:48:57.746Z] [RECEIVED] 30837949124772@lid: #smedia
[2025-11-14T05:49:24.020Z] [RECEIVED] 30837949124772@lid: #ping
[2025-11-14T05:49:29.451Z] [RECEIVED] 30837949124772@lid: #help
[2025-11-14T06:03:43.907Z] [RECEIVED] 30837949124772@lid: #ping
[2025-11-14T06:03:48.003Z] [RECEIVED] 30837949124772@lid: #ttimg https://vm.tiktok.com/ZMA73KGyx/
[2025-11-14T06:05:13.787Z] [RECEIVED] 30837949124772@lid: #ttimg https://vm.tiktok.com/ZMA73gj5D/
[2025-11-14T06:08:56.548Z] [RECEIVED] 30837949124772@lid: #ping
[2025-11-14T06:08:59.749Z] [RECEIVED] 30837949124772@lid: #pinf
[2025-11-14T06:09:10.562Z] [RECEIVED] 30837949124772@lid: #ttimg https://vm.tiktok.com/ZMA73gj5D/
[2025-11-14T06:09:28.176Z] [RECEIVED] 30837949124772@lid: #tt https://vm.tiktok.com/ZMA73KGyx/
[2025-11-14T06:09:54.282Z] [RECEIVED] 30837949124772@lid: #tt https://vm.tiktok.com/ZMA73gD5s/
[2025-11-14T06:18:44.423Z] [RECEIVED] 30837949124772@lid: #ytvid riosse mevadoler
[2025-11-14T06:18:44.424Z] [RECEIVED] 30837949124772@lid: #yt riosse mevadoler
[2025-11-14T06:21:06.446Z] [RECEIVED] 30837949124772@lid: #ytaud riosse me va a doler
[2025-11-14T06:21:06.446Z] [RECEIVED] 30837949124772@lid: #ytaudio riosse me va a doler
[2025-11-14T07:04:43.169Z] [RECEIVED] 30837949124772@lid: #ping
[2025-11-14T08:06:52.007Z] [RECEIVED] 120363160616746507@g.us: 
[2025-11-14T10:17:00.902Z] [RECEIVED] 120363160616746507@g.us: a ver qlq
[2025-11-14T10:17:44.816Z] [RECEIVED] 120363160616746507@g.us: ufff
[2025-11-14T10:17:48.468Z] [RECEIVED] 120363160616746507@g.us: empieza boombap
[2025-11-14T10:18:05.054Z] [RECEIVED] 120363160616746507@g.us: here we go again 🗣️
[2025-11-14T10:20:53.154Z] [RECEIVED] 120363160616746507@g.us: la voz de elena rose en instinto hacen q parezca musica arabe
[2025-11-14T10:20:59.131Z] [RECEIVED] 120363160616746507@g.us: ta arrecho
[2025-11-14T10:22:17.006Z] [RECEIVED] 120363160616746507@g.us: 
[2025-11-14T10:24:28.033Z] [RECEIVED] 120363160616746507@g.us: olfato 🚬💨
[2025-11-14T10:40:42.588Z] [RECEIVED] 120363160616746507@g.us: veneno
[2025-11-14T10:40:54.633Z] [RECEIVED] 120363160616746507@g.us: (gay, gay, gay, gay) 🗣️🗣️🗣️
[2025-11-14T10:58:03.618Z] [RECEIVED] 120363160616746507@g.us: ⭐⭐⭐
[2025-11-14T12:06:23.063Z] [RECEIVED] status@broadcast: 
[2025-11-14T12:07:28.180Z] [RECEIVED] status@broadcast: 
[2025-11-14T12:19:58.711Z] [RECEIVED] 120363160616746507@g.us: 
[2025-11-14T12:20:03.291Z] [RECEIVED] 120363160616746507@g.us: #smedia
[2025-11-14T13:14:17.304Z] [RECEIVED] status@broadcast: 
[2025-11-14T13:14:26.163Z] [RECEIVED] status@broadcast: 
[2025-11-14T14:43:11.009Z] [RECEIVED] status@broadcast: 
[2025-11-14T14:43:12.148Z] [RECEIVED] status@broadcast: 
[2025-11-14T14:43:14.435Z] [RECEIVED] status@broadcast: 
[2025-11-14T14:43:21.378Z] [RECEIVED] status@broadcast: 
[2025-11-14T14:43:25.579Z] [RECEIVED] status@broadcast: 
[2025-11-14T14:43:28.481Z] [RECEIVED] status@broadcast: 
[2025-11-14T14:43:31.728Z] [RECEIVED] status@broadcast: 
[2025-11-14T14:44:22.590Z] [RECEIVED] status@broadcast: 
[2025-11-14T14:44:24.410Z] [RECEIVED] status@broadcast: 
[2025-11-14T14:44:25.639Z] [RECEIVED] status@broadcast: 
[2025-11-14T14:44:27.214Z] [RECEIVED] status@broadcast: 
[2025-11-14T14:44:28.310Z] [RECEIVED] status@broadcast: 
[2025-11-14T14:44:30.975Z] [RECEIVED] status@broadcast: 
[2025-11-14T14:44:33.832Z] [RECEIVED] status@broadcast: 
[2025-11-14T14:44:36.358Z] [RECEIVED] status@broadcast: 
[2025-11-14T14:44:39.480Z] [RECEIVED] status@broadcast: 
[2025-11-14T14:44:40.646Z] [RECEIVED] status@broadcast: 
[2025-11-14T14:44:41.845Z] [RECEIVED] status@broadcast: 
[2025-11-14T14:44:42.758Z] [RECEIVED] status@broadcast: 
[2025-11-14T14:44:43.613Z] [RECEIVED] status@broadcast: 
[2025-11-14T14:44:46.677Z] [RECEIVED] status@broadcast: 
[2025-11-14T14:44:47.840Z] [RECEIVED] status@broadcast: 
[2025-11-14T14:44:49.544Z] [RECEIVED] status@broadcast: 
[2025-11-14T14:44:52.509Z] [RECEIVED] status@broadcast: 
[2025-11-14T14:45:05.663Z] [RECEIVED] status@broadcast: 
[2025-11-14T14:45:06.998Z] [RECEIVED] status@broadcast: 
[2025-11-14T14:45:08.479Z] [RECEIVED] status@broadcast: 
[2025-11-14T14:45:10.510Z] [RECEIVED] status@broadcast: 
[2025-11-14T14:45:11.558Z] [RECEIVED] status@broadcast: 
[2025-11-14T14:45:12.380Z] [RECEIVED] status@broadcast: 
[2025-11-14T14:45:13.138Z] [RECEIVED] status@broadcast: 
[2025-11-14T14:45:13.960Z] [RECEIVED] status@broadcast: 
[2025-11-14T14:45:20.588Z] [RECEIVED] status@broadcast: 
[2025-11-14T14:45:22.009Z] [RECEIVED] status@broadcast: 
[2025-11-14T14:45:24.132Z] [RECEIVED] status@broadcast: 
[2025-11-14T14:45:25.903Z] [RECEIVED] status@broadcast: 
[2025-11-14T14:45:28.161Z] [RECEIVED] status@broadcast: 
[2025-11-14T14:45:28.947Z] [RECEIVED] status@broadcast: 
[2025-11-14T14:45:29.987Z] [RECEIVED] status@broadcast: 
[2025-11-14T14:45:30.879Z] [RECEIVED] status@broadcast: 
[2025-11-14T14:45:31.828Z] [RECEIVED] status@broadcast: 
[2025-11-14T14:45:34.845Z] [RECEIVED] status@broadcast: 
[2025-11-14T14:51:47.103Z] [RECEIVED] status@broadcast: 
[2025-11-14T15:07:31.510Z] [RECEIVED] status@broadcast: 
[2025-11-14T15:08:12.645Z] [RECEIVED] status@broadcast: 
[2025-11-14T15:39:35.633Z] [RECEIVED] status@broadcast: 
[2025-11-14T15:39:35.633Z] [RECEIVED] status@broadcast: 
[2025-11-14T15:40:06.715Z] [RECEIVED] status@broadcast: 
[2025-11-14T15:40:12.888Z] [RECEIVED] 120363387470929207@g.us: #ping
[2025-11-14T15:40:20.093Z] [RECEIVED] 120363387470929207@g.us: #ping
[2025-11-14T15:40:31.160Z] [RECEIVED] 120363387470929207@g.us: #reel https://www.instagram.com/reel/DObRTvPEXqU/?igsh=dHJscGM1cjV5amJs
[2025-11-14T15:40:56.307Z] [RECEIVED] 120363387470929207@g.us: 
[2025-11-14T15:40:56.639Z] [RECEIVED] 120363387470929207@g.us: 
[2025-11-14T15:41:11.256Z] [RECEIVED] 120363387470929207@g.us: #reel https://www.instagram.com/reel/DObRTvPEXqU/?igsh=dHJscGM1cjV5amJs
[2025-11-14T15:41:34.850Z] [RECEIVED] 120363387470929207@g.us: MALDITA LUZ HIJUEPUTA
[2025-11-14T15:41:45.149Z] [RECEIVED] 120363387470929207@g.us: me va a quemar la computadora
[2025-11-14T15:42:04.075Z] [RECEIVED] 120363387470929207@g.us: 
[2025-11-14T15:42:14.122Z] [RECEIVED] 120363387470929207@g.us: Que maldito temazo
[2025-11-14T15:42:14.196Z] [RECEIVED] status@broadcast: 
[2025-11-14T15:42:14.286Z] [RECEIVED] 120363387470929207@g.us: 
[2025-11-14T15:42:15.248Z] [RECEIVED] 120363387470929207@g.us: Su papá es chavista que se queja
[2025-11-14T15:42:25.379Z] [RECEIVED] 120363387470929207@g.us: Que tenia q ver
[2025-11-14T15:42:27.679Z] [RECEIVED] 120363387470929207@g.us: JAJSKAKSAKSK
[2025-11-14T15:42:30.908Z] [RECEIVED] 120363387470929207@g.us: 
[2025-11-14T15:42:42.960Z] [RECEIVED] 120363387470929207@g.us: es q había q decir algo pa no dejarme hablando solito
[2025-11-14T15:42:46.767Z] [RECEIVED] 120363387470929207@g.us: 
[2025-11-14T15:42:47.877Z] [RECEIVED] 120363387470929207@g.us: 
[2025-11-14T15:43:11.282Z] [RECEIVED] 120363387470929207@g.us: 
[2025-11-14T15:43:14.071Z] [RECEIVED] 120363387470929207@g.us: #smedia
[2025-11-14T15:43:30.195Z] [RECEIVED] 120363387470929207@g.us: 
[2025-11-14T15:43:43.757Z] [RECEIVED] 120363387470929207@g.us: 
[2025-11-14T15:44:12.650Z] [RECEIVED] 120363160616746507@g.us: #ping
[2025-11-14T15:44:20.926Z] [RECEIVED] 30837949124772@lid: #ping
[2025-11-14T15:44:22.428Z] [RECEIVED] 30837949124772@lid: #ping
[2025-11-14T15:44:24.185Z] [RECEIVED] 30837949124772@lid: #ping
[2025-11-14T15:45:03.090Z] [RECEIVED] 120363387470929207@g.us: temazo este
[2025-11-14T15:45:09.744Z] [RECEIVED] 120363387470929207@g.us: #ytaud mevadoler riosse
[2025-11-14T15:45:09.744Z] [RECEIVED] 120363387470929207@g.us: #ytaudio mevadoler riosse
[2025-11-14T15:45:21.764Z] [RECEIVED] 120363387470929207@g.us: Ya lo escuché
[2025-11-14T15:45:26.665Z] [RECEIVED] 120363387470929207@g.us: 
[2025-11-14T15:45:34.574Z] [RECEIVED] 120363387470929207@g.us: 
[2025-11-14T15:46:02.190Z] [RECEIVED] 120363387470929207@g.us: pero no está en spotify
[2025-11-14T15:46:09.163Z] [RECEIVED] 120363387470929207@g.us: a uste le sale?
[2025-11-14T15:46:14.370Z] [RECEIVED] 120363387470929207@g.us: no
[2025-11-14T15:46:17.703Z] [RECEIVED] 120363387470929207@g.us: Pero lo escuché ya
[2025-11-14T15:46:21.309Z] [RECEIVED] 120363387470929207@g.us: 
[2025-11-14T15:46:26.905Z] [RECEIVED] 120363387470929207@g.us: 
[2025-11-14T15:47:42.284Z] [RECEIVED] 120363387470929207@g.us: na sea ni tan marico
[2025-11-14T15:47:44.771Z] [RECEIVED] 120363387470929207@g.us: maldita luz
[2025-11-14T15:47:51.431Z] [RECEIVED] 120363387470929207@g.us: 
[2025-11-14T15:47:56.450Z] [RECEIVED] 120363387470929207@g.us: 
[2025-11-14T15:48:41.230Z] [RECEIVED] 120363387470929207@g.us: El europeo de el dojo soy yo
El partido contra usa de Carlitos arroyo
[2025-11-14T15:48:51.566Z] [RECEIVED] 120363387470929207@g.us: 
[2025-11-14T15:49:45.200Z] [RECEIVED] 120363387470929207@g.us: #ping
[2025-11-14T15:50:45.332Z] [RECEIVED] status@broadcast: 
[2025-11-14T15:51:35.569Z] [RECEIVED] status@broadcast: 
[2025-11-14T15:53:16.769Z] [RECEIVED] status@broadcast: 
[2025-11-14T15:53:27.596Z] [RECEIVED] status@broadcast: 
[2025-11-14T15:53:34.672Z] [RECEIVED] status@broadcast: 
[2025-11-14T17:21:58.201Z] [RECEIVED] 30837949124772@lid: #ping
[2025-11-14T17:21:59.346Z] [RECEIVED] status@broadcast: Formación permanente 
Derecho Especial ( Educación Ambiental)
[2025-11-14T17:22:00.098Z] [RECEIVED] status@broadcast: 
[2025-11-14T17:22:05.064Z] [RECEIVED] 120363160616746507@g.us: nada nada la mierda mala es mala
[2025-11-14T17:22:05.162Z] [RECEIVED] 120363160616746507@g.us: como reciclar prácticamente
[2025-11-14T17:22:22.610Z] [RECEIVED] 120363160616746507@g.us: #ping
[2025-11-14T17:23:36.925Z] [RECEIVED] 120363160616746507@g.us: disco ahora o q
[2025-11-14T17:23:37.700Z] [RECEIVED] 120363160616746507@g.us: habla
[2025-11-14T17:24:54.939Z] [RECEIVED] 120363160616746507@g.us: cual
[2025-11-14T17:28:00.551Z] [RECEIVED] 120363160616746507@g.us: toxicity
[2025-11-14T17:28:19.935Z] [RECEIVED] 120363160616746507@g.us: 
[2025-11-14T17:28:44.269Z] [RECEIVED] 120363160616746507@g.us: 
[2025-11-14T17:33:54.690Z] [RECEIVED] 120363160616746507@g.us: no
[2025-11-14T17:33:59.324Z] [RECEIVED] 120363160616746507@g.us: uno bueno
[2025-11-14T17:34:02.578Z] [RECEIVED] 120363160616746507@g.us: 
[2025-11-14T18:05:00.596Z] [RECEIVED] status@broadcast: 
[2025-11-14T18:08:41.545Z] [RECEIVED] 120363160616746507@g.us: 
[2025-11-14T18:18:02.287Z] [RECEIVED] status@broadcast: *Disponibles por encargo*
[2025-11-14T18:18:06.575Z] [RECEIVED] status@broadcast: 
[2025-11-14T18:18:06.813Z] [RECEIVED] status@broadcast: 
[2025-11-14T18:18:07.064Z] [RECEIVED] status@broadcast: 
[2025-11-14T18:18:19.180Z] [RECEIVED] 120363160616746507@g.us: 
[2025-11-14T18:18:21.211Z] [RECEIVED] 120363160616746507@g.us: 
[2025-11-14T18:18:37.609Z] [RECEIVED] 30837949124772@lid: 
[2025-11-14T18:18:38.752Z] [RECEIVED] 120363160616746507@g.us: 
[2025-11-14T18:18:39.476Z] [RECEIVED] 120363160616746507@g.us: 
[2025-11-14T18:18:39.680Z] [RECEIVED] 30837949124772@lid: #smedia
[2025-11-14T18:19:24.347Z] [RECEIVED] 120363160616746507@g.us: #smedia
[2025-11-14T18:20:31.919Z] [RECEIVED] 120363160616746507@g.us: Bieen
[2025-11-14T18:23:51.055Z] [RECEIVED] status@broadcast: Atepe atepe
[2025-11-14T18:31:10.258Z] [RECEIVED] 120363160616746507@g.us: o sea q ya puedo hacer esto
[2025-11-14T18:31:16.784Z] [RECEIVED] 120363160616746507@g.us: 
[2025-11-14T18:31:21.553Z] [RECEIVED] 120363160616746507@g.us: #smedia
[2025-11-14T18:31:38.594Z] [RECEIVED] 120363160616746507@g.us: JAJAJJAJAJAJAJAJAJ
[2025-11-14T18:31:55.948Z] [RECEIVED] 120363160616746507@g.us: 10 jun
[2025-11-14T18:32:01.630Z] [RECEIVED] 120363160616746507@g.us: pq no se escuchan los gemidos bro
[2025-11-14T18:32:07.800Z] [RECEIVED] 120363160616746507@g.us: 
[2025-11-14T18:35:16.436Z] [RECEIVED] 120363160616746507@g.us: 
[2025-11-14T18:36:28.188Z] [RECEIVED] 120363160616746507@g.us: 
[2025-11-14T18:36:30.025Z] [RECEIVED] 120363160616746507@g.us: let me hear both sides
[2025-11-14T18:36:45.743Z] [RECEIVED] 120363160616746507@g.us: this is really happening
[2025-11-14T18:36:49.534Z] [RECEIVED] 120363160616746507@g.us: el mejor disco de en vivos
[2025-11-14T18:37:00.441Z] [RECEIVED] 120363160616746507@g.us: na
[2025-11-14T18:37:02.906Z] [RECEIVED] 120363160616746507@g.us: el mejor es este
[2025-11-14T18:37:20.638Z] [RECEIVED] 120363160616746507@g.us: apenas he escuchado ese y el de nirvana 🦸‍♂️
[2025-11-14T18:40:33.481Z] [RECEIVED] 120363160616746507@g.us: 
[2025-11-14T18:40:44.957Z] [RECEIVED] 120363160616746507@g.us: tengo q escuchar el de Fishmans
[2025-11-14T18:40:49.467Z] [RECEIVED] 120363160616746507@g.us: dicen q es arrechisimo
[2025-11-14T18:42:33.372Z] [RECEIVED] status@broadcast: 
[2025-11-14T18:50:10.126Z] [RECEIVED] 120363160616746507@g.us: 
[2025-11-14T18:54:23.759Z] [RECEIVED] status@broadcast: 
[2025-11-14T18:54:58.059Z] [RECEIVED] 120363160616746507@g.us: 
[2025-11-14T18:55:22.488Z] [RECEIVED] 120363160616746507@g.us: 
[2025-11-14T18:55:38.265Z] [RECEIVED] 120363160616746507@g.us: 
[2025-11-14T18:57:50.778Z] [RECEIVED] 120363160616746507@g.us: your tiny haaaands
[2025-11-14T18:57:58.750Z] [RECEIVED] 120363160616746507@g.us: your crazy kitten smiiiiiile
[2025-11-14T18:58:02.996Z] [RECEIVED] 120363160616746507@g.us: JUUUUUUUUUUUUUUUUUUST
[2025-11-14T18:58:08.791Z] [RECEIVED] 120363160616746507@g.us: DOOOOOOONT LEAAAAAAAAAAAVE
[2025-11-14T18:58:14.258Z] [RECEIVED] 120363160616746507@g.us: DOOOOOOONT LEAAAAAAVE
[2025-11-14T18:58:18.421Z] [RECEIVED] status@broadcast: Manos de señora casada, elegante, trabajadora y con billete…… 🤎✨
[2025-11-14T18:59:02.773Z] [RECEIVED] 120363160616746507@g.us: hoy o q
[2025-11-14T18:59:20.129Z] [RECEIVED] 120363160616746507@g.us: avisa pa descargarlo temprano
[2025-11-14T19:00:58.719Z] [RECEIVED] 120363160616746507@g.us: descargalo bro
[2025-11-14T19:01:29.677Z] [RECEIVED] 120363160616746507@g.us: ajá
[2025-11-14T19:04:23.042Z] [RECEIVED] 120363160616746507@g.us: 
[2025-11-14T19:04:33.453Z] [RECEIVED] 120363160616746507@g.us: 
[2025-11-14T19:06:46.599Z] [RECEIVED] 30837949124772@lid: #ping
[2025-11-14T19:11:16.878Z] [RECEIVED] status@broadcast: 
[2025-11-14T19:11:26.171Z] [RECEIVED] status@broadcast: 
[2025-11-14T19:11:28.538Z] [RECEIVED] status@broadcast: 
[2025-11-14T19:13:20.963Z] [RECEIVED] 120363160616746507@g.us: 
[2025-11-14T19:13:22.670Z] [RECEIVED] 120363160616746507@g.us: buff
[2025-11-14T19:13:30.474Z] [RECEIVED] 120363160616746507@g.us: los beats no fallan
[2025-11-14T19:17:11.624Z] [RECEIVED] 120363160616746507@g.us: Pa ese esq voy
[2025-11-14T19:22:24.545Z] [RECEIVED] 120363160616746507@g.us: 
[2025-11-14T19:22:59.000Z] [RECEIVED] 120363160616746507@g.us: feid rompe
[2025-11-14T19:25:42.362Z] [RECEIVED] 120363160616746507@g.us: 
[2025-11-14T19:25:46.934Z] [RECEIVED] 120363160616746507@g.us: @30837949124772
[2025-11-14T19:25:49.359Z] [RECEIVED] 120363160616746507@g.us: en el tema con feid supa rima arrecho
[2025-11-14T19:25:56.021Z] [RECEIVED] 120363160616746507@g.us: sisa
[2025-11-14T19:26:05.128Z] [RECEIVED] 120363160616746507@g.us: 
[2025-11-14T19:26:35.704Z] [RECEIVED] 120363160616746507@g.us: .
[2025-11-14T19:26:35.797Z] [RECEIVED] 120363160616746507@g.us: mantengo el sueño vivo y tu soñando
[2025-11-14T19:26:43.092Z] [RECEIVED] 120363160616746507@g.us: 
[2025-11-14T19:27:07.307Z] [RECEIVED] 120363160616746507@g.us: quien es
[2025-11-14T19:27:17.271Z] [RECEIVED] 120363160616746507@g.us: diganle a esa gente q me siga
[2025-11-14T19:27:28.561Z] [RECEIVED] 120363160616746507@g.us: aqui la gente no usa airbuds
[2025-11-14T19:27:37.311Z] [RECEIVED] 120363160616746507@g.us: y como lo siguió o q
[2025-11-14T19:27:47.730Z] [RECEIVED] 120363160616746507@g.us: Ni idea
[2025-11-14T19:27:51.362Z] [RECEIVED] 120363160616746507@g.us: si lo descubrieran se emocionarian pero no tan pendiente de esl
[2025-11-14T19:27:54.682Z] [RECEIVED] 120363160616746507@g.us: Entre y vi q tenía solicitud d ella
[2025-11-14T19:27:57.958Z] [RECEIVED] 120363160616746507@g.us: puro friki
[2025-11-14T19:28:07.260Z] [RECEIVED] 120363160616746507@g.us: 
[2025-11-14T19:28:14.011Z] [RECEIVED] 120363160616746507@g.us: 
[2025-11-14T19:28:18.148Z] [RECEIVED] 120363160616746507@g.us: 
[2025-11-14T19:28:20.376Z] [RECEIVED] 120363160616746507@g.us: allá pura red social de esa normie q sale un mes y luego no la usan más
[2025-11-14T19:28:22.080Z] [RECEIVED] 120363160616746507@g.us: 
[2025-11-14T19:28:44.980Z] [RECEIVED] 120363160616746507@g.us: lince arrechisimo
[2025-11-14T19:29:06.665Z] [RECEIVED] 120363160616746507@g.us: 
[2025-11-14T19:29:22.721Z] [RECEIVED] 120363160616746507@g.us: 
[2025-11-14T19:29:26.867Z] [RECEIVED] 120363160616746507@g.us: 
[2025-11-14T19:29:40.853Z] [RECEIVED] 120363160616746507@g.us: 
[2025-11-14T19:29:47.098Z] [RECEIVED] 120363160616746507@g.us: 
[2025-11-14T19:29:48.862Z] [RECEIVED] 120363160616746507@g.us: mmgvo uste entra en amigos y ahí le recomienda personas
[2025-11-14T19:29:58.376Z] [RECEIVED] 120363160616746507@g.us: como grindr pues
[2025-11-14T19:30:03.088Z] [RECEIVED] 120363160616746507@g.us: 
[2025-11-14T19:30:13.413Z] [RECEIVED] 120363160616746507@g.us: aaaaaaa me hubiera dicho bobo
[2025-11-14T19:30:18.138Z] [RECEIVED] 120363160616746507@g.us: 
[2025-11-14T19:30:31.330Z] [RECEIVED] 120363160616746507@g.us: 
[2025-11-14T19:30:57.274Z] [RECEIVED] 120363160616746507@g.us: no se sabe cuando te toque partir 💆🏿‍♂️
[2025-11-14T19:31:05.310Z] [RECEIVED] 120363160616746507@g.us: pura referencia este bicho
[2025-11-14T19:31:57.250Z] [RECEIVED] 120363160616746507@g.us: bro se autoreferencia 🦸‍♂️
[2025-11-14T19:31:58.240Z] [RECEIVED] 120363160616746507@g.us: sebasgatito
[2025-11-14T19:32:30.172Z] [RECEIVED] 120363160616746507@g.us: mujeres bro... a los hombres ya les mande la solicitud
[2025-11-14T19:32:58.861Z] [RECEIVED] 120363160616746507@g.us: tiene q darle todos
[2025-11-14T19:33:04.584Z] [RECEIVED] 120363160616746507@g.us: pa q ninguno lo acepte igual
[2025-11-14T19:33:07.086Z] [RECEIVED] 120363160616746507@g.us: pero le da pues
[2025-11-14T19:33:11.725Z] [RECEIVED] 120363160616746507@g.us: 
[2025-11-14T19:33:42.644Z] [RECEIVED] 120363160616746507@g.us: 
[2025-11-14T19:33:50.002Z] [RECEIVED] 120363160616746507@g.us: 
[2025-11-14T19:34:33.190Z] [RECEIVED] 120363160616746507@g.us: 
[2025-11-14T19:35:35.407Z] [RECEIVED] 120363160616746507@g.us: veneno temazo
[2025-11-14T19:36:08.960Z] [RECEIVED] 120363160616746507@g.us: pero abusa de referencias
[2025-11-14T19:36:11.623Z] [RECEIVED] 120363160616746507@g.us: kike
[2025-11-14T19:36:31.710Z] [RECEIVED] 120363160616746507@g.us: q escucha zoe?
[2025-11-14T19:36:33.775Z] [RECEIVED] 120363160616746507@g.us: habla
[2025-11-14T19:36:37.523Z] [RECEIVED] 120363160616746507@g.us: quien es esa gente
[2025-11-14T19:36:37.788Z] [RECEIVED] 120363160616746507@g.us: tarantino nanana asesino nanana de niro
[2025-11-14T19:36:42.872Z] [RECEIVED] 120363160616746507@g.us: son de socopo?
[2025-11-14T19:36:43.811Z] [RECEIVED] 120363160616746507@g.us: cual es esa
[2025-11-14T19:36:50.812Z] [RECEIVED] 120363160616746507@g.us: ninguno son de socopó JAJAJAJ
[2025-11-14T19:36:56.724Z] [RECEIVED] 120363160616746507@g.us: sapegato
[2025-11-14T19:36:56.735Z] [RECEIVED] 120363160616746507@g.us: es
[2025-11-14T19:37:09.758Z] [RECEIVED] 120363160616746507@g.us: jajajjj
[2025-11-14T19:37:55.263Z] [RECEIVED] 120363160616746507@g.us: habla
[2025-11-14T19:38:01.582Z] [RECEIVED] 120363387470929207@g.us: #reel https://www.instagram.com/reel/DNDUhnwOvCK/?igsh=MWd0NzRiaDU2bmNlYQ==
[2025-11-14T19:38:03.908Z] [RECEIVED] 120363160616746507@g.us: son mexicanos la mayoría
[2025-11-14T19:39:30.983Z] [RECEIVED] 120363160616746507@g.us: a mi me sale q escuchar cas, mac de marco, sinatra y childish gambino
[2025-11-14T19:40:04.794Z] [RECEIVED] status@broadcast: 
[2025-11-14T19:40:26.804Z] [RECEIVED] 30837949124772@lid: #reel https://www.instagram.com/reel/DNDUhnwOvCK/?igsh=MWd0NzRiaDU2bmNlYQ==
[2025-11-14T19:40:55.189Z] [RECEIVED] status@broadcast: 
[2025-11-14T19:40:56.680Z] [RECEIVED] 120363160616746507@g.us: y como les llegaron a esa gente
[2025-11-14T19:41:02.922Z] [RECEIVED] 120363160616746507@g.us: a traves de q redes
[2025-11-14T19:41:09.323Z] [RECEIVED] 120363160616746507@g.us: WhatsApp
[2025-11-14T19:41:13.217Z] [RECEIVED] 120363160616746507@g.us: sapegato
[2025-11-14T19:41:15.005Z] [RECEIVED] 120363160616746507@g.us: como
[2025-11-14T19:41:29.282Z] [RECEIVED] 120363160616746507@g.us: pues así
[2025-11-14T19:41:39.421Z] [RECEIVED] 120363160616746507@g.us: pero como whatsapp
[2025-11-14T19:41:41.051Z] [RECEIVED] 120363160616746507@g.us: así pues
[2025-11-14T19:41:50.433Z] [RECEIVED] 120363160616746507@g.us: q si un grupo de minecraft o q jajajjaja
[2025-11-14T19:42:02.438Z] [RECEIVED] 120363160616746507@g.us: eso
[2025-11-14T19:42:08.439Z] [RECEIVED] 120363160616746507@g.us: bueno yo sí
[2025-11-14T19:42:17.951Z] [RECEIVED] 120363160616746507@g.us: y por uno de nsqk
[2025-11-14T19:42:19.331Z] [RECEIVED] 120363160616746507@g.us: 
[2025-11-14T19:42:31.623Z] [RECEIVED] 120363160616746507@g.us: por eso son mexicanos
[2025-11-14T19:42:37.403Z] [RECEIVED] 120363160616746507@g.us: 
[2025-11-14T19:42:48.554Z] [RECEIVED] 120363160616746507@g.us: 
[2025-11-14T19:43:13.274Z] [RECEIVED] 120363160616746507@g.us: 
[2025-11-14T19:43:43.416Z] [RECEIVED] 120363160616746507@g.us: 
[2025-11-14T19:44:12.438Z] [RECEIVED] 120363160616746507@g.us: 
[2025-11-14T19:45:08.360Z] [RECEIVED] 120363160616746507@g.us: 
[2025-11-14T19:45:31.201Z] [RECEIVED] 120363160616746507@g.us: 
[2025-11-14T19:46:29.971Z] [RECEIVED] 120363160616746507@g.us: sapegato el tema con dano
[2025-11-14T19:50:47.689Z] [RECEIVED] 120363160616746507@g.us: los ultimos temas chimbos
[2025-11-14T19:50:51.398Z] [RECEIVED] 120363160616746507@g.us: todo electro ahí
[2025-11-14T19:50:58.372Z] [RECEIVED] 120363160616746507@g.us: 
[2025-11-14T19:51:02.209Z] [RECEIVED] 120363160616746507@g.us: igual q en yeyo
[2025-11-14T19:51:19.065Z] [RECEIVED] 120363160616746507@g.us: serio es el único q comienza arriba y ahí se queda
[2025-11-14T19:55:22.071Z] [RECEIVED] 120363160616746507@g.us: Acabo de vender mis usdt
[2025-11-14T19:55:54.052Z] [RECEIVED] 120363160616746507@g.us: Vendí 8,9 usdt y me dieron 12
[2025-11-14T19:55:59.211Z] [RECEIVED] 120363160616746507@g.us: 12 dólares
[2025-11-14T19:56:00.535Z] [RECEIVED] 120363160616746507@g.us: 
[2025-11-14T19:56:05.125Z] [RECEIVED] 120363160616746507@g.us: A BCV
[2025-11-14T19:56:13.154Z] [RECEIVED] 120363160616746507@g.us: 
[2025-11-14T19:59:56.379Z] [RECEIVED] 120363387470929207@g.us: #reel https://www.instagram.com/reel/DOmexMvDu2Q/?igsh=ems1Mjg1YzFxdmls
[2025-11-14T20:15:55.301Z] [RECEIVED] status@broadcast: 
[2025-11-14T20:16:14.063Z] [RECEIVED] status@broadcast: 
[2025-11-14T20:18:37.690Z] [RECEIVED] 120363387470929207@g.us: #post https://www.instagram.com/p/DQzHZ7JEZIk/?igsh=MXR0OWl6Z25sMmJwYQ==
[2025-11-14T20:19:18.800Z] [RECEIVED] 120363387470929207@g.us: Diavlo
[2025-11-14T20:19:51.035Z] [RECEIVED] status@broadcast: 
[2025-11-14T20:25:03.228Z] [RECEIVED] 120363387470929207@g.us: #reel https://www.instagram.com/reel/DQXhYwfgFN8/?igsh=N3h6dDBlMHg4NTI0
[2025-11-14T20:34:41.371Z] [RECEIVED] 120363387470929207@g.us: #tt https://vm.tiktok.com/ZMAvF4pe2/
[2025-11-14T20:34:56.196Z] [RECEIVED] status@broadcast: 
[2025-11-14T20:35:05.498Z] [RECEIVED] status@broadcast: 
[2025-11-14T20:58:37.707Z] [RECEIVED] status@broadcast: 
[2025-11-14T21:50:08.208Z] [RECEIVED] 30837949124772@lid: #ping
[2025-11-14T21:50:21.194Z] [RECEIVED] 30837949124772@lid: #reel https://www.instagram.com/reel/DNDUhnwOvCK/?igsh=MWd0NzRiaDU2bmNlYQ==
[2025-11-14T21:50:42.273Z] [RECEIVED] 30837949124772@lid: #post https://www.instagram.com/reel/DQXhYwfgFN8/?igsh=N3h6dDBlMHg4NTI0
[2025-11-14T21:54:01.317Z] [RECEIVED] 120363160616746507@g.us: eso me lo gano yo pidiendo en el puente un día
[2025-11-14T21:54:04.966Z] [RECEIVED] 120363160616746507@g.us: 
[2025-11-14T21:54:08.168Z] [RECEIVED] 120363160616746507@g.us: 
[2025-11-14T21:56:27.304Z] [RECEIVED] 120363160616746507@g.us: https://www.reddit.com/r/KingCrimson/s/TA53aCw91O
[2025-11-14T22:26:10.101Z] [RECEIVED] status@broadcast: 
[2025-11-14T22:28:54.532Z] [RECEIVED] 30837949124772@lid: #reel https://www.instagram.com/reel/DPlnSOwDAqR/?igsh=em9tdWFlN3ZzMTFp
[2025-11-14T22:29:34.574Z] [RECEIVED] 120363387470929207@g.us: #reel https://www.instagram.com/reel/DPlnSOwDAqR/?igsh=em9tdWFlN3ZzMTFp
[2025-11-14T22:33:58.376Z] [RECEIVED] status@broadcast: 
[2025-11-14T22:40:51.244Z] [RECEIVED] status@broadcast: 
[2025-11-14T22:44:50.596Z] [RECEIVED] 120363387470929207@g.us: 
[2025-11-14T22:44:52.497Z] [RECEIVED] 120363387470929207@g.us: #s
[2025-11-14T23:00:52.235Z] [RECEIVED] status@broadcast: 
[2025-11-14T23:21:11.701Z] [RECEIVED] 120363160616746507@g.us: habla
[2025-11-14T23:21:15.605Z] [RECEIVED] 120363160616746507@g.us: ya va
[2025-11-14T23:21:17.368Z] [RECEIVED] status@broadcast: Esa portada es cultura general
[2025-11-14T23:21:18.687Z] [RECEIVED] 120363160616746507@g.us: repetitivo pq es bueno
[2025-11-14T23:21:19.594Z] [RECEIVED] 120363160616746507@g.us: me voy a bañar
[2025-11-14T23:21:46.208Z] [RECEIVED] 120363160616746507@g.us: si la mayoria de la musica se basa en la repeticion
[2025-11-14T23:21:54.752Z] [RECEIVED] 120363160616746507@g.us: 
[2025-11-14T23:22:07.760Z] [RECEIVED] 120363160616746507@g.us: do re fa
do re fa
do re fa
do re fa
[2025-11-14T23:23:18.669Z] [RECEIVED] 120363160616746507@g.us: 
[2025-11-14T23:28:06.724Z] [RECEIVED] 30837949124772@lid: #reel https://www.instagram.com/reel/DLFVBuvN8Z2/?igsh=MW01Z3FmZTZldXV3Ng==
[2025-11-14T23:51:51.844Z] [RECEIVED] 120363160616746507@g.us: habla
[2025-11-14T23:51:54.713Z] [RECEIVED] 120363160616746507@g.us: pajuo
[2025-11-15T00:00:11.016Z] [RECEIVED] status@broadcast: 
[2025-11-15T00:01:40.559Z] [RECEIVED] status@broadcast: 
[2025-11-15T00:14:49.200Z] [RECEIVED] 120363160616746507@g.us: 
[2025-11-15T00:15:30.246Z] [RECEIVED] 120363160616746507@g.us: maldito pq no avisó temprano entonces
[2025-11-15T00:15:31.282Z] [RECEIVED] 120363160616746507@g.us: basura
[2025-11-15T00:15:45.774Z] [RECEIVED] 30837949124772@lid: #ping
[2025-11-15T00:20:20.041Z] [RECEIVED] 120363160616746507@g.us: habla
[2025-11-15T00:20:29.152Z] [RECEIVED] 120363160616746507@g.us: parasito
[2025-11-15T00:20:32.857Z] [RECEIVED] 120363160616746507@g.us: ajá
[2025-11-15T00:20:33.860Z] [RECEIVED] 120363160616746507@g.us: ya va
[2025-11-15T00:20:59.259Z] [RECEIVED] 120363160616746507@g.us: 
[2025-11-15T00:25:00.982Z] [RECEIVED] 120363160616746507@g.us: toy comiendo
[2025-11-15T00:35:24.705Z] [RECEIVED] 120363160616746507@g.us: habla
[2025-11-15T00:35:40.534Z] [RECEIVED] 120363160616746507@g.us: aja
[2025-11-15T00:35:50.641Z] [RECEIVED] 120363160616746507@g.us: habla
[2025-11-15T00:35:58.280Z] [RECEIVED] 120363160616746507@g.us: avisa
[2025-11-15T00:36:02.391Z] [RECEIVED] 120363160616746507@g.us: aja
[2025-11-15T00:36:03.648Z] [RECEIVED] 120363160616746507@g.us: voy
[2025-11-15T00:36:19.380Z] [RECEIVED] 120363160616746507@g.us: 
[2025-11-15T00:36:21.454Z] [RECEIVED] 120363160616746507@g.us: 
[2025-11-15T00:37:17.951Z] [RECEIVED] 120363160616746507@g.us: 
[2025-11-15T00:37:33.816Z] [RECEIVED] 120363160616746507@g.us: 
[2025-11-15T00:37:51.670Z] [RECEIVED] 120363160616746507@g.us: 
[2025-11-15T00:38:08.185Z] [RECEIVED] 120363160616746507@g.us: le tengo 4 a este
[2025-11-15T00:38:15.038Z] [RECEIVED] 120363160616746507@g.us: igual
[2025-11-15T00:38:35.930Z] [RECEIVED] 120363160616746507@g.us: 
[2025-11-15T00:39:14.951Z] [RECEIVED] 120363160616746507@g.us: 
[2025-11-15T00:39:23.352Z] [RECEIVED] 120363160616746507@g.us: 
[2025-11-15T00:40:13.381Z] [RECEIVED] 120363160616746507@g.us: ?
[2025-11-15T00:40:19.192Z] [RECEIVED] 120363160616746507@g.us: 
[2025-11-15T00:40:19.554Z] [RECEIVED] 120363160616746507@g.us: es q vinculó soundcloud con airbuds o q
[2025-11-15T00:40:24.463Z] [RECEIVED] 120363160616746507@g.us: claro
[2025-11-15T00:40:47.173Z] [RECEIVED] 120363160616746507@g.us: pero se puede tener spotify y soundcloud?
[2025-11-15T00:41:05.652Z] [RECEIVED] 120363160616746507@g.us: spotify como principal y el resto nada mas las cuenta
[2025-11-15T00:41:08.285Z] [RECEIVED] 120363160616746507@g.us: creo
[2025-11-15T00:41:21.975Z] [RECEIVED] 120363160616746507@g.us: o bueno no
[2025-11-15T00:41:29.013Z] [RECEIVED] 120363160616746507@g.us: pq si no no saliese
[2025-11-15T00:41:41.382Z] [RECEIVED] 120363160616746507@g.us: 
[2025-11-15T00:41:48.354Z] [RECEIVED] 120363160616746507@g.us: q arrecha esta mrd
[2025-11-15T00:41:51.421Z] [RECEIVED] 120363160616746507@g.us: las percs
[2025-11-15T00:42:05.804Z] [RECEIVED] 120363160616746507@g.us: experimental
[2025-11-15T00:42:22.896Z] [RECEIVED] 120363160616746507@g.us: a mi me salen
[2025-11-15T00:43:23.889Z] [RECEIVED] 120363160616746507@g.us: 
[2025-11-15T00:43:27.314Z] [RECEIVED] 120363160616746507@g.us: 
[2025-11-15T00:43:40.002Z] [RECEIVED] 120363160616746507@g.us: yo digo en el feed
[2025-11-15T00:43:51.308Z] [RECEIVED] 120363160616746507@g.us: también me alaio
[2025-11-15T00:43:52.618Z] [RECEIVED] 120363160616746507@g.us: slaio
[2025-11-15T00:43:54.926Z] [RECEIVED] 120363160616746507@g.us: salió
[2025-11-15T00:43:55.619Z] [RECEIVED] 120363160616746507@g.us: aaaa
[2025-11-15T00:44:24.549Z] [RECEIVED] 120363160616746507@g.us: entonces pq esa mrd pone y q pa elegir a una como principal si todas la toma por igual
[2025-11-15T00:44:26.137Z] [RECEIVED] 120363160616746507@g.us: sapegato
[2025-11-15T00:45:17.031Z] [RECEIVED] 120363160616746507@g.us: quien sabe bro
[2025-11-15T00:45:19.736Z] [RECEIVED] 120363160616746507@g.us: yo no sé la verdad
[2025-11-15T00:45:26.992Z] [RECEIVED] 120363160616746507@g.us: tienen q añadir samsung music 🦸‍♂️
[2025-11-15T00:45:33.539Z] [RECEIVED] 120363160616746507@g.us: china
[2025-11-15T00:45:33.814Z] [RECEIVED] 120363160616746507@g.us: 
[2025-11-15T00:45:36.886Z] [RECEIVED] 120363160616746507@g.us: lark player
[2025-11-15T00:45:49.678Z] [RECEIVED] 120363160616746507@g.us: 
[2025-11-15T00:46:25.093Z] [RECEIVED] 120363160616746507@g.us: toy viendo el top 100 de rym of all time y cada vez nos quedan menos
[2025-11-15T00:46:53.862Z] [RECEIVED] 120363160616746507@g.us: cuantos
[2025-11-15T00:47:02.966Z] [RECEIVED] 120363160616746507@g.us: voy a hacer la cuenta
[2025-11-15T00:47:57.161Z] [RECEIVED] 120363160616746507@g.us: 
[2025-11-15T00:48:22.422Z] [RECEIVED] 120363160616746507@g.us: 48/100
[2025-11-15T00:48:45.577Z] [RECEIVED] 120363160616746507@g.us: pero yo he escuchado vainas q ud no y viceversa
[2025-11-15T00:48:53.176Z] [RECEIVED] 120363160616746507@g.us: por eso
[2025-11-15T00:48:54.896Z] [RECEIVED] 120363160616746507@g.us: tpab
[2025-11-15T00:48:57.909Z] [RECEIVED] 120363160616746507@g.us: yo conté las mías
[2025-11-15T00:49:13.352Z] [RECEIVED] 120363160616746507@g.us: uste debe llevar q si 2 más y ya
[2025-11-15T00:49:15.133Z] [RECEIVED] 120363160616746507@g.us: o 3
[2025-11-15T00:49:47.310Z] [RECEIVED] 120363160616746507@g.us: book
[2025-11-15T00:50:52.121Z] [RECEIVED] 120363160616746507@g.us: 49/100
[2025-11-15T00:50:59.688Z] [RECEIVED] 120363160616746507@g.us: ve
[2025-11-15T00:51:36.238Z] [RECEIVED] 120363160616746507@g.us: 
[2025-11-15T00:51:40.928Z] [RECEIVED] 120363160616746507@g.us: hay q meterle a los de my bloody valentine
[2025-11-15T00:51:49.137Z] [RECEIVED] 120363160616746507@g.us: los más gays
[2025-11-15T00:51:55.648Z] [RECEIVED] 120363160616746507@g.us: los beatles son menos gay q eso
[2025-11-15T00:52:00.347Z] [RECEIVED] 120363160616746507@g.us: david bowie
[2025-11-15T00:52:16.757Z] [RECEIVED] 120363160616746507@g.us: el de starman es un discazo
[2025-11-15T00:52:23.862Z] [RECEIVED] 120363160616746507@g.us: del top ya le metí a revolver
[2025-11-15T00:52:30.997Z] [RECEIVED] 120363160616746507@g.us: me acuerdo q me gustó cuando empecé a meterle a albumes
[2025-11-15T00:52:39.100Z] [RECEIVED] 120363160616746507@g.us: exiles
[2025-11-15T00:52:39.414Z] [RECEIVED] 120363160616746507@g.us: exiles
[2025-11-15T00:52:42.178Z] [RECEIVED] 120363160616746507@g.us: la mejor
[2025-11-15T00:52:50.363Z] [RECEIVED] 120363160616746507@g.us: esta y easy money
[2025-11-15T00:52:51.662Z] [RECEIVED] 120363160616746507@g.us: ah. no
[2025-11-15T00:52:54.237Z] [RECEIVED] 120363160616746507@g.us: es easy money
[2025-11-15T00:53:06.067Z] [RECEIVED] status@broadcast: 
[2025-11-15T00:53:22.385Z] [RECEIVED] status@broadcast: La gente votando, ya sabes es fácil ingresa a premios potencia 2025 le das click, se abre la pestaña...
[2025-11-15T00:53:26.830Z] [RECEIVED] 120363160616746507@g.us: easy money con los sonidos
[2025-11-15T00:53:27.141Z] [RECEIVED] 120363160616746507@g.us: es el más hablado
[2025-11-15T00:53:33.993Z] [RECEIVED] status@broadcast: La gente votando, ya sabes es fácil ingresa a premios potencia 2025 le das click, se abre la pestaña...
[2025-11-15T00:53:34.169Z] [RECEIVED] 120363160616746507@g.us: empaquetando algo y riendose
[2025-11-15T00:53:51.923Z] [RECEIVED] status@broadcast: 
[2025-11-15T00:54:16.956Z] [RECEIVED] 120363160616746507@g.us: 
[2025-11-15T00:54:38.858Z] [RECEIVED] 120363160616746507@g.us: 
[2025-11-15T00:54:44.760Z] [RECEIVED] 120363160616746507@g.us: maldita sea
[2025-11-15T00:54:53.759Z] [RECEIVED] 120363160616746507@g.us: ajuro le voy a subir la nota
[2025-11-15T00:54:58.777Z] [RECEIVED] 120363160616746507@g.us: al mismo nivel q islands
[2025-11-15T00:55:01.409Z] [RECEIVED] 120363160616746507@g.us: 
[2025-11-15T00:55:09.526Z] [RECEIVED] 120363160616746507@g.us: na
[2025-11-15T00:55:23.113Z] [RECEIVED] 120363160616746507@g.us: island es más movidito
[2025-11-15T00:55:34.699Z] [RECEIVED] 120363160616746507@g.us: island es mas romantico
[2025-11-15T00:55:54.974Z] [RECEIVED] 120363160616746507@g.us: vease el video de 20 mins sobre king crimson que mande haxe como dos meses
[2025-11-15T00:56:02.971Z] [RECEIVED] 120363160616746507@g.us: 
[2025-11-15T00:56:06.172Z] [RECEIVED] 120363160616746507@g.us: 
[2025-11-15T00:56:38.729Z] [RECEIVED] 120363160616746507@g.us: es de gino saico
[2025-11-15T00:56:44.181Z] [RECEIVED] 120363160616746507@g.us: pa q lo busque en yt ps
[2025-11-15T00:57:51.026Z] [RECEIVED] 120363160616746507@g.us: mierda
[2025-11-15T00:57:56.462Z] [RECEIVED] 120363160616746507@g.us: eno tiene un disco de art rock
[2025-11-15T00:58:30.842Z] [RECEIVED] 120363160616746507@g.us: ese bicho es instrumentista
[2025-11-15T00:58:32.717Z] [RECEIVED] 120363160616746507@g.us: y ta alto
[2025-11-15T00:58:41.107Z] [RECEIVED] 120363160616746507@g.us: si tiene hasta vainqs postpunk
[2025-11-15T00:58:41.508Z] [RECEIVED] 120363160616746507@g.us: 4.01
[2025-11-15T01:00:02.685Z] [RECEIVED] 120363160616746507@g.us: temazo
[2025-11-15T01:00:05.270Z] [RECEIVED] 120363160616746507@g.us: sisa
[2025-11-15T01:00:09.129Z] [RECEIVED] 120363160616746507@g.us: se viene
[2025-11-15T01:00:17.605Z] [RECEIVED] 120363160616746507@g.us: 
[2025-11-15T01:00:19.539Z] [RECEIVED] 120363160616746507@g.us: easy money
[2025-11-15T01:00:46.357Z] [RECEIVED] 120363160616746507@g.us: la campana
[2025-11-15T01:01:55.241Z] [RECEIVED] 120363160616746507@g.us: 
[2025-11-15T01:02:04.149Z] [RECEIVED] 120363160616746507@g.us: 
[2025-11-15T01:02:10.732Z] [RECEIVED] 120363160616746507@g.us: los drums
[2025-11-15T01:02:13.394Z] [RECEIVED] 120363160616746507@g.us: full swing
[2025-11-15T01:02:16.355Z] [RECEIVED] 120363160616746507@g.us: 
[2025-11-15T01:02:39.177Z] [RECEIVED] 120363160616746507@g.us: 
[2025-11-15T01:02:47.396Z] [RECEIVED] 120363160616746507@g.us: aqui
[2025-11-15T01:03:10.570Z] [RECEIVED] 120363160616746507@g.us: 
[2025-11-15T01:03:14.104Z] [RECEIVED] 120363160616746507@g.us: 
[2025-11-15T01:04:24.529Z] [RECEIVED] 120363160616746507@g.us: las portadas de estos bichos tmb van de acorde a los discos
[2025-11-15T01:05:05.723Z] [RECEIVED] 120363160616746507@g.us: 
[2025-11-15T01:05:08.266Z] [RECEIVED] 120363160616746507@g.us: pq
[2025-11-15T01:05:18.667Z] [RECEIVED] 120363160616746507@g.us: mmgv igual q radiohead
[2025-11-15T01:05:27.824Z] [RECEIVED] 120363160616746507@g.us: q el disco suena a la portada
[2025-11-15T01:05:36.379Z] [RECEIVED] 120363160616746507@g.us: no vale
[2025-11-15T01:05:44.084Z] [RECEIVED] 120363160616746507@g.us: 
[2025-11-15T01:05:45.718Z] [RECEIVED] 120363160616746507@g.us: este disco no suena a un maldito sol así
[2025-11-15T01:06:02.890Z] [RECEIVED] 120363160616746507@g.us: claro q si maldito mmgv
[2025-11-15T01:06:08.553Z] [RECEIVED] 120363160616746507@g.us: la experimentacion
[2025-11-15T01:06:10.332Z] [RECEIVED] 120363160616746507@g.us: las percs
[2025-11-15T01:06:15.108Z] [RECEIVED] 120363160616746507@g.us: 
[2025-11-15T01:06:16.481Z] [RECEIVED] 120363160616746507@g.us: 
[2025-11-15T01:06:21.811Z] [RECEIVED] 120363160616746507@g.us: 
[2025-11-15T01:06:24.369Z] [RECEIVED] 120363160616746507@g.us: 
[2025-11-15T01:06:27.182Z] [RECEIVED] 120363160616746507@g.us: 
[2025-11-15T01:06:41.732Z] [RECEIVED] 120363160616746507@g.us: 
[2025-11-15T01:06:44.421Z] [RECEIVED] 120363160616746507@g.us: 
[2025-11-15T01:07:14.040Z] [RECEIVED] 120363160616746507@g.us: 
[2025-11-15T01:07:14.377Z] [RECEIVED] 120363160616746507@g.us: después de este otro o q
[2025-11-15T01:07:17.607Z] [RECEIVED] 120363160616746507@g.us: 
[2025-11-15T01:07:27.353Z] [RECEIVED] 120363160616746507@g.us: cual
[2025-11-15T01:07:34.994Z] [RECEIVED] 120363160616746507@g.us: no sé
[2025-11-15T01:07:46.709Z] [RECEIVED] status@broadcast: 
[2025-11-15T01:08:00.450Z] [RECEIVED] 120363160616746507@g.us: 🦸‍♂️
[2025-11-15T01:08:05.680Z] [RECEIVED] 120363160616746507@g.us: voy a ver en el top 100
[2025-11-15T01:08:07.352Z] [RECEIVED] status@broadcast: 
[2025-11-15T01:08:12.894Z] [RECEIVED] 120363160616746507@g.us: yo veo
[2025-11-15T01:08:19.170Z] [RECEIVED] 120363160616746507@g.us: dejame a mi
[2025-11-15T01:08:21.838Z] [RECEIVED] 120363160616746507@g.us: yo porfa dejame
[2025-11-15T01:08:31.330Z] [RECEIVED] 120363160616746507@g.us: el de bowie digo yo
[2025-11-15T01:08:39.350Z] [RECEIVED] 120363160616746507@g.us: 
[2025-11-15T01:08:58.354Z] [RECEIVED] 120363160616746507@g.us: #smedia
[2025-11-15T01:09:06.984Z] [RECEIVED] 120363160616746507@g.us: #s
[2025-11-15T01:09:32.633Z] [RECEIVED] 120363160616746507@g.us: 
[2025-11-15T01:09:38.152Z] [RECEIVED] 120363160616746507@g.us: no habia tambor
[2025-11-15T01:09:59.965Z] [RECEIVED] status@broadcast: Cañi y yo siempre colocándonos la 10
[2025-11-15T01:10:02.396Z] [RECEIVED] 120363160616746507@g.us: discovery de daft punk o q
[2025-11-15T01:10:08.503Z] [RECEIVED] 120363160616746507@g.us: cuanto dura
[2025-11-15T01:10:17.224Z] [RECEIVED] 120363160616746507@g.us: 1h
[2025-11-15T01:10:18.247Z] [RECEIVED] status@broadcast: Desparramando billete
[2025-11-15T01:10:26.901Z] [RECEIVED] 120363160616746507@g.us: bofff no se
[2025-11-15T01:10:29.658Z] [RECEIVED] status@broadcast: 
[2025-11-15T01:10:42.898Z] [RECEIVED] status@broadcast: 👨🏽‍🌾
[2025-11-15T01:10:58.493Z] [RECEIVED] 120363160616746507@g.us: temprano
[2025-11-15T01:11:03.842Z] [RECEIVED] 120363160616746507@g.us: un disco corto
[2025-11-15T01:11:16.896Z] [RECEIVED] 120363160616746507@g.us: mmgv el lunes voy a tar como un enfermo
[2025-11-15T01:11:21.443Z] [RECEIVED] 120363160616746507@g.us: aparte es semana de examenes
[2025-11-15T01:11:22.776Z] [RECEIVED] 120363160616746507@g.us: abbey road
[2025-11-15T01:11:29.382Z] [RECEIVED] 120363160616746507@g.us: no nada
[2025-11-15T01:11:29.947Z] [RECEIVED] 120363160616746507@g.us: cuanto
[2025-11-15T01:11:42.246Z] [RECEIVED] 120363160616746507@g.us: ese es largo tmb
[2025-11-15T01:12:03.172Z] [RECEIVED] 120363160616746507@g.us: 47
[2025-11-15T01:12:08.964Z] [RECEIVED] 120363160616746507@g.us: aaa
[2025-11-15T01:12:15.674Z] [RECEIVED] 120363160616746507@g.us: pero pille esto
[2025-11-15T01:12:18.527Z] [RECEIVED] 120363160616746507@g.us: a ver si quiere
[2025-11-15T01:12:22.114Z] [RECEIVED] 120363160616746507@g.us: q
[2025-11-15T01:12:26.308Z] [RECEIVED] status@broadcast: 
[2025-11-15T01:12:31.102Z] [RECEIVED] status@broadcast: 
[2025-11-15T01:12:40.521Z] [RECEIVED] 120363160616746507@g.us: 
[2025-11-15T01:12:43.294Z] [RECEIVED] 120363160616746507@g.us: 37
[2025-11-15T01:13:00.101Z] [RECEIVED] 120363160616746507@g.us: ese taba viendo
[2025-11-15T01:13:04.640Z] [RECEIVED] 120363160616746507@g.us: pero a q suena esa mierda
[2025-11-15T01:13:07.524Z] [RECEIVED] 120363160616746507@g.us: baroque pop
[2025-11-15T01:13:18.049Z] [RECEIVED] 120363160616746507@g.us: los beatles super exagerado
[2025-11-15T01:13:37.870Z] [RECEIVED] 120363160616746507@g.us: si es baroque es pq es maximalista ps
[2025-11-15T01:13:57.612Z] [RECEIVED] 120363160616746507@g.us: ese pues
[2025-11-15T01:14:02.229Z] [RECEIVED] 120363160616746507@g.us: aja
[2025-11-15T01:14:54.002Z] [RECEIVED] status@broadcast: 
[2025-11-15T01:14:55.362Z] [RECEIVED] status@broadcast: 
[2025-11-15T01:15:40.779Z] [RECEIVED] 120363160616746507@g.us: part two
[2025-11-15T01:15:45.484Z] [RECEIVED] 120363160616746507@g.us: aja
[2025-11-15T01:16:37.294Z] [RECEIVED] 120363160616746507@g.us: 
[2025-11-15T01:20:32.798Z] [RECEIVED] 120363160616746507@g.us: 
[2025-11-15T01:20:47.415Z] [RECEIVED] status@broadcast: 
[2025-11-15T01:21:03.311Z] [RECEIVED] status@broadcast: 
[2025-11-15T01:21:59.418Z] [RECEIVED] 120363160616746507@g.us: ya lo descargué
[2025-11-15T01:22:10.013Z] [RECEIVED] 120363160616746507@g.us: igual
[2025-11-15T01:22:57.048Z] [RECEIVED] 120363160616746507@g.us: aja
[2025-11-15T01:23:01.933Z] [RECEIVED] 120363160616746507@g.us: parla
[2025-11-15T01:23:42.164Z] [RECEIVED] status@broadcast: 
[2025-11-15T01:23:43.689Z] [RECEIVED] status@broadcast: 
[2025-11-15T01:23:50.455Z] [RECEIVED] 120363160616746507@g.us: ya va
[2025-11-15T01:25:10.297Z] [RECEIVED] 120363160616746507@g.us: ajá
[2025-11-15T01:25:16.265Z] [RECEIVED] status@broadcast: 
[2025-11-15T01:25:27.557Z] [RECEIVED] 120363160616746507@g.us: aja
[2025-11-15T01:25:35.654Z] [RECEIVED] 120363160616746507@g.us: avisa
[2025-11-15T01:25:39.297Z] [RECEIVED] 120363160616746507@g.us: aja
[2025-11-15T01:25:40.564Z] [RECEIVED] 120363160616746507@g.us: voy
[2025-11-15T01:25:43.727Z] [RECEIVED] 120363160616746507@g.us: el hit
[2025-11-15T01:26:05.644Z] [RECEIVED] 120363160616746507@g.us: 
[2025-11-15T01:26:28.237Z] [RECEIVED] status@broadcast: 
[2025-11-15T01:26:39.928Z] [RECEIVED] 120363160616746507@g.us: este suena en mi peque ño angelito
[2025-11-15T01:27:28.856Z] [RECEIVED] 120363160616746507@g.us: 
[2025-11-15T01:27:34.467Z] [RECEIVED] 120363160616746507@g.us: 
[2025-11-15T01:27:41.057Z] [RECEIVED] status@broadcast: 
[2025-11-15T01:28:16.565Z] [RECEIVED] 120363160616746507@g.us: you
[2025-11-15T01:28:31.899Z] [RECEIVED] status@broadcast: 
[2025-11-15T01:28:50.627Z] [RECEIVED] 120363160616746507@g.us: 
[2025-11-15T01:30:40.635Z] [RECEIVED] 120363160616746507@g.us: coño no ta mal
[2025-11-15T01:30:50.981Z] [RECEIVED] 120363160616746507@g.us: lo q pasa es q acabamos de escuchar crimson ps
[2025-11-15T01:30:53.709Z] [RECEIVED] 120363160616746507@g.us: muy gay ese
[2025-11-15T01:31:00.916Z] [RECEIVED] 120363160616746507@g.us: también
[2025-11-15T01:31:15.956Z] [RECEIVED] 120363160616746507@g.us: ta la vara muy alta ps como un webo paraisimo ps
[2025-11-15T01:31:29.090Z] [RECEIVED] 120363160616746507@g.us: no la vara alta
[2025-11-15T01:31:34.886Z] [RECEIVED] 120363160616746507@g.us: si no q el oído queda en otro tema
[2025-11-15T01:31:50.989Z] [RECEIVED] 120363160616746507@g.us: el oido espera una mrd arrechisima ps
[2025-11-15T01:32:04.239Z] [RECEIVED] 120363160616746507@g.us: esta mrd es muy tipica
[2025-11-15T01:32:16.364Z] [RECEIVED] 120363160616746507@g.us: es la musica que ponen en las peliculas ps
[2025-11-15T01:32:23.702Z] [RECEIVED] 120363160616746507@g.us: claro
[2025-11-15T01:32:45.448Z] [RECEIVED] 120363160616746507@g.us: son corticas aparte
[2025-11-15T01:32:50.094Z] [RECEIVED] 120363160616746507@g.us: no van pa ningún lado
[2025-11-15T01:33:31.197Z] [RECEIVED] 30837949124772@lid: #reel https://www.instagram.com/reel/DPkIZWUkeb_/?igsh=MTM0djgwODdkZ3o0NA==
[2025-11-15T01:33:31.866Z] [RECEIVED] 120363160616746507@g.us: los bichos sabian como iba a ser el futuro con tiktok bro
[2025-11-15T01:34:00.924Z] [RECEIVED] 120363160616746507@g.us: 
[2025-11-15T01:34:16.839Z] [RECEIVED] 120363160616746507@g.us: los bichos sabían q adam sandler iba a producir cine
[2025-11-15T01:34:25.835Z] [RECEIVED] 30837949124772@lid: #s
[2025-11-15T01:35:09.857Z] [RECEIVED] 120363160616746507@g.us: claro
[2025-11-15T01:36:50.021Z] [RECEIVED] 120363160616746507@g.us: q cagada
[2025-11-15T01:36:57.154Z] [RECEIVED] 120363160616746507@g.us: es demasiado gay
[2025-11-15T01:37:08.510Z] [RECEIVED] 120363160616746507@g.us: asi es la primera etapa de los beatles
[2025-11-15T01:37:31.209Z] [RECEIVED] 120363160616746507@g.us: dsps de revolver es otro peo
[2025-11-15T01:37:49.061Z] [RECEIVED] 120363160616746507@g.us: na muy gay
[2025-11-15T01:37:52.359Z] [RECEIVED] 120363160616746507@g.us: se puso
[2025-11-15T01:37:58.512Z] [RECEIVED] 120363160616746507@g.us: tuvieron bien las 3 primeras
[2025-11-15T01:40:45.579Z] [RECEIVED] 120363160616746507@g.us: ta buena
[2025-11-15T01:40:53.589Z] [RECEIVED] 120363160616746507@g.us: pura navida esa mierda
[2025-11-15T01:41:00.758Z] [RECEIVED] 120363160616746507@g.us: sisa
[2025-11-15T01:41:20.103Z] [RECEIVED] 120363160616746507@g.us: la mejor hasta ahora
[2025-11-15T01:41:28.898Z] [RECEIVED] 120363160616746507@g.us: que no vuelvan a cantar esos malditos
[2025-11-15T01:41:37.616Z] [RECEIVED] 120363160616746507@g.us: 
[2025-11-15T01:41:40.603Z] [RECEIVED] 120363160616746507@g.us: los coritos
[2025-11-15T01:41:43.119Z] [RECEIVED] 120363160616746507@g.us: puro hey
[2025-11-15T01:41:45.527Z] [RECEIVED] 120363160616746507@g.us: hey!
[2025-11-15T01:42:07.633Z] [RECEIVED] 120363160616746507@g.us: 
[2025-11-15T01:43:27.582Z] [RECEIVED] 120363160616746507@g.us: no vale
[2025-11-15T01:43:31.226Z] [RECEIVED] 120363160616746507@g.us: q mariquería
[2025-11-15T01:44:25.405Z] [RECEIVED] 120363160616746507@g.us: 
[2025-11-15T01:44:27.958Z] [RECEIVED] 120363160616746507@g.us: 
[2025-11-15T01:44:44.733Z] [RECEIVED] 30837949124772@lid: #smedia
[2025-11-15T01:45:06.464Z] [RECEIVED] 120363160616746507@g.us: god only
[2025-11-15T01:45:15.425Z] [RECEIVED] 120363160616746507@g.us: este ta remasterizado
[2025-11-15T01:45:28.038Z] [RECEIVED] 120363160616746507@g.us: el único
[2025-11-15T01:46:16.121Z] [RECEIVED] 120363160616746507@g.us: 
[2025-11-15T01:46:41.989Z] [RECEIVED] 120363160616746507@g.us: 
[2025-11-15T01:46:51.895Z] [RECEIVED] status@broadcast: 
[2025-11-15T01:47:02.327Z] [RECEIVED] status@broadcast: 
[2025-11-15T01:47:56.770Z] [RECEIVED] 120363160616746507@g.us: 
[2025-11-15T01:48:11.312Z] [RECEIVED] 120363160616746507@g.us: 
[2025-11-15T01:48:30.219Z] [RECEIVED] 120363160616746507@g.us: q se acabe ya q no aguanto
[2025-11-15T01:48:46.330Z] [RECEIVED] 120363160616746507@g.us: prefiero q me pongan bohemian rhapsody todo un día
[2025-11-15T01:49:08.136Z] [RECEIVED] 120363160616746507@g.us: magnificoo
oooo
oooo
ooo
ooooo
[2025-11-15T01:49:09.972Z] [RECEIVED] 120363160616746507@g.us: galileo
[2025-11-15T01:49:15.290Z] [RECEIVED] 120363160616746507@g.us: GALILEO 🗣️
[2025-11-15T01:49:26.480Z] [RECEIVED] 120363160616746507@g.us: OOH MAMA MIA MAMA MIA
[2025-11-15T01:49:29.175Z] [RECEIVED] 120363160616746507@g.us: sapegato
[2025-11-15T01:49:37.566Z] [RECEIVED] 120363160616746507@g.us: mama mia let me go
[2025-11-15T01:49:40.503Z] [RECEIVED] 120363160616746507@g.us: jqjajajjaja
[2025-11-15T01:49:41.761Z] [RECEIVED] 120363160616746507@g.us: epa verda
[2025-11-15T01:49:53.940Z] [RECEIVED] 120363160616746507@g.us: en el top 100 de rym no hay ni un disco de queen
[2025-11-15T01:50:02.405Z] [RECEIVED] 120363160616746507@g.us: tio karol ponia los hits de queen a todo volumen cuando le pocaba el culo
[2025-11-15T01:50:12.907Z] [RECEIVED] 120363160616746507@g.us: obvio mmgv
[2025-11-15T01:50:20.482Z] [RECEIVED] 120363160616746507@g.us: esos bichos puro hit de radio
[2025-11-15T01:50:31.941Z] [RECEIVED] 120363160616746507@g.us: singlecito ahí
[2025-11-15T01:50:48.515Z] [RECEIVED] 120363160616746507@g.us: discos con dos canciones buenas
[2025-11-15T01:51:17.947Z] [RECEIVED] 120363160616746507@g.us: como journey o aerosmith
[2025-11-15T01:51:20.341Z] [RECEIVED] 120363160616746507@g.us: bandas asi ps
[2025-11-15T01:51:32.240Z] [RECEIVED] 120363160616746507@g.us: aerosmith
[2025-11-15T01:51:34.952Z] [RECEIVED] 120363160616746507@g.us: q hit tienen esos
[2025-11-15T01:51:45.208Z] [RECEIVED] 120363160616746507@g.us: crazy
[2025-11-15T01:51:53.839Z] [RECEIVED] 120363160616746507@g.us: como dice ese
[2025-11-15T01:52:12.114Z] [RECEIVED] 120363160616746507@g.us: creise cteise creise
ai go creise
[2025-11-15T01:52:23.376Z] [RECEIVED] 120363160616746507@g.us: y la famosisima
[2025-11-15T01:52:28.986Z] [RECEIVED] 120363160616746507@g.us: 
[2025-11-15T01:52:29.372Z] [RECEIVED] 120363160616746507@g.us: no me acuerdo el nombre
[2025-11-15T01:52:51.626Z] [RECEIVED] 120363160616746507@g.us: https://open.spotify.com/track/1xsYj84j7hUDDnTTerGWlH?si=JTWGE3LkQlWXLXF6NPggSg
[2025-11-15T01:52:54.038Z] [RECEIVED] 120363160616746507@g.us: esta
[2025-11-15T01:53:04.622Z] [RECEIVED] 120363160616746507@g.us: y la otra es la q sale en armagedon
[2025-11-15T01:53:12.307Z] [RECEIVED] 120363160616746507@g.us: DONT WANNA CLOSE MY EYES🗣️
[2025-11-15T01:53:13.993Z] [RECEIVED] 120363160616746507@g.us: ahh
[2025-11-15T01:54:24.148Z] [RECEIVED] 120363160616746507@g.us: todos los temas pop de esa época puro low end
[2025-11-15T01:54:29.784Z] [RECEIVED] 120363160616746507@g.us: 20 segundos de low end
[2025-11-15T01:54:31.261Z] [RECEIVED] status@broadcast: ✨
[2025-11-15T01:54:43.223Z] [RECEIVED] 120363160616746507@g.us: era lo nuevo bro 🦸‍♂️
[2025-11-15T01:55:15.983Z] [RECEIVED] 120363160616746507@g.us: me duele la cabeza ya
[2025-11-15T01:55:17.534Z] [RECEIVED] 120363160616746507@g.us: 
[2025-11-15T01:55:25.340Z] [RECEIVED] 120363160616746507@g.us: jajajjaja
[2025-11-15T01:55:44.831Z] [RECEIVED] 120363160616746507@g.us: aaa
[2025-11-15T01:55:51.767Z] [RECEIVED] 120363160616746507@g.us: pero no le duele cuando mama cuca
[2025-11-15T01:55:54.249Z] [RECEIVED] 120363160616746507@g.us: maldito hetero
[2025-11-15T01:56:13.724Z] [RECEIVED] 120363160616746507@g.us: 
[2025-11-15T02:00:46.822Z] [RECEIVED] 120363160616746507@g.us: 3.5
[2025-11-15T02:01:07.497Z] [RECEIVED] 120363160616746507@g.us: 2.5
[2025-11-15T02:01:39.727Z] [RECEIVED] 120363160616746507@g.us: 
[2025-11-15T02:01:53.435Z] [RECEIVED] 120363160616746507@g.us: 
[2025-11-15T02:02:19.047Z] [RECEIVED] 120363160616746507@g.us: eso de muse sera de la banda
[2025-11-15T02:02:27.982Z] [RECEIVED] 120363160616746507@g.us: hay q meterle al disvo bueno de ellos
[2025-11-15T02:02:33.270Z] [RECEIVED] 120363160616746507@g.us: el segundo es
[2025-11-15T02:02:43.352Z] [RECEIVED] 120363160616746507@g.us: 
[2025-11-15T02:02:55.446Z] [RECEIVED] 120363160616746507@g.us: 
[2025-11-15T02:03:04.693Z] [RECEIVED] 120363160616746507@g.us: se acaboúm
[2025-11-15T02:03:05.245Z] [RECEIVED] 120363160616746507@g.us: se acaboum
[2025-11-15T02:03:16.810Z] [RECEIVED] 120363160616746507@g.us: 
[2025-11-15T02:50:54.307Z] [RECEIVED] status@broadcast: 
[2025-11-15T02:50:54.434Z] [RECEIVED] status@broadcast: ¡Vamos Todas y Todos Barinas!
[2025-11-15T03:10:02.175Z] [RECEIVED] status@broadcast: 
[2025-11-15T03:15:05.279Z] [RECEIVED] 30837949124772@lid: #reel https://www.instagram.com/reel/DQIZmQqj-zR/?igsh=MWtycnIwamM5aDF0Mw==
[2025-11-15T03:15:25.892Z] [RECEIVED] 120363387470929207@g.us: #reel https://www.instagram.com/reel/DQIZmQqj-zR/?igsh=MWtycnIwamM5aDF0Mw==
[2025-11-15T03:16:26.947Z] [RECEIVED] 120363387470929207@g.us: Ta jugando mucho la selección
[2025-11-15T03:16:28.168Z] [RECEIVED] 120363387470929207@g.us: Diosmio
[2025-11-15T03:16:34.930Z] [RECEIVED] 120363387470929207@g.us: Se están sacando la verga contra Australia
[2025-11-15T03:16:37.886Z] [RECEIVED] 120363387470929207@g.us: Y van ganando 1-0
[2025-11-15T03:16:41.789Z] [RECEIVED] 120363387470929207@g.us: 😭😭😭😭
[2025-11-15T03:20:45.102Z] [RECEIVED] 120363387470929207@g.us: Epa
[2025-11-15T03:20:48.390Z] [RECEIVED] 120363387470929207@g.us: @30837949124772
[2025-11-15T03:21:06.997Z] [RECEIVED] 120363387470929207@g.us: Sabe quien tenga una play qué la venda
[2025-11-15T03:21:10.814Z] [RECEIVED] 120363387470929207@g.us: 
[2025-11-15T03:21:29.352Z] [RECEIVED] 120363387470929207@g.us: Así de una
[2025-11-15T03:21:34.448Z] [RECEIVED] 120363387470929207@g.us: Tengo la plata
[2025-11-15T03:21:35.071Z] [RECEIVED] 120363387470929207@g.us: Tengo la plata
[2025-11-15T03:21:35.312Z] [RECEIVED] 120363387470929207@g.us: Así de una
[2025-11-15T03:23:00.115Z] [RECEIVED] 120363387470929207@g.us: play q
[2025-11-15T03:23:34.757Z] [RECEIVED] 120363387470929207@g.us: ?
[2025-11-15T03:28:43.213Z] [RECEIVED] 120363387470929207@g.us: #post https://www.instagram.com/p/DQ-wcsSkfRR/?igsh=Ym81eGFrazZkYWJl
[2025-11-15T03:28:58.312Z] [RECEIVED] 120363387470929207@g.us: yo
[2025-11-15T03:29:12.784Z] [RECEIVED] 120363387470929207@g.us: #post 1 https://www.instagram.com/p/DQ-wcsSkfRR/?igsh=Ym81eGFrazZkYWJl
[2025-11-15T03:29:18.289Z] [RECEIVED] 120363387470929207@g.us: 3 slim
[2025-11-15T03:29:21.937Z] [RECEIVED] 120363387470929207@g.us: O super slim
[2025-11-15T03:29:31.619Z] [RECEIVED] 120363387470929207@g.us: nojoda
[2025-11-15T03:29:37.473Z] [RECEIVED] 120363387470929207@g.us: yo pensaba q 4
[2025-11-15T03:29:37.969Z] [RECEIVED] 120363387470929207@g.us: Es pa jugar el god of war
[2025-11-15T03:29:46.258Z] [RECEIVED] 120363387470929207@g.us: Después me paso pa esa
[2025-11-15T03:29:53.023Z] [RECEIVED] 120363387470929207@g.us: na ya no quiero ir a jugar entonces
[2025-11-15T03:29:59.652Z] [RECEIVED] 120363387470929207@g.us: Un amigo la tiene
[2025-11-15T03:30:00.596Z] [RECEIVED] 120363387470929207@g.us: 
[2025-11-15T03:30:05.678Z] [RECEIVED] 120363387470929207@g.us: Me la deja en 200
[2025-11-15T03:30:15.282Z] [RECEIVED] 120363387470929207@g.us: Con el rd2
[2025-11-15T03:30:22.779Z] [RECEIVED] 120363387470929207@g.us: Pero hable
[2025-11-15T03:30:25.768Z] [RECEIVED] 120363387470929207@g.us: pero busque en mercado libre mmgvo
[2025-11-15T03:30:30.533Z] [RECEIVED] 120363387470929207@g.us: Na
[2025-11-15T03:30:31.452Z] [RECEIVED] 120363387470929207@g.us: en mercado libre hay ofertas
[2025-11-15T03:30:34.888Z] [RECEIVED] 120363387470929207@g.us: Esa mrd
[2025-11-15T03:30:37.672Z] [RECEIVED] 120363387470929207@g.us: q
[2025-11-15T03:31:02.575Z] [RECEIVED] 120363387470929207@g.us: 
[2025-11-15T03:31:45.775Z] [RECEIVED] 120363387470929207@g.us: yo por una franela q pedí me cobraron 1$ en mrw
[2025-11-15T03:32:04.202Z] [RECEIVED] 120363387470929207@g.us: tampoco es tanto
[2025-11-15T03:32:26.517Z] [RECEIVED] 120363387470929207@g.us: y eso de q lo roben pues es q tampoco va a comprarle a un bicho con 2 reseñas y las 2 q sean malas
[2025-11-15T04:25:34.037Z] [RECEIVED] 120363387470929207@g.us: SE DIO NOJODAAA
[2025-11-15T04:25:46.994Z] [RECEIVED] 120363387470929207@g.us: 
[2025-11-15T04:34:20.131Z] [RECEIVED] 120363387470929207@g.us: no fueron capaces de hacer más de un gol los bichos
[2025-11-15T04:34:27.535Z] [RECEIVED] 120363387470929207@g.us: PEGUE PTRO
[2025-11-15T04:34:28.723Z] [RECEIVED] 120363387470929207@g.us: JODA
[2025-11-15T04:34:40.416Z] [RECEIVED] 120363387470929207@g.us: 
[2025-11-15T04:34:41.832Z] [RECEIVED] 120363387470929207@g.us: CHAO
[2025-11-15T04:35:43.169Z] [RECEIVED] 120363387470929207@g.us: eso son como 4 dolaritos
[2025-11-15T04:35:47.041Z] [RECEIVED] 120363387470929207@g.us: 
[2025-11-15T04:35:52.850Z] [RECEIVED] 120363387470929207@g.us: Y?
[2025-11-15T04:35:57.005Z] [RECEIVED] 120363387470929207@g.us: 4 perros de dolar
[2025-11-15T04:36:00.582Z] [RECEIVED] 120363387470929207@g.us: no vale
[2025-11-15T04:36:07.992Z] [RECEIVED] 120363387470929207@g.us: me hubiese dicho y yo se los regalo
[2025-11-15T04:36:14.424Z] [RECEIVED] 120363387470929207@g.us: 
[2025-11-15T04:36:17.016Z] [RECEIVED] 120363387470929207@g.us: JAJSKAKS
[2025-11-15T04:45:34.721Z] [RECEIVED] status@broadcast: 
[2025-11-15T05:08:30.860Z] [RECEIVED] 120363387470929207@g.us: #tt
[2025-11-15T05:10:01.898Z] [RECEIVED] 120363387470929207@g.us: #tt https://vm.tiktok.com/ZMAvkSmRc/
[2025-11-15T05:10:09.664Z] [RECEIVED] 120363387470929207@g.us: Yo después de pegar dos fijas
[2025-11-15T05:10:32.696Z] [RECEIVED] status@broadcast: 
[2025-11-15T05:13:51.532Z] [RECEIVED] status@broadcast: 
[2025-11-15T05:13:54.376Z] [RECEIVED] status@broadcast: 
[2025-11-15T05:29:50.565Z] [RECEIVED] 120363387470929207@g.us: #post 9 https://www.instagram.com/p/DQcYTJ9j9JY/?img_index=8&igsh=MXhoNmx0MmhyZmY5Yw==
[2025-11-15T05:30:29.694Z] [RECEIVED] 120363387470929207@g.us: #post 10  https://www.instagram.com/p/DQcYTJ9j9JY/?img_index=9&igsh=MXhoNmx0MmhyZmY5Yw==
[2025-11-15T05:30:46.697Z] [RECEIVED] 120363387470929207@g.us: !post 10 https://www.instagram.com/p/DQcYTJ9j9JY/?img_index=9&igsh=MXhoNmx0MmhyZmY5Yw==
[2025-11-15T05:31:15.482Z] [RECEIVED] 120363387470929207@g.us: #post 9 https://www.instagram.com/p/DQcYTJ9j9JY/?img_index=8&igsh=MXhoNmx0MmhyZmY5Yw==
[2025-11-15T05:31:34.169Z] [RECEIVED] 120363387470929207@g.us: #post 10 https://www.instagram.com/p/DQcYTJ9j9JY/?img_index=9&igsh=MXhoNmx0MmhyZmY5Yw==
[2025-11-15T05:31:39.572Z] [RECEIVED] 120363387470929207@g.us: @243297515737326 @30837949124772
[2025-11-15T05:32:03.884Z] [RECEIVED] 120363387470929207@g.us: 
[2025-11-15T05:54:53.516Z] [RECEIVED] status@broadcast: ✨✨✨
[2025-11-15T06:33:16.469Z] [RECEIVED] 30837949124772@lid: #ping
[2025-11-15T11:15:29.406Z] [RECEIVED] status@broadcast: 
[2025-11-15T11:36:20.620Z] [RECEIVED] 30837949124772@lid: #ping
[2025-11-15T11:48:26.747Z] [RECEIVED] 30837949124772@lid: #post https://www.instagram.com/p/DRDeTBhkqja/?igsh=MXJxYTAwcHg5aHN2bw==
[2025-11-15T11:49:08.912Z] [RECEIVED] 30837949124772@lid: #post https://www.instagram.com/p/DQevt7Sks7C/?igsh=NmpiazZobzF5Z2oy
[2025-11-15T11:50:45.264Z] [RECEIVED] 120363387470929207@g.us: #reel https://www.instagram.com/reel/DQ1P_nEDbYz/?igsh=cThoOXM0Ynh3ZnZ1
[2025-11-15T11:51:17.164Z] [RECEIVED] 120363387470929207@g.us: 
[2025-11-15T11:52:42.686Z] [RECEIVED] 120363387470929207@g.us: 
[2025-11-15T11:53:06.849Z] [RECEIVED] 120363387470929207@g.us: 
[2025-11-15T11:53:08.829Z] [RECEIVED] 120363387470929207@g.us: Jjkkbjkjlbkj
[2025-11-15T12:04:08.412Z] [RECEIVED] status@broadcast: 
[2025-11-15T12:14:13.228Z] [RECEIVED] 120363160616746507@g.us: 
[2025-11-15T12:31:10.909Z] [RECEIVED] 120363387470929207@g.us: #s
[2025-11-15T12:31:23.433Z] [RECEIVED] 120363387470929207@g.us: #s
[2025-11-15T12:37:11.949Z] [RECEIVED] 120363160616746507@g.us: #s
[2025-11-15T13:56:19.751Z] [RECEIVED] 120363387470929207@g.us: #tt https://vm.tiktok.com/ZMAvyECgD/
[2025-11-15T13:57:11.454Z] [RECEIVED] status@broadcast: 
[2025-11-15T13:57:16.851Z] [RECEIVED] status@broadcast: 
[2025-11-15T13:57:59.223Z] [RECEIVED] 120363387470929207@g.us: #post https://www.instagram.com/p/DQe_3F4iXCR/?igsh=dmw5ZHFmMmNkeWcy
[2025-11-15T13:58:20.658Z] [RECEIVED] 120363387470929207@g.us: #s
[2025-11-15T14:06:27.844Z] [RECEIVED] 120363387470929207@g.us: 
[2025-11-15T14:10:44.351Z] [RECEIVED] 120363387470929207@g.us: #post https://www.instagram.com/p/DQXBrSCDu4r/?igsh=MWp0Z2lmazY4dGxoNg==
[2025-11-15T14:11:13.827Z] [RECEIVED] 120363387470929207@g.us: #post 1 https://www.instagram.com/p/DQXBrSCDu4r/?igsh=MWp0Z2lmazY4dGxoNg==
[2025-11-15T14:11:25.439Z] [RECEIVED] 30837949124772@lid: #ping
[2025-11-15T14:11:28.146Z] [RECEIVED] 30837949124772@lid: #ping
[2025-11-15T14:11:30.244Z] [RECEIVED] 30837949124772@lid: #rotate
[2025-11-15T14:11:33.055Z] [RECEIVED] 30837949124772@lid: #stats
[2025-11-15T14:13:11.376Z] [RECEIVED] 30837949124772@lid: #post https://www.instagram.com/p/DQjnH0qjOCk/?igsh=eW1rY2FucXF2eWE0
[2025-11-15T14:17:55.962Z] [RECEIVED] 30837949124772@lid: #ping
[2025-11-15T14:19:12.068Z] [RECEIVED] status@broadcast: 
[2025-11-15T14:19:13.261Z] [RECEIVED] status@broadcast: 
[2025-11-15T14:29:32.506Z] [RECEIVED] status@broadcast: 
[2025-11-15T14:29:39.200Z] [RECEIVED] status@broadcast: 
[2025-11-15T14:29:39.751Z] [RECEIVED] 120363387470929207@g.us: #tt https://vm.tiktok.com/ZMAvfQTWR/
[2025-11-15T14:32:08.550Z] [RECEIVED] 120363387470929207@g.us: #ping
[2025-11-15T14:37:35.133Z] [RECEIVED] status@broadcast: 
[2025-11-15T14:41:19.369Z] [RECEIVED] 30837949124772@lid: #ping
[2025-11-15T14:43:06.504Z] [RECEIVED] 30837949124772@lid: 
[2025-11-15T14:43:11.579Z] [RECEIVED] 30837949124772@lid: #smedia
[2025-11-15T14:43:18.737Z] [RECEIVED] 30837949124772@lid: #smedia
[2025-11-15T14:43:32.176Z] [RECEIVED] 30837949124772@lid: 
[2025-11-15T14:43:33.953Z] [RECEIVED] 30837949124772@lid: #smedia
[2025-11-15T14:43:35.452Z] [RECEIVED] 120363160616746507@g.us: 
[2025-11-15T14:44:22.097Z] [RECEIVED] 30837949124772@lid: 
[2025-11-15T14:44:28.834Z] [RECEIVED] 30837949124772@lid: #smedia
[2025-11-15T14:44:58.549Z] [RECEIVED] 30837949124772@lid: #ping
[2025-11-15T14:45:19.359Z] [RECEIVED] 120363160616746507@g.us: lo q es no tener ocupaciones
[2025-11-15T14:45:23.354Z] [RECEIVED] 120363160616746507@g.us: 
[2025-11-15T14:45:34.044Z] [RECEIVED] 120363160616746507@g.us: #ping
[2025-11-15T14:58:21.693Z] [RECEIVED] 120363160616746507@g.us: ESE CORTE DE PELO 😭😭😭
[2025-11-15T14:58:23.585Z] [RECEIVED] 120363160616746507@g.us: JAJDKAKSKAKSKSK
[2025-11-15T15:00:26.319Z] [RECEIVED] 120363160616746507@g.us: ta arrecho
[2025-11-15T15:00:49.956Z] [RECEIVED] 120363160616746507@g.us: la iguana ya pasó de moda bro
[2025-11-15T15:01:04.601Z] [RECEIVED] 120363160616746507@g.us: el paisa es algo del pasado
[2025-11-15T15:02:12.808Z] [RECEIVED] 120363160616746507@g.us: sisa
[2025-11-15T15:02:14.569Z] [RECEIVED] 120363160616746507@g.us: pura tijera
[2025-11-15T15:02:28.775Z] [RECEIVED] 120363160616746507@g.us: tengo desde marzo el año q no me paso una maquina
[2025-11-15T15:02:39.166Z] [RECEIVED] 120363160616746507@g.us: 
[2025-11-15T15:05:25.112Z] [RECEIVED] 120363160616746507@g.us: 
[2025-11-15T15:13:47.095Z] [RECEIVED] 30837949124772@lid: #ping
[2025-11-15T15:36:59.658Z] [RECEIVED] 30837949124772@lid: #ping
[2025-11-15T15:37:06.350Z] [RECEIVED] 30837949124772@lid: #ping
[2025-11-15T16:16:47.764Z] [RECEIVED] 30837949124772@lid: #ping
[2025-11-15T16:16:52.571Z] [RECEIVED] 30837949124772@lid: #post https://www.instagram.com/p/DQYDlb0Dklw/?igsh=cW9yaXd0amw1djQy
[2025-11-15T16:17:02.120Z] [RECEIVED] 30837949124772@lid: #post 1 https://www.instagram.com/p/DQYDlb0Dklw/?igsh=cW9yaXd0amw1djQy
[2025-11-15T16:26:00.251Z] [RECEIVED] status@broadcast: 
[2025-11-15T16:59:14.205Z] [RECEIVED] 120363160616746507@g.us: 
[2025-11-15T17:06:32.440Z] [RECEIVED] 120363387470929207@g.us: 
[2025-11-15T17:06:32.684Z] [RECEIVED] 120363387470929207@g.us: Tiktok pagó
[2025-11-15T17:06:32.871Z] [RECEIVED] 120363387470929207@g.us: 
[2025-11-15T17:07:08.677Z] [RECEIVED] 120363387470929207@g.us: 
[2025-11-15T17:07:20.871Z] [RECEIVED] 120363387470929207@g.us: cuál se va a comprar?
[2025-11-15T17:07:26.139Z] [RECEIVED] 120363387470929207@g.us: tundra 2025 o fortuner?
[2025-11-15T17:07:29.780Z] [RECEIVED] 120363387470929207@g.us: 
[2025-11-15T17:07:37.546Z] [RECEIVED] 120363387470929207@g.us: JAJSKAKSKA
[2025-11-15T17:07:45.665Z] [RECEIVED] 120363387470929207@g.us: De puro tap tap
[2025-11-15T17:08:25.858Z] [RECEIVED] 120363387470929207@g.us: 
[2025-11-15T17:08:28.903Z] [RECEIVED] 120363387470929207@g.us: 
[2025-11-15T17:08:33.782Z] [RECEIVED] 120363387470929207@g.us: 
[2025-11-15T17:19:25.523Z] [RECEIVED] status@broadcast: 
[2025-11-15T17:22:38.193Z] [RECEIVED] status@broadcast: 
[2025-11-15T17:28:28.679Z] [RECEIVED] status@broadcast: Vendo 20$
[2025-11-15T17:28:40.088Z] [RECEIVED] 120363160616746507@g.us: Sacó polvo 2
[2025-11-15T17:28:55.467Z] [RECEIVED] 120363160616746507@g.us: 
[2025-11-15T17:30:49.948Z] [RECEIVED] 120363160616746507@g.us: 
[2025-11-15T17:31:07.527Z] [RECEIVED] 120363160616746507@g.us: 
[2025-11-15T17:31:11.213Z] [RECEIVED] 120363160616746507@g.us: 
[2025-11-15T17:31:41.318Z] [RECEIVED] 120363160616746507@g.us: 
[2025-11-15T17:32:56.667Z] [RECEIVED] 120363160616746507@g.us: memes q le dan risa nada mas a mi novia y a mi pq estamos enamorados
[2025-11-15T17:33:09.609Z] [RECEIVED] 120363160616746507@g.us: Ahh esq mi jeva sacó álbum
[2025-11-15T17:33:39.571Z] [RECEIVED] 120363160616746507@g.us: 
[2025-11-15T17:33:42.065Z] [RECEIVED] 120363160616746507@g.us: 
[2025-11-15T17:33:42.875Z] [RECEIVED] 120363160616746507@g.us: 
[2025-11-15T17:33:47.230Z] [RECEIVED] 120363160616746507@g.us: 
[2025-11-15T17:33:49.734Z] [RECEIVED] 120363160616746507@g.us: 
[2025-11-15T17:34:24.109Z] [RECEIVED] 120363160616746507@g.us: Ta bueno el peo
[2025-11-15T17:34:32.476Z] [RECEIVED] 120363160616746507@g.us: Y esa
[2025-11-15T17:34:36.854Z] [RECEIVED] 120363160616746507@g.us: Como se dice nariz en inglés ?
[2025-11-15T17:34:49.019Z] [RECEIVED] 120363160616746507@g.us: no lo seo
[2025-11-15T17:34:50.076Z] [RECEIVED] 120363160616746507@g.us: 
[2025-11-15T17:34:55.952Z] [RECEIVED] 120363160616746507@g.us: 
[2025-11-15T17:35:03.855Z] [RECEIVED] 120363160616746507@g.us: 
[2025-11-15T17:35:08.616Z] [RECEIVED] 120363160616746507@g.us: 
[2025-11-15T17:35:16.573Z] [RECEIVED] 120363160616746507@g.us: #ping
[2025-11-15T17:36:07.783Z] [RECEIVED] 120363160616746507@g.us: Por los momentos se me está dando el parley
[2025-11-15T17:36:11.643Z] [RECEIVED] 120363160616746507@g.us: Necesito q galés gane
[2025-11-15T17:36:17.343Z] [RECEIVED] 120363160616746507@g.us: Dinamarca gané
[2025-11-15T17:36:31.886Z] [RECEIVED] 120363160616746507@g.us: Aunque todavía me falta 

Colombia vs Nueva Zelanda 
Colombia G 

Mexico vs Uruguay 
0.75

Estados U...
[2025-11-15T17:36:32.406Z] [RECEIVED] 120363160616746507@g.us: 
[2025-11-15T17:36:46.689Z] [RECEIVED] 120363160616746507@g.us: 
[2025-11-15T17:37:01.335Z] [RECEIVED] 120363160616746507@g.us: 075 q
[2025-11-15T17:37:16.354Z] [RECEIVED] 120363160616746507@g.us: 0.75 significa 1 o 2 goles
[2025-11-15T17:37:19.200Z] [RECEIVED] 120363160616746507@g.us: 
[2025-11-15T17:37:24.449Z] [RECEIVED] 120363160616746507@g.us: Osea q si hacen 1 gol esta bien
[2025-11-15T17:37:29.091Z] [RECEIVED] 120363160616746507@g.us: Pero si hacen 2 me sube la cuota
[2025-11-15T17:37:31.300Z] [RECEIVED] 120363160616746507@g.us: 
[2025-11-15T17:37:39.655Z] [RECEIVED] 120363160616746507@g.us: gales empata
[2025-11-15T17:37:48.328Z] [RECEIVED] 120363160616746507@g.us: 1 a 1
[2025-11-15T17:37:53.643Z] [RECEIVED] 120363160616746507@g.us: hace rato me dijeron
[2025-11-15T17:37:59.787Z] [RECEIVED] 120363160616746507@g.us: 
[2025-11-15T17:38:06.049Z] [RECEIVED] 120363160616746507@g.us: Futbol12
[2025-11-15T17:38:25.153Z] [RECEIVED] 120363160616746507@g.us: O como era
[2025-11-15T17:38:27.851Z] [RECEIVED] 120363160616746507@g.us: Analista12
[2025-11-15T17:38:29.947Z] [RECEIVED] 120363160616746507@g.us: Anal12
[2025-11-15T17:38:33.179Z] [RECEIVED] 120363160616746507@g.us: Pene 12
[2025-11-15T17:38:33.445Z] [RECEIVED] 120363160616746507@g.us: 
[2025-11-15T17:38:36.711Z] [RECEIVED] 120363160616746507@g.us: camiseta
[2025-11-15T17:38:56.705Z] [RECEIVED] 120363160616746507@g.us: A escuchar el álbum de la mujer mía
[2025-11-15T17:39:02.076Z] [RECEIVED] 120363160616746507@g.us: Tiene 4 colabs
[2025-11-15T17:39:27.322Z] [RECEIVED] 120363160616746507@g.us: Omar 
Eladio 
Yan block 
Mora
[2025-11-15T17:39:30.202Z] [RECEIVED] 120363160616746507@g.us: 
[2025-11-15T17:41:56.255Z] [RECEIVED] 120363160616746507@g.us: 
[2025-11-15T17:42:08.498Z] [RECEIVED] 120363160616746507@g.us: samplealo @236347956666463
[2025-11-15T17:53:58.499Z] [RECEIVED] 120363160616746507@g.us: sapegato
[2025-11-15T18:19:49.961Z] [RECEIVED] status@broadcast: 
[2025-11-15T18:36:01.739Z] [RECEIVED] 30837949124772@lid: #ping
[2025-11-15T18:47:20.919Z] [RECEIVED] status@broadcast: 
[2025-11-15T18:47:51.488Z] [RECEIVED] 30837949124772@lid: #reel https://www.instagram.com/reel/DQ-F6OZEcy3/?igsh=MWtibm1ubjJwcjQ3Nw==
[2025-11-15T18:51:00.118Z] [RECEIVED] status@broadcast: 
[2025-11-15T19:08:11.405Z] [RECEIVED] status@broadcast: Seguimos en Formación permanente ⚖️✨

UNELLEZ BARINAS
[2025-11-15T23:33:37.647Z] [RECEIVED] 120363160616746507@g.us: music radar dice que ese ta bien valorado pq es una mezcla de elementos los discos anteriores ps... ...
[2025-11-15T23:33:54.312Z] [RECEIVED] 120363160616746507@g.us: 
[2025-11-15T23:34:05.714Z] [RECEIVED] 120363160616746507@g.us: hay q ver qlq el debut
[2025-11-15T23:34:10.383Z] [RECEIVED] 120363160616746507@g.us: suena menos electrónico
[2025-11-15T23:34:47.820Z] [RECEIVED] 120363160616746507@g.us: #ping
[2025-11-15T23:36:52.721Z] [RECEIVED] 120363160616746507@g.us: un tema de 10 minutos al final pa q sea así mejor no poner nada
[2025-11-15T23:37:06.646Z] [RECEIVED] 30837949124772@lid: #ping
[2025-11-15T23:37:21.077Z] [RECEIVED] 120363160616746507@g.us: @30837949124772
[2025-11-15T23:37:23.709Z] [RECEIVED] 120363160616746507@g.us: Le tengo un artista
[2025-11-15T23:37:30.816Z] [RECEIVED] 120363160616746507@g.us: Que quiere trabajar con usted
[2025-11-15T23:37:36.938Z] [RECEIVED] 120363160616746507@g.us: 
[2025-11-15T23:37:40.263Z] [RECEIVED] 120363160616746507@g.us: Quiere q le hagas los Beats y el máster
[2025-11-15T23:37:43.346Z] [RECEIVED] 120363160616746507@g.us: 
[2025-11-15T23:37:46.208Z] [RECEIVED] 120363160616746507@g.us: Te va a pagar
[2025-11-15T23:37:55.616Z] [RECEIVED] 120363160616746507@g.us: Pílelo
[2025-11-15T23:37:58.657Z] [RECEIVED] 120363160616746507@g.us: Pillelo
[2025-11-15T23:37:59.775Z] [RECEIVED] 120363160616746507@g.us: 2001:
1. Amnesiac
2. Vespertine
3. Drukqs
4. The Glow
5. Toxicity
6. Lateralus
7. Leaves Turn Inside...
[2025-11-15T23:38:03.848Z] [RECEIVED] 120363160616746507@g.us: https://www.instagram.com/reel/DQrx5tLD2tw/?igsh=MXVtdDdhamhpeThxaA==
[2025-11-15T23:38:06.306Z] [RECEIVED] 120363160616746507@g.us: 
[2025-11-15T23:38:15.634Z] [RECEIVED] 120363160616746507@g.us: 
[2025-11-15T23:39:18.429Z] [RECEIVED] 120363160616746507@g.us: yo igual, nada más q the glow arriba d drukqs y toxicity debajo de lateralus
[2025-11-16T08:03:44.128Z] [RECEIVED] status@broadcast: Nos vemos mañana en el parque ferial por que somos Copa Servicable
[2025-11-16T08:03:44.131Z] [RECEIVED] status@broadcast: 
[2025-11-16T08:03:44.403Z] [RECEIVED] status@broadcast: 
[2025-11-16T08:03:45.414Z] [RECEIVED] status@broadcast: 
[2025-11-16T08:03:51.069Z] [RECEIVED] status@broadcast: 
[2025-11-16T08:03:52.684Z] [RECEIVED] status@broadcast: 
[2025-11-16T08:03:55.767Z] [RECEIVED] status@broadcast: 
[2025-11-16T08:03:56.376Z] [RECEIVED] status@broadcast: 
[2025-11-16T08:04:29.783Z] [RECEIVED] 120363160616746507@g.us: #ping
[2025-11-16T08:05:19.909Z] [RECEIVED] 30837949124772@lid: #reel https://www.instagram.com/reel/DPcE95wDB3P/?igsh=MWl4MTVxNTk1eHdhaA==
[2025-11-16T09:20:43.480Z] [RECEIVED] 120363160616746507@g.us: 
[2025-11-16T09:49:03.209Z] [RECEIVED] 30837949124772@lid: #ping
[2025-11-16T10:10:21.812Z] [RECEIVED] status@broadcast: 
[2025-11-16T12:11:26.804Z] [RECEIVED] 120363160616746507@g.us: 
[2025-11-16T12:11:34.996Z] [RECEIVED] 120363160616746507@g.us: jjjajajajjja
[2025-11-16T12:11:44.949Z] [RECEIVED] 120363160616746507@g.us: la q gané cuando estaba especteando ufff
[2025-11-16T12:11:46.842Z] [RECEIVED] 120363160616746507@g.us: a 4 de vida
[2025-11-16T12:11:51.395Z] [RECEIVED] 120363160616746507@g.us: sisa
[2025-11-16T12:11:53.767Z] [RECEIVED] 120363160616746507@g.us: justica
[2025-11-16T13:24:01.417Z] [RECEIVED] 120363160616746507@g.us: 
[2025-11-16T13:28:42.907Z] [RECEIVED] 120363160616746507@g.us: 
[2025-11-16T13:29:43.433Z] [RECEIVED] 120363160616746507@g.us: alaputa
[2025-11-16T13:29:43.800Z] [RECEIVED] 120363160616746507@g.us: 6h
[2025-11-16T13:29:59.493Z] [RECEIVED] 120363160616746507@g.us: ninguna semana cumple el límite q mmgvo
[2025-11-16T13:30:11.117Z] [RECEIVED] 120363160616746507@g.us: 
[2025-11-16T13:30:19.006Z] [RECEIVED] 120363160616746507@g.us: 
[2025-11-16T13:30:30.209Z] [RECEIVED] 120363160616746507@g.us: tranquilo
[2025-11-16T13:30:39.414Z] [RECEIVED] 120363160616746507@g.us: 
[2025-11-16T13:31:45.961Z] [RECEIVED] 120363160616746507@g.us: #ping
[2025-11-16T13:46:14.214Z] [RECEIVED] 120363160616746507@g.us: 
[2025-11-16T13:46:43.851Z] [RECEIVED] 120363160616746507@g.us: 
[2025-11-16T13:47:09.315Z] [RECEIVED] 120363160616746507@g.us: 
[2025-11-16T13:47:15.697Z] [RECEIVED] 120363160616746507@g.us: the cooooooore
[2025-11-16T13:49:39.561Z] [RECEIVED] 120363160616746507@g.us: 
[2025-11-16T13:50:09.993Z] [RECEIVED] 120363160616746507@g.us: juuuust
[2025-11-16T14:07:16.394Z] [RECEIVED] status@broadcast: Formación permanente ⚖️✨
Procesal Laboral.
[2025-11-16T14:08:58.142Z] [RECEIVED] status@broadcast: Formación permanente ⚖️✨
Procesal Laboral.
[2025-11-16T14:21:51.693Z] [RECEIVED] 30837949124772@lid: #ping
[2025-11-16T14:21:54.709Z] [RECEIVED] 30837949124772@lid: #post https://www.instagram.com/p/DRBDOsMiOXk/?igsh=YjFid2FzdWFiM3oy
[2025-11-16T14:22:25.567Z] [RECEIVED] 120363160616746507@g.us: 
[2025-11-16T14:22:26.883Z] [RECEIVED] 120363160616746507@g.us: #s
[2025-11-16T14:22:40.127Z] [RECEIVED] 120363160616746507@g.us: 
[2025-11-16T14:29:04.436Z] [RECEIVED] 120363160616746507@g.us: https://www.reddit.com/r/radiohead/s/c5PdNX5Ysr
[2025-11-16T14:53:53.323Z] [RECEIVED] 30837949124772@lid: #ping
[2025-11-16T14:53:57.133Z] [RECEIVED] 30837949124772@lid: #ping
[2025-11-16T14:55:08.876Z] [RECEIVED] 120363160616746507@g.us: 
[2025-11-16T15:21:14.680Z] [RECEIVED] status@broadcast: 
[2025-11-16T15:45:46.719Z] [RECEIVED] 120363160616746507@g.us: #tt https://vm.tiktok.com/ZMAv7pvQ9/
[2025-11-16T15:49:42.716Z] [RECEIVED] status@broadcast: 
[2025-11-16T15:54:13.430Z] [RECEIVED] 120363160616746507@g.us: 
[2025-11-16T16:16:27.461Z] [RECEIVED] 120363160616746507@g.us: sapegato
[2025-11-16T16:16:32.265Z] [RECEIVED] 120363160616746507@g.us: #ping
[2025-11-16T16:28:55.511Z] [RECEIVED] status@broadcast: 
[2025-11-16T16:32:26.023Z] [RECEIVED] 120363160616746507@g.us: Y si me combierto en un budincito de limón
[2025-11-16T16:32:32.563Z] [RECEIVED] 120363160616746507@g.us: Tu me comerías ? 🥺🥺🥺
[2025-11-16T16:32:35.823Z] [RECEIVED] 120363160616746507@g.us: Papuuu 🥺🥺
[2025-11-16T16:32:57.956Z] [RECEIVED] 120363160616746507@g.us: 
[2025-11-16T16:33:02.228Z] [RECEIVED] 120363160616746507@g.us: #s
[2025-11-16T16:33:48.086Z] [RECEIVED] 120363160616746507@g.us: 
[2025-11-16T16:40:13.427Z] [RECEIVED] 120363160616746507@g.us: Y si fuera una abejita
[2025-11-16T16:40:20.758Z] [RECEIVED] 120363160616746507@g.us: Bzzz
[2025-11-16T16:40:23.651Z] [RECEIVED] 120363160616746507@g.us: 🥺🥺
[2025-11-16T16:40:38.265Z] [RECEIVED] 120363160616746507@g.us: #tt https://vm.tiktok.com/ZMAvc8Mxq/
[2025-11-16T16:43:25.299Z] [RECEIVED] 120363160616746507@g.us: 🤼‍♂️
[2025-11-16T16:44:13.430Z] [RECEIVED] 120363160616746507@g.us: 
[2025-11-16T16:44:40.928Z] [RECEIVED] 120363160616746507@g.us: 
[2025-11-16T16:45:38.362Z] [RECEIVED] status@broadcast: 
[2025-11-16T16:58:11.354Z] [RECEIVED] status@broadcast: 
[2025-11-16T17:00:06.628Z] [RECEIVED] 120363160616746507@g.us: perfecto in rainbows
[2025-11-16T17:00:12.447Z] [RECEIVED] 120363160616746507@g.us: la mejor de in rainbows
[2025-11-16T18:05:09.185Z] [RECEIVED] 120363160616746507@g.us: 
[2025-11-16T18:05:21.052Z] [RECEIVED] 120363160616746507@g.us: yooo 🧟‍♂️
[2025-11-16T18:06:42.922Z] [RECEIVED] status@broadcast: 
[2025-11-16T18:24:35.712Z] [RECEIVED] status@broadcast: 
[2025-11-16T18:24:50.809Z] [RECEIVED] 120363160616746507@g.us: ricky 🤼‍♂️
[2025-11-16T18:25:00.021Z] [RECEIVED] 120363160616746507@g.us: 
[2025-11-16T18:25:08.855Z] [RECEIVED] 120363160616746507@g.us: 
[2025-11-16T18:25:11.230Z] [RECEIVED] 120363160616746507@g.us: 
[2025-11-16T18:29:31.195Z] [RECEIVED] status@broadcast: 
[2025-11-16T19:00:31.055Z] [RECEIVED] 120363160616746507@g.us: coño
[2025-11-16T19:00:39.934Z] [RECEIVED] 120363160616746507@g.us: edn x miguel rojas
[2025-11-16T19:01:31.071Z] [RECEIVED] 120363160616746507@g.us: 
[2025-11-16T19:02:43.558Z] [RECEIVED] status@broadcast: 
[2025-11-16T19:06:14.164Z] [RECEIVED] 120363160616746507@g.us: ese quien es
[2025-11-16T19:06:24.276Z] [RECEIVED] 120363160616746507@g.us: 
[2025-11-16T19:07:59.933Z] [RECEIVED] 120363160616746507@g.us: la señora de la sintética se fue pa suiza y pille los estados q sube cada rato
[2025-11-16T19:08:04.685Z] [RECEIVED] 120363160616746507@g.us: 
[2025-11-16T19:08:13.663Z] [RECEIVED] 120363160616746507@g.us: grabando con un tecno en suiza
[2025-11-16T19:08:18.433Z] [RECEIVED] 120363160616746507@g.us: 
[2025-11-16T19:09:24.665Z] [RECEIVED] 30837949124772@lid: #ping
[2025-11-16T19:10:41.216Z] [RECEIVED] 120363160616746507@g.us: 
[2025-11-16T19:11:04.712Z] [RECEIVED] 120363160616746507@g.us: llanero en suiza 🗣️
[2025-11-16T19:11:19.109Z] [RECEIVED] 120363160616746507@g.us: 
[2025-11-16T19:12:05.977Z] [RECEIVED] 120363160616746507@g.us: somos un hibrido entre llaneros y gochos
[2025-11-16T19:13:34.926Z] [RECEIVED] 120363160616746507@g.us: se lo van a robar los suizos
[2025-11-16T19:13:47.407Z] [RECEIVED] 120363160616746507@g.us: los suizos roban puro tecno
[2025-11-16T19:15:26.957Z] [RECEIVED] 120363160616746507@g.us: sisa
[2025-11-16T19:15:33.302Z] [RECEIVED] 120363160616746507@g.us: 
[2025-11-16T21:00:48.081Z] [RECEIVED] status@broadcast: 
[2025-11-16T21:04:20.426Z] [RECEIVED] status@broadcast: 
[2025-11-16T21:12:58.058Z] [RECEIVED] status@broadcast: 
[2025-11-16T21:16:58.389Z] [RECEIVED] status@broadcast: Servicable 😎 y La Mega Tienda del colchón
[2025-11-16T21:17:33.518Z] [RECEIVED] status@broadcast: 
[2025-11-16T21:19:12.880Z] [RECEIVED] 120363160616746507@g.us: 
[2025-11-16T21:19:16.062Z] [RECEIVED] 120363160616746507@g.us: 
[2025-11-16T21:19:49.330Z] [RECEIVED] 120363160616746507@g.us: como 3 dólares
[2025-11-16T21:24:08.883Z] [RECEIVED] 120363160616746507@g.us: tres dola
[2025-11-16T21:26:28.573Z] [RECEIVED] 120363160616746507@g.us: q hace
[2025-11-16T21:26:30.972Z] [RECEIVED] 120363160616746507@g.us: un disco o q
[2025-11-16T21:26:41.127Z] [RECEIVED] 120363160616746507@g.us: tengo q dormir broder
[2025-11-16T21:26:48.666Z] [RECEIVED] 120363160616746507@g.us: ahh bueno pues basura
[2025-11-16T21:26:55.665Z] [RECEIVED] 120363160616746507@g.us: o no se
[2025-11-16T21:27:00.033Z] [RECEIVED] 120363160616746507@g.us: uno corto
[2025-11-16T21:27:04.757Z] [RECEIVED] 120363160616746507@g.us: de una
[2025-11-16T21:27:12.428Z] [RECEIVED] 120363160616746507@g.us: habla
[2025-11-16T21:27:14.449Z] [RECEIVED] 120363160616746507@g.us: duermase
[2025-11-16T21:27:24.624Z] [RECEIVED] 120363160616746507@g.us: 
[2025-11-16T21:27:40.433Z] [RECEIVED] 120363160616746507@g.us: los cortos no tienen chispa
[2025-11-16T21:27:48.407Z] [RECEIVED] 120363160616746507@g.us: a mi me gustan largos
[2025-11-16T21:27:48.852Z] [RECEIVED] 120363160616746507@g.us: in rainbows q mmgv
[2025-11-16T21:27:57.473Z] [RECEIVED] 120363160616746507@g.us: eso no es corto mmgvo
[2025-11-16T21:28:01.674Z] [RECEIVED] 120363160616746507@g.us: corto es 30m 35m
[2025-11-16T21:28:01.903Z] [RECEIVED] 120363160616746507@g.us: 
[2025-11-16T21:28:03.983Z] [RECEIVED] 120363160616746507@g.us: 
[2025-11-16T21:28:05.731Z] [RECEIVED] 120363160616746507@g.us: 
[2025-11-16T21:28:12.111Z] [RECEIVED] 120363160616746507@g.us: corto es menos de 45
[2025-11-16T21:28:40.889Z] [RECEIVED] 120363160616746507@g.us: habla
[2025-11-16T21:30:05.115Z] [RECEIVED] 120363160616746507@g.us: diga uno corto pues
[2025-11-16T21:30:13.616Z] [RECEIVED] 120363160616746507@g.us: diga
[2025-11-16T21:30:15.119Z] [RECEIVED] 120363160616746507@g.us: 
[2025-11-16T21:30:21.953Z] [RECEIVED] 120363160616746507@g.us: codex temazo maldita sea
[2025-11-16T21:30:35.170Z] [RECEIVED] 120363160616746507@g.us: sleeeeeeeeeeeight yoooooour haaaaand
[2025-11-16T21:30:40.086Z] [RECEIVED] 120363160616746507@g.us: jump off the end
[2025-11-16T21:31:07.713Z] [RECEIVED] 120363160616746507@g.us: habla
[2025-11-16T21:31:32.878Z] [RECEIVED] 120363160616746507@g.us: no sé cuál
[2025-11-16T21:31:34.380Z] [RECEIVED] 120363160616746507@g.us: voy a ver
[2025-11-16T21:32:18.694Z] [RECEIVED] 120363160616746507@g.us: 
[2025-11-16T21:32:20.720Z] [RECEIVED] 120363160616746507@g.us: 40min
[2025-11-16T21:32:27.887Z] [RECEIVED] 120363160616746507@g.us: art rock, ambient
[2025-11-16T21:32:34.177Z] [RECEIVED] 120363160616746507@g.us: na
[2025-11-16T21:32:37.817Z] [RECEIVED] 120363160616746507@g.us: vaina nueva no
[2025-11-16T21:32:42.213Z] [RECEIVED] 120363160616746507@g.us: nojoda
[2025-11-16T21:32:42.285Z] [RECEIVED] 120363160616746507@g.us: zona de confort
[2025-11-16T21:33:24.473Z] [RECEIVED] 120363160616746507@g.us: wall of eyes
[2025-11-16T21:33:33.064Z] [RECEIVED] 120363160616746507@g.us: si o q
[2025-11-16T21:33:42.710Z] [RECEIVED] 120363160616746507@g.us: 45m
[2025-11-16T21:33:48.901Z] [RECEIVED] 120363160616746507@g.us: sisa
[2025-11-16T21:33:51.384Z] [RECEIVED] 120363160616746507@g.us: ta descargando
[2025-11-16T21:33:57.016Z] [RECEIVED] 120363160616746507@g.us: aja
[2025-11-16T21:35:03.127Z] [RECEIVED] 120363160616746507@g.us: casi 900 minutos
[2025-11-16T21:35:12.938Z] [RECEIVED] 120363160616746507@g.us: van a ser como la mitad de todos los minutos del wrapped
[2025-11-16T21:35:40.502Z] [RECEIVED] 120363160616746507@g.us: mi wrapped va a ser q si de 8.000 mins
[2025-11-16T21:35:49.357Z] [RECEIVED] 120363160616746507@g.us: pa q siga usando apks
[2025-11-16T21:35:54.592Z] [RECEIVED] 120363160616746507@g.us: pirata
[2025-11-16T21:35:58.418Z] [RECEIVED] 120363160616746507@g.us: q asco bro
[2025-11-16T21:36:01.143Z] [RECEIVED] 120363160616746507@g.us: 
[2025-11-16T21:36:01.912Z] [RECEIVED] 120363160616746507@g.us: 🤼‍♂️
[2025-11-16T21:37:12.145Z] [RECEIVED] 120363160616746507@g.us: habla
[2025-11-16T21:37:31.647Z] [RECEIVED] 120363160616746507@g.us: aja
[2025-11-16T21:37:41.986Z] [RECEIVED] 120363160616746507@g.us: pillala
[2025-11-16T21:37:50.857Z] [RECEIVED] 120363160616746507@g.us: voy
[2025-11-16T21:37:53.805Z] [RECEIVED] 120363160616746507@g.us: wall
[2025-11-16T21:38:01.377Z] [RECEIVED] 120363160616746507@g.us: 
[2025-11-16T21:41:36.171Z] [RECEIVED] 120363160616746507@g.us: 
[2025-11-16T21:45:24.593Z] [RECEIVED] 120363160616746507@g.us: 
[2025-11-16T21:46:18.277Z] [RECEIVED] 120363160616746507@g.us: 
[2025-11-16T21:48:42.859Z] [RECEIVED] 120363160616746507@g.us: 
[2025-11-16T21:48:44.896Z] [RECEIVED] 120363160616746507@g.us: #s
[2025-11-16T21:48:58.633Z] [RECEIVED] 120363160616746507@g.us: quejeso becerro
[2025-11-16T21:49:02.339Z] [RECEIVED] 120363160616746507@g.us: maldito bot
[2025-11-16T21:49:17.732Z] [RECEIVED] 120363160616746507@g.us: 🤼‍♂️
[2025-11-16T21:50:38.972Z] [RECEIVED] 120363160616746507@g.us: qtemazo
[2025-11-16T21:51:42.450Z] [RECEIVED] status@broadcast: 
[2025-11-16T21:53:25.215Z] [RECEIVED] 120363160616746507@g.us: eate
[2025-11-16T21:53:29.793Z] [RECEIVED] 120363160616746507@g.us: 
[2025-11-16T21:54:16.102Z] [RECEIVED] 120363160616746507@g.us: 
[2025-11-16T21:54:31.760Z] [RECEIVED] 120363160616746507@g.us: 
[2025-11-16T21:59:23.095Z] [RECEIVED] 120363160616746507@g.us: #ping
[2025-11-16T21:59:32.480Z] [RECEIVED] 120363160616746507@g.us: 
[2025-11-16T21:59:35.400Z] [RECEIVED] 120363160616746507@g.us: #s
[2025-11-16T22:00:00.482Z] [RECEIVED] 120363160616746507@g.us: gracias amoe
[2025-11-16T22:00:12.071Z] [RECEIVED] 120363160616746507@g.us: 
[2025-11-16T22:03:19.986Z] [RECEIVED] 120363160616746507@g.us: ese bot te trae loco hermano
[2025-11-16T22:06:55.703Z] [RECEIVED] 120363160616746507@g.us: esta es la más lala
[2025-11-16T22:06:56.786Z] [RECEIVED] 120363160616746507@g.us: mala
[2025-11-16T22:07:01.735Z] [RECEIVED] 120363160616746507@g.us: 
[2025-11-16T22:07:12.167Z] [RECEIVED] 120363160616746507@g.us: es buena igual
[2025-11-16T22:09:48.833Z] [RECEIVED] 120363160616746507@g.us: esta entra en cutouts relajao
[2025-11-16T22:09:53.794Z] [RECEIVED] 120363160616746507@g.us: 
[2025-11-16T22:09:56.313Z] [RECEIVED] 120363160616746507@g.us: perfecta
[2025-11-16T22:10:06.339Z] [RECEIVED] 120363160616746507@g.us: la letra es trememdo poema
[2025-11-16T22:10:14.507Z] [RECEIVED] 120363160616746507@g.us: 
[2025-11-16T22:10:20.105Z] [RECEIVED] 120363160616746507@g.us: #ping
[2025-11-16T22:12:00.988Z] [RECEIVED] 30837949124772@lid: #tt https://vm.tiktok.com/ZMA73KGyx/
[2025-11-16T22:12:30.857Z] [RECEIVED] 120363160616746507@g.us: 
[2025-11-16T22:12:33.024Z] [RECEIVED] 30837949124772@lid: #tt
[2025-11-16T22:12:35.586Z] [RECEIVED] 120363160616746507@g.us: #s
[2025-11-16T22:12:41.347Z] [RECEIVED] 30837949124772@lid: #tt https://vm.tiktok.com/ZMA73KGyx/
[2025-11-16T22:13:07.406Z] [RECEIVED] 120363160616746507@g.us: esta es de las mejores letras del bicho relajao
[2025-11-16T22:13:13.178Z] [RECEIVED] 120363160616746507@g.us: 
[2025-11-16T22:13:30.904Z] [RECEIVED] 120363160616746507@g.us: tuuuuuuuuuuuuuuuurn
[2025-11-16T22:14:04.980Z] [RECEIVED] 120363160616746507@g.us: 
[2025-11-16T22:14:21.407Z] [RECEIVED] 120363160616746507@g.us: 
[2025-11-16T22:15:03.082Z] [RECEIVED] 120363160616746507@g.us: 
[2025-11-16T22:16:05.182Z] [RECEIVED] 120363160616746507@g.us: 
[2025-11-16T22:16:26.268Z] [RECEIVED] 120363160616746507@g.us: 
[2025-11-16T22:16:28.743Z] [RECEIVED] 120363160616746507@g.us: #s
[2025-11-16T22:16:34.086Z] [RECEIVED] status@broadcast: Si alguien la ha usado que me explique 🤭
[2025-11-16T22:16:40.229Z] [RECEIVED] 120363160616746507@g.us: 
[2025-11-16T22:16:42.165Z] [RECEIVED] 120363160616746507@g.us: q locuea
[2025-11-16T22:16:48.169Z] [RECEIVED] 120363160616746507@g.us: se viene
[2025-11-16T22:16:53.008Z] [RECEIVED] 120363160616746507@g.us: uffff
[2025-11-16T22:17:00.624Z] [RECEIVED] 120363160616746507@g.us: 
[2025-11-16T22:17:12.203Z] [RECEIVED] 120363160616746507@g.us: yo le hubiera dado mas presencia al solo
[2025-11-16T22:17:22.497Z] [RECEIVED] 120363160616746507@g.us: uste q no sabe nada de música
[2025-11-16T22:17:28.107Z] [RECEIVED] 120363160616746507@g.us: habló el experto
[2025-11-16T22:17:32.703Z] [RECEIVED] 120363160616746507@g.us: nada mas por la derecha y bajito no pega tanto
[2025-11-16T22:17:47.852Z] [RECEIVED] 120363160616746507@g.us: temazo you know me
[2025-11-16T22:18:31.486Z] [RECEIVED] 120363160616746507@g.us: 
[2025-11-16T22:18:59.239Z] [RECEIVED] 30837949124772@lid: #tt https://vm.tiktok.com/ZMA73KGyx/
[2025-11-16T22:23:06.779Z] [RECEIVED] 120363160616746507@g.us: 5 estrellas
[2025-11-16T22:23:09.499Z] [RECEIVED] 30837949124772@lid: #tt https://vm.tiktok.com/ZMA73KGyx/
[2025-11-16T22:23:15.788Z] [RECEIVED] 120363160616746507@g.us: 4
[2025-11-16T22:23:27.566Z] [RECEIVED] 120363160616746507@g.us: 5 bro ahi sale thom yorke
[2025-11-16T22:23:42.192Z] [RECEIVED] 120363160616746507@g.us: le tengo eso
[2025-11-16T22:25:48.902Z] [RECEIVED] 120363160616746507@g.us: 
[2025-11-16T22:42:52.206Z] [RECEIVED] 120363160616746507@g.us: @39106298044576 es q a zahir lo botaron de allá de donde taba o q
[2025-11-16T22:43:12.642Z] [RECEIVED] 120363160616746507@g.us: pq la presidenta subió una foto y ta jugando con soccer
[2025-11-16T22:43:50.332Z] [RECEIVED] 120363160616746507@g.us: Tan de vacaciones
[2025-11-16T22:44:01.780Z] [RECEIVED] 120363160616746507@g.us: No ve q los eliminaron ya de la futbe jr
[2025-11-16T22:44:27.340Z] [RECEIVED] 120363160616746507@g.us: como
[2025-11-16T22:45:03.788Z] [RECEIVED] 120363160616746507@g.us: 
[2025-11-16T22:47:52.267Z] [RECEIVED] 120363160616746507@g.us: q malos
[2025-11-16T22:48:06.432Z] [RECEIVED] 120363160616746507@g.us: claro pq la futve de aquí lo hacen como aquí
[2025-11-16T22:48:20.911Z] [RECEIVED] 120363160616746507@g.us: 
[2025-11-16T22:48:26.725Z] [RECEIVED] 120363160616746507@g.us: 
[2025-11-16T22:52:05.149Z] [RECEIVED] status@broadcast: 
[2025-11-16T22:52:36.152Z] [RECEIVED] status@broadcast: 
[2025-11-16T22:59:34.945Z] [RECEIVED] 120363160616746507@g.us: maldita sea
[2025-11-16T22:59:52.056Z] [RECEIVED] 120363160616746507@g.us: 
[2025-11-16T23:02:30.386Z] [RECEIVED] 120363160616746507@g.us: 
[2025-11-16T23:02:49.371Z] [RECEIVED] 120363160616746507@g.us: 
[2025-11-16T23:06:07.684Z] [RECEIVED] 30837949124772@lid: #ping
[2025-11-16T23:06:17.453Z] [RECEIVED] 30837949124772@lid: #tt https://vm.tiktok.com/ZMA73KGyx/
[2025-11-16T23:13:05.203Z] [RECEIVED] 120363160616746507@g.us: 
[2025-11-16T23:14:18.315Z] [RECEIVED] 120363160616746507@g.us: eso q
[2025-11-16T23:14:21.799Z] [RECEIVED] 120363160616746507@g.us: 
[2025-11-16T23:14:26.510Z] [RECEIVED] 120363160616746507@g.us: de pinterest
[2025-11-16T23:14:32.199Z] [RECEIVED] 120363160616746507@g.us: 
[2025-11-16T23:14:48.413Z] [RECEIVED] 120363160616746507@g.us: som buenas esas ilustraciones si o q primo
[2025-11-16T23:15:49.154Z] [RECEIVED] 120363160616746507@g.us: Take a look! 📌 https://pin.it/6HkKTxvGe
[2025-11-16T23:16:04.391Z] [RECEIVED] 120363160616746507@g.us: 🤼‍♂️
[2025-11-16T23:16:08.216Z] [RECEIVED] 120363160616746507@g.us: sisa
[2025-11-16T23:22:08.648Z] [RECEIVED] 120363160616746507@g.us: hablame
[2025-11-16T23:22:19.980Z] [RECEIVED] 120363160616746507@g.us: dime algo broder
[2025-11-16T23:22:25.084Z] [RECEIVED] 120363160616746507@g.us: bobo mongólico
[2025-11-16T23:22:29.995Z] [RECEIVED] 120363160616746507@g.us: aaaa
[2025-11-16T23:22:31.580Z] [RECEIVED] 120363160616746507@g.us: basura
[2025-11-16T23:22:34.149Z] [RECEIVED] 120363160616746507@g.us: bueno
[2025-11-16T23:22:53.148Z] [RECEIVED] 120363160616746507@g.us: 
[2025-11-16T23:22:57.226Z] [RECEIVED] 30837949124772@lid: #ping
[2025-11-16T23:23:03.829Z] [RECEIVED] 120363160616746507@g.us: bueno mande otra
[2025-11-16T23:23:04.600Z] [RECEIVED] 30837949124772@lid: #tt https://vm.tiktok.com/ZMA73KGyx/
[2025-11-16T23:23:08.789Z] [RECEIVED] 120363160616746507@g.us: 
[2025-11-16T23:23:32.414Z] [RECEIVED] 120363160616746507@g.us: 
[2025-11-16T23:23:42.123Z] [RECEIVED] 120363160616746507@g.us: JAJAJAJAJA mire esa foto sapegato
[2025-11-16T23:23:46.227Z] [RECEIVED] 120363160616746507@g.us: q foto
[2025-11-16T23:23:51.774Z] [RECEIVED] 120363160616746507@g.us: la de ese contacto
[2025-11-16T23:23:52.593Z] [RECEIVED] 120363160616746507@g.us: no la puedo ver
[2025-11-16T23:24:10.670Z] [RECEIVED] 120363160616746507@g.us: como q no
[2025-11-16T23:24:15.944Z] [RECEIVED] 120363160616746507@g.us: ps no mmgv
[2025-11-16T23:24:27.559Z] [RECEIVED] 120363160616746507@g.us: a ud le saldra pq lo tiene agregadi
[2025-11-16T23:24:48.206Z] [RECEIVED] 120363160616746507@g.us: yo no lo tengo agregado
[2025-11-16T23:24:48.687Z] [RECEIVED] 120363160616746507@g.us: mande una seria ps
[2025-11-16T23:24:53.297Z] [RECEIVED] 120363160616746507@g.us: una inalcanzable
[2025-11-16T23:24:59.302Z] [RECEIVED] 120363160616746507@g.us: pa bajala de ese palo
[2025-11-16T23:25:07.421Z] [RECEIVED] 120363160616746507@g.us: 🤼‍♂️
[2025-11-16T23:25:33.668Z] [RECEIVED] 120363160616746507@g.us: #reel https://www.instagram.com/reel/DOhtbeAkfKi/?igsh=Z2JhYWRycnRkc2ly
[2025-11-16T23:25:43.590Z] [RECEIVED] 120363160616746507@g.us: 
[2025-11-16T23:25:47.658Z] [RECEIVED] 120363160616746507@g.us: no tengo
[2025-11-16T23:25:50.260Z] [RECEIVED] 120363160616746507@g.us: 
[2025-11-16T23:25:54.410Z] [RECEIVED] 120363160616746507@g.us: Arregle eso
[2025-11-16T23:25:57.057Z] [RECEIVED] 120363160616746507@g.us: ya las alcancé yo todas
[2025-11-16T23:25:57.486Z] [RECEIVED] 120363160616746507@g.us: #reel https://www.instagram.com/reel/DOhtbeAkfKi/?igsh=Z2JhYWRycnRkc2ly
[2025-11-16T23:26:06.410Z] [RECEIVED] 120363160616746507@g.us: 🎿
[2025-11-16T23:26:07.809Z] [RECEIVED] 120363160616746507@g.us: #reel https://www.instagram.com/reel/DOhtbeAkfKi/?igsh=Z2JhYWRycnRkc2ly
[2025-11-16T23:26:18.769Z] [RECEIVED] 120363160616746507@g.us: 
[2025-11-16T23:28:10.829Z] [RECEIVED] 120363160616746507@g.us: 
[2025-11-16T23:29:13.596Z] [RECEIVED] 120363160616746507@g.us: 
[2025-11-16T23:29:17.070Z] [RECEIVED] 120363160616746507@g.us: out here
[2025-11-16T23:29:25.339Z] [RECEIVED] 120363160616746507@g.us: barely see my breathe
[2025-11-16T23:29:30.727Z] [RECEIVED] 120363160616746507@g.us: sorrounded
[2025-11-16T23:29:37.183Z] [RECEIVED] 120363160616746507@g.us: by jealousy and death
[2025-11-16T23:31:09.825Z] [RECEIVED] 120363160616746507@g.us: @30837949124772
[2025-11-16T23:31:11.509Z] [RECEIVED] 120363160616746507@g.us: o q
[2025-11-16T23:31:20.274Z] [RECEIVED] 120363160616746507@g.us: subi de arena
[2025-11-16T23:31:21.605Z] [RECEIVED] 120363160616746507@g.us: 15
[2025-11-16T23:31:28.544Z] [RECEIVED] 120363160616746507@g.us: llegué a 5k copas
[2025-11-16T23:31:34.597Z] [RECEIVED] 120363160616746507@g.us: alaputa
[2025-11-16T23:31:40.305Z] [RECEIVED] 120363160616746507@g.us: q
[2025-11-16T23:31:55.635Z] [RECEIVED] 120363160616746507@g.us: mmgv si hace tres semanas tenia mas q ud
[2025-11-16T23:31:58.286Z] [RECEIVED] 120363160616746507@g.us: alaputa ud
[2025-11-16T23:32:10.051Z] [RECEIVED] 120363160616746507@g.us: toy una arena debajo
[2025-11-16T23:56:48.740Z] [RECEIVED] 120363160616746507@g.us: ya me aburrí
[2025-11-16T23:56:57.321Z] [RECEIVED] 120363160616746507@g.us: jqjajajajajjjajaja
[2025-11-16T23:57:14.453Z] [RECEIVED] 120363160616746507@g.us: 
[2025-11-16T23:58:31.469Z] [RECEIVED] 120363160616746507@g.us: calidad jugar en x7 de elixir con puro clon y espejo
[2025-11-16T23:58:41.383Z] [RECEIVED] 120363160616746507@g.us: el q se le salga el juego primero pierde
[2025-11-16T23:58:53.263Z] [RECEIVED] 120363160616746507@g.us: 
[2025-11-16T23:59:01.436Z] [RECEIVED] 120363160616746507@g.us: 🤼‍♂️
[2025-11-16T23:59:09.875Z] [RECEIVED] 120363160616746507@g.us: lotengopapiao
[2025-11-16T23:59:15.564Z] [RECEIVED] 120363160616746507@g.us: pufg
[2025-11-16T23:59:24.060Z] [RECEIVED] 120363160616746507@g.us: taba probando cualquier mazo q se me ocurriera
[2025-11-16T23:59:31.265Z] [RECEIVED] 120363160616746507@g.us: y le gané 2 así
[2025-11-16T23:59:33.715Z] [RECEIVED] 120363160616746507@g.us: 
[2025-11-16T23:59:38.413Z] [RECEIVED] 120363160616746507@g.us: 🤼‍♂️
[2025-11-16T23:59:42.985Z] [RECEIVED] 120363160616746507@g.us: 2/7
[2025-11-17T00:01:20.983Z] [RECEIVED] 120363160616746507@g.us: 71.4 a 29.6 bro
[2025-11-17T00:06:45.996Z] [RECEIVED] 120363160616746507@g.us: 
[2025-11-17T00:38:54.553Z] [RECEIVED] status@broadcast: 
[2025-11-17T01:13:29.363Z] [RECEIVED] 120363160616746507@g.us: #tt https://vm.tiktok.com/ZMAcJcabJ/
[2025-11-17T01:13:55.153Z] [RECEIVED] status@broadcast: 
[2025-11-17T01:17:15.923Z] [RECEIVED] status@broadcast: Jugando a jugar cartas
[2025-11-17T01:17:29.082Z] [RECEIVED] status@broadcast: 
[2025-11-17T01:24:57.766Z] [RECEIVED] status@broadcast: 
[2025-11-17T01:25:26.222Z] [RECEIVED] status@broadcast: 
[2025-11-17T01:25:36.174Z] [RECEIVED] status@broadcast: Jugando a jugar cartas
[2025-11-17T01:33:48.212Z] [RECEIVED] 120363160616746507@g.us: 
[2025-11-17T01:33:52.116Z] [RECEIVED] 120363160616746507@g.us: @30837949124772
[2025-11-17T01:34:16.653Z] [RECEIVED] status@broadcast: 
[2025-11-17T01:34:43.462Z] [RECEIVED] 120363160616746507@g.us: 
[2025-11-17T01:34:49.172Z] [RECEIVED] 120363160616746507@g.us: de pana
[2025-11-17T02:21:29.986Z] [RECEIVED] 120363160616746507@g.us: @30837949124772
[2025-11-17T02:21:32.360Z] [RECEIVED] 120363160616746507@g.us: Lo q conseguí
[2025-11-17T02:21:36.037Z] [RECEIVED] 120363160616746507@g.us: #tt https://vm.tiktok.com/ZMAcequKh/
[2025-11-17T02:21:43.327Z] [RECEIVED] 120363160616746507@g.us: q
[2025-11-17T02:21:49.742Z] [RECEIVED] 120363160616746507@g.us: 
[2025-11-17T02:22:01.274Z] [RECEIVED] 120363160616746507@g.us: enero del 2023
[2025-11-17T02:22:03.401Z] [RECEIVED] 120363160616746507@g.us: alaputa
[2025-11-17T02:22:37.819Z] [RECEIVED] 120363160616746507@g.us: Taba bueno el edit
[2025-11-17T02:23:02.599Z] [RECEIVED] 120363160616746507@g.us: busque los de alosno
[2025-11-17T02:24:44.138Z] [RECEIVED] 120363160616746507@g.us: #tt https://vm.tiktok.com/ZMAcdkn5f/
[2025-11-17T02:24:59.924Z] [RECEIVED] 120363160616746507@g.us: Ni siquiera se que dice la canción 👌
[2025-11-17T02:27:24.135Z] [RECEIVED] status@broadcast: 
[2025-11-17T02:37:50.790Z] [RECEIVED] status@broadcast: 
[2025-11-17T02:38:55.094Z] [RECEIVED] status@broadcast: 
[2025-11-17T03:55:11.558Z] [RECEIVED] status@broadcast: Magnesio, vitamina y colágeno… 👌🏻
[2025-11-17T03:55:42.972Z] [RECEIVED] 251891527225594@lid: 
[2025-11-17T03:55:51.910Z] [RECEIVED] 120363160616746507@g.us: #ping
[2025-11-17T03:56:43.170Z] [RECEIVED] 120363160616746507@g.us: #tt https://vm.tiktok.com/ZMAcdKm21/
[2025-11-17T04:29:15.378Z] [RECEIVED] status@broadcast: 
[2025-11-17T04:30:57.173Z] [RECEIVED] 30837949124772@lid: #tt https://vm.tiktok.com/ZMAcRCtUN/
[2025-11-17T05:03:58.774Z] [RECEIVED] status@broadcast: 
[2025-11-17T12:14:39.939Z] [RECEIVED] 120363160616746507@g.us: #reel https://www.instagram.com/reel/DMjCEPqxPgJ/?igsh=MWgxdzNiNnZ5NzlxdQ==
[2025-11-17T12:14:45.335Z] [RECEIVED] 120363160616746507@g.us: Nojoda
[2025-11-17T12:45:48.341Z] [RECEIVED] 120363160616746507@g.us: larks tongues en clase
[2025-11-17T12:45:51.273Z] [RECEIVED] 120363160616746507@g.us: maldito disco
[2025-11-17T12:47:31.787Z] [RECEIVED] 120363160616746507@g.us: una paja en clase cuando
[2025-11-17T12:48:02.395Z] [RECEIVED] 120363160616746507@g.us: todavia no
[2025-11-17T12:48:04.695Z] [RECEIVED] 120363160616746507@g.us: peligroso
[2025-11-17T12:59:24.186Z] [RECEIVED] status@broadcast: 
[2025-11-17T12:59:45.854Z] [RECEIVED] status@broadcast: 
[2025-11-17T13:06:32.288Z] [RECEIVED] status@broadcast: 
[2025-11-17T13:09:08.782Z] [RECEIVED] status@broadcast: 
[2025-11-17T13:21:46.995Z] [RECEIVED] status@broadcast: 
[2025-11-17T13:21:59.455Z] [RECEIVED] status@broadcast: 
[2025-11-17T13:23:21.320Z] [RECEIVED] status@broadcast: 
[2025-11-17T13:24:06.204Z] [RECEIVED] status@broadcast: 
[2025-11-17T13:24:40.030Z] [RECEIVED] status@broadcast: 
[2025-11-17T13:25:00.724Z] [RECEIVED] status@broadcast: 
[2025-11-17T13:28:35.636Z] [RECEIVED] status@broadcast: 
[2025-11-17T13:28:38.049Z] [RECEIVED] status@broadcast: 
[2025-11-17T13:29:00.544Z] [RECEIVED] status@broadcast: 
[2025-11-17T13:34:13.842Z] [RECEIVED] status@broadcast: 
[2025-11-17T13:47:21.128Z] [RECEIVED] 120363160616746507@g.us: MALDITASEA
[2025-11-17T13:47:24.180Z] [RECEIVED] 120363160616746507@g.us: Me encontré a mi egg
[2025-11-17T13:47:28.760Z] [RECEIVED] 120363160616746507@g.us: 💔
[2025-11-17T13:48:26.366Z] [RECEIVED] 120363160616746507@g.us: se encontró el webo
[2025-11-17T13:50:50.272Z] [RECEIVED] 120363160616746507@g.us: 
[2025-11-17T13:50:54.806Z] [RECEIVED] 120363160616746507@g.us: Esq ando en la U
[2025-11-17T13:50:56.808Z] [RECEIVED] 120363160616746507@g.us: Y me la topé
[2025-11-17T13:55:50.055Z] [RECEIVED] status@broadcast: 
[2025-11-17T13:55:52.078Z] [RECEIVED] status@broadcast: 
[2025-11-17T14:09:24.434Z] [RECEIVED] status@broadcast: 
[2025-11-17T14:09:45.626Z] [RECEIVED] status@broadcast: 
[2025-11-17T14:09:55.136Z] [RECEIVED] 120363160616746507@g.us: y q pasa ps
[2025-11-17T14:10:01.679Z] [RECEIVED] 120363160616746507@g.us: le tienes miedo bro?
[2025-11-17T14:40:16.552Z] [RECEIVED] status@broadcast: 
[2025-11-17T15:15:57.242Z] [RECEIVED] 120363160616746507@g.us: 
[2025-11-17T15:16:11.388Z] [RECEIVED] status@broadcast: 
[2025-11-17T15:21:54.950Z] [RECEIVED] status@broadcast: 🎄
[2025-11-17T15:22:59.131Z] [RECEIVED] status@broadcast: Los maluma baby 🤣🤣🥰🥰🥰🥰
[2025-11-17T15:23:50.214Z] [RECEIVED] status@broadcast: 
[2025-11-17T15:25:31.150Z] [RECEIVED] status@broadcast: Día 1: 3 millas en 30 min 🥵
[2025-11-17T15:36:46.993Z] [RECEIVED] status@broadcast: Seguimos en nuestra formación en la UNELLEZ ⚖️
[2025-11-17T15:37:31.354Z] [RECEIVED] status@broadcast: 
[2025-11-17T15:39:51.765Z] [RECEIVED] status@broadcast: 
[2025-11-17T15:53:53.761Z] [RECEIVED] status@broadcast: 
[2025-11-17T16:28:27.476Z] [RECEIVED] 30837949124772@lid: #ping
[2025-11-17T16:30:06.828Z] [RECEIVED] 120363160616746507@g.us: 
[2025-11-17T16:31:18.395Z] [RECEIVED] 30837949124772@lid: #tt https://vm.tiktok.com/ZMAcrv5um/
[2025-11-17T16:31:52.655Z] [RECEIVED] 120363387470929207@g.us: #tt https://vm.tiktok.com/ZMAcrv5um/
[2025-11-17T16:37:15.747Z] [RECEIVED] 120363160616746507@g.us: HERMANOS
[2025-11-17T16:37:24.731Z] [RECEIVED] 120363160616746507@g.us: 
[2025-11-17T16:38:18.174Z] [RECEIVED] 120363160616746507@g.us: 
[2025-11-17T16:38:42.647Z] [RECEIVED] 120363160616746507@g.us: q pasó q no mataron a maduro
[2025-11-17T16:38:45.375Z] [RECEIVED] 120363160616746507@g.us: nojoda
[2025-11-17T16:38:48.602Z] [RECEIVED] 120363160616746507@g.us: Qn sabe
[2025-11-17T16:38:56.082Z] [RECEIVED] 120363160616746507@g.us: tiene q hacer uno las vainas si no no hacen nada
[2025-11-17T16:39:11.179Z] [RECEIVED] 120363160616746507@g.us: 
[2025-11-17T16:39:57.160Z] [RECEIVED] 120363160616746507@g.us: 
[2025-11-17T16:41:14.513Z] [RECEIVED] status@broadcast: Llévensela rápido que me va a robar el almuerzo (literalmente)
[2025-11-17T16:54:57.764Z] [RECEIVED] status@broadcast: Venden 60
[2025-11-17T17:01:56.609Z] [RECEIVED] 120363387470929207@g.us: #tt https://vm.tiktok.com/ZMAch43nM/
[2025-11-17T17:02:06.086Z] [RECEIVED] 120363387470929207@g.us: todos son los MY BOMVO @39106298044576
[2025-11-17T17:05:09.511Z] [RECEIVED] 120363387470929207@g.us: JAJSKAKS
[2025-11-17T17:20:01.361Z] [RECEIVED] 120363160616746507@g.us: 
[2025-11-17T17:23:33.613Z] [RECEIVED] 120363160616746507@g.us: 
[2025-11-17T17:24:01.688Z] [RECEIVED] 120363160616746507@g.us: pero se cagó o q
[2025-11-17T17:24:03.349Z] [RECEIVED] 120363160616746507@g.us: pq se sale
[2025-11-17T17:24:10.308Z] [RECEIVED] 120363160616746507@g.us: 
[2025-11-17T17:24:21.057Z] [RECEIVED] 120363160616746507@g.us: se cagó pq la otra se la iba a ganar
[2025-11-17T17:24:25.935Z] [RECEIVED] 120363160616746507@g.us: 4 - 0
[2025-11-17T17:24:31.864Z] [RECEIVED] 120363160616746507@g.us: 3
[2025-11-17T17:24:32.295Z] [RECEIVED] 120363160616746507@g.us: una ultima o q
[2025-11-17T17:24:37.241Z] [RECEIVED] 120363160616746507@g.us: entre
[2025-11-17T17:25:05.092Z] [RECEIVED] 120363160616746507@g.us: dele
[2025-11-17T17:28:25.105Z] [RECEIVED] 120363160616746507@g.us: 
[2025-11-17T17:28:31.478Z] [RECEIVED] 120363160616746507@g.us: pero quien tiene más copas pues
[2025-11-17T17:29:21.207Z] [RECEIVED] 120363160616746507@g.us: 
[2025-11-17T17:29:28.418Z] [RECEIVED] 120363160616746507@g.us: #s
[2025-11-17T17:30:09.009Z] [RECEIVED] 120363160616746507@g.us: 
[2025-11-17T17:30:10.516Z] [RECEIVED] 120363160616746507@g.us: #s
[2025-11-17T17:32:28.648Z] [RECEIVED] status@broadcast: 
[2025-11-17T17:41:33.566Z] [RECEIVED] 120363160616746507@g.us: 
[2025-11-17T17:42:16.723Z] [RECEIVED] 120363160616746507@g.us: disco hoy o q
[2025-11-17T17:42:28.260Z] [RECEIVED] 120363160616746507@g.us: 
[2025-11-17T17:43:08.739Z] [RECEIVED] 120363160616746507@g.us: tengo dos examenes mñn
[2025-11-17T17:43:11.338Z] [RECEIVED] 120363160616746507@g.us: 
[2025-11-17T17:43:22.338Z] [RECEIVED] 120363160616746507@g.us: ajá y q pasa
[2025-11-17T17:43:28.653Z] [RECEIVED] 120363160616746507@g.us: 
[2025-11-17T17:47:02.199Z] [RECEIVED] 120363160616746507@g.us: y es q allá no le da tiempo de estudiar en el salón o q
[2025-11-17T17:48:13.638Z] [RECEIVED] 120363160616746507@g.us: no da tiempo a nada
[2025-11-17T17:48:24.888Z] [RECEIVED] 120363160616746507@g.us: no hay descanso con ninguna materia broder
[2025-11-17T17:48:38.105Z] [RECEIVED] 120363160616746507@g.us: como así
[2025-11-17T17:48:45.772Z] [RECEIVED] 120363160616746507@g.us: no tienen recreo 🥺
[2025-11-17T17:49:03.586Z] [RECEIVED] 120363160616746507@g.us: nojoda ni 10 minutos
[2025-11-17T17:49:45.576Z] [RECEIVED] 120363160616746507@g.us: media hora
[2025-11-17T17:49:54.641Z] [RECEIVED] 120363160616746507@g.us: pero tengo el examen mñn a primera
[2025-11-17T17:49:59.654Z] [RECEIVED] 120363160616746507@g.us: el arrecho
[2025-11-17T17:50:13.629Z] [RECEIVED] 120363160616746507@g.us: el otro es a ultima entonces lo repaso relajao
[2025-11-17T17:50:39.753Z] [RECEIVED] 120363160616746507@g.us: y de q es
[2025-11-17T17:51:33.527Z] [RECEIVED] 120363160616746507@g.us: historia
[2025-11-17T17:52:43.476Z] [RECEIVED] 120363160616746507@g.us: ahh eso es fácil
[2025-11-17T17:52:47.072Z] [RECEIVED] 120363160616746507@g.us: simón bolivar y eso
[2025-11-17T17:52:51.612Z] [RECEIVED] 120363160616746507@g.us: sisa
[2025-11-17T17:52:52.490Z] [RECEIVED] 120363160616746507@g.us: 
[2025-11-17T17:52:57.647Z] [RECEIVED] 120363160616746507@g.us: francisco de mirando
[2025-11-17T17:53:08.256Z] [RECEIVED] 120363160616746507@g.us: jose antonio paez
[2025-11-17T17:53:14.083Z] [RECEIVED] 120363160616746507@g.us: sucre
[2025-11-17T17:53:15.557Z] [RECEIVED] 120363160616746507@g.us: paez
[2025-11-17T17:53:21.318Z] [RECEIVED] 120363160616746507@g.us: negro primero
[2025-11-17T17:53:21.818Z] [RECEIVED] 120363160616746507@g.us: ahh ya lo puso
[2025-11-17T17:53:35.873Z] [RECEIVED] 120363160616746507@g.us: manuelita saenz
[2025-11-17T17:54:10.925Z] [RECEIVED] 120363160616746507@g.us: simón díaz
[2025-11-17T17:54:17.419Z] [RECEIVED] 120363160616746507@g.us: alí primera
[2025-11-17T17:54:38.812Z] [RECEIVED] 120363160616746507@g.us: 
[2025-11-17T17:54:45.779Z] [RECEIVED] 120363160616746507@g.us: gustavo petro
[2025-11-17T17:54:47.386Z] [RECEIVED] 120363160616746507@g.us: uribe
[2025-11-17T17:54:50.851Z] [RECEIVED] 120363160616746507@g.us: pablo escobar
[2025-11-17T17:54:53.416Z] [RECEIVED] 120363160616746507@g.us: santos
[2025-11-17T17:54:59.606Z] [RECEIVED] 120363160616746507@g.us: falcao
[2025-11-17T17:55:00.735Z] [RECEIVED] 120363160616746507@g.us: james
[2025-11-17T17:55:08.067Z] [RECEIVED] 120363160616746507@g.us: lucho
[2025-11-17T17:55:16.634Z] [RECEIVED] 120363160616746507@g.us: benzema
[2025-11-17T17:55:17.927Z] [RECEIVED] 120363160616746507@g.us: vini
[2025-11-17T17:55:19.436Z] [RECEIVED] 120363160616746507@g.us: modric
[2025-11-17T17:55:35.183Z] [RECEIVED] 120363160616746507@g.us: esos bichos todos eran maricos
[2025-11-17T17:55:43.547Z] [RECEIVED] 120363160616746507@g.us: 
[2025-11-17T17:55:51.819Z] [RECEIVED] 120363160616746507@g.us: sucre se cogía a bolivar encima del caballo
[2025-11-17T18:00:42.088Z] [RECEIVED] 120363160616746507@g.us: eso sale en la pelicula yo lo vi
[2025-11-17T18:01:11.352Z] [RECEIVED] 120363160616746507@g.us: eso seguro fue q lo empezaron a usar bichos q eran maricos de verdad pues
[2025-11-17T18:01:25.269Z] [RECEIVED] 120363160616746507@g.us: y entonces los otros al ver q ellos lo usaban pero no eran maricos pues les dió arrechera
[2025-11-17T18:01:28.433Z] [RECEIVED] 120363160616746507@g.us: digo yo
[2025-11-17T18:01:30.870Z] [RECEIVED] 120363160616746507@g.us: yo taba ahí
[2025-11-17T18:01:48.167Z] [RECEIVED] 120363160616746507@g.us: para pensar
[2025-11-17T18:03:17.354Z] [RECEIVED] 120363160616746507@g.us: sisa fue así
[2025-11-17T18:03:22.546Z] [RECEIVED] 120363160616746507@g.us: yo taba ahí
[2025-11-17T18:03:25.140Z] [RECEIVED] 120363160616746507@g.us: ahi ta
[2025-11-17T18:03:26.976Z] [RECEIVED] 120363160616746507@g.us: sisa fue así
[2025-11-17T18:03:30.872Z] [RECEIVED] 120363160616746507@g.us: comprobado por la ka
[2025-11-17T18:03:32.866Z] [RECEIVED] 120363160616746507@g.us: ve
[2025-11-17T18:03:35.992Z] [RECEIVED] 120363160616746507@g.us: 
[2025-11-17T18:03:36.851Z] [RECEIVED] 120363160616746507@g.us: #ping
[2025-11-17T18:03:40.729Z] [RECEIVED] 120363160616746507@g.us: no le digo yo
[2025-11-17T18:04:07.817Z] [RECEIVED] 120363160616746507@g.us: #tt https://vm.tiktok.com/ZMAcrv5um/
[2025-11-17T18:04:29.258Z] [RECEIVED] 120363160616746507@g.us: @39106298044576 ya descarga imágenes de tiktok
[2025-11-17T18:04:54.605Z] [RECEIVED] 120363160616746507@g.us: la tajada ya es avaricia
[2025-11-17T18:05:02.599Z] [RECEIVED] 120363160616746507@g.us: con el puro arroz se llena
[2025-11-17T18:05:07.119Z] [RECEIVED] 120363160616746507@g.us: un huevo frito ahí uff
[2025-11-17T18:05:10.794Z] [RECEIVED] 120363160616746507@g.us: 
[2025-11-17T18:05:47.951Z] [RECEIVED] 120363160616746507@g.us: 
[2025-11-17T18:06:06.102Z] [RECEIVED] 120363160616746507@g.us: 
[2025-11-17T18:06:11.798Z] [RECEIVED] 120363160616746507@g.us: 
[2025-11-17T18:06:15.317Z] [RECEIVED] 120363160616746507@g.us: avc si avc no
[2025-11-17T18:06:53.581Z] [RECEIVED] 120363160616746507@g.us: el bicho si cr7 no 🤼‍♂️
[2025-11-17T18:06:56.014Z] [RECEIVED] 30837949124772@lid: #ttaud https://vm.tiktok.com/ZMAcrv5um/
[2025-11-17T18:07:25.677Z] [RECEIVED] 30837949124772@lid: #ttaud https://vm.tiktok.com/ZMAch43nM/
[2025-11-17T18:08:11.693Z] [RECEIVED] 120363160616746507@g.us: 
[2025-11-17T18:08:15.248Z] [RECEIVED] 120363160616746507@g.us: #s
[2025-11-17T18:08:44.251Z] [RECEIVED] 120363160616746507@g.us: 
[2025-11-17T18:09:00.267Z] [RECEIVED] 120363160616746507@g.us: 
[2025-11-17T18:09:28.570Z] [RECEIVED] 120363160616746507@g.us: #s
[2025-11-17T18:09:36.973Z] [RECEIVED] 120363160616746507@g.us: #aaaaaaaa
[2025-11-17T18:09:49.969Z] [RECEIVED] 120363160616746507@g.us: #aaaaaaaaaaaaaaaaaa
[2025-11-17T18:09:59.877Z] [RECEIVED] 120363160616746507@g.us: #okeeeeeeey
[2025-11-17T18:10:09.018Z] [RECEIVED] 120363160616746507@g.us: ah vaina
[2025-11-17T18:10:17.009Z] [RECEIVED] 120363160616746507@g.us: #s
[2025-11-17T18:10:31.399Z] [RECEIVED] 120363160616746507@g.us: #smedia
[2025-11-17T18:10:43.098Z] [RECEIVED] 120363160616746507@g.us: nuevo fondo de pantalla
[2025-11-17T18:10:44.178Z] [RECEIVED] 120363160616746507@g.us: un mostro
[2025-11-17T18:10:45.162Z] [RECEIVED] 120363160616746507@g.us: 🤼‍♂️
[2025-11-17T18:12:42.894Z] [RECEIVED] 120363160616746507@g.us: 
[2025-11-17T18:15:17.441Z] [RECEIVED] 120363160616746507@g.us: 
[2025-11-17T18:15:21.409Z] [RECEIVED] 120363160616746507@g.us: #s
[2025-11-17T18:16:33.427Z] [RECEIVED] 120363160616746507@g.us: 
[2025-11-17T18:17:14.760Z] [RECEIVED] 120363160616746507@g.us: 
[2025-11-17T18:17:21.329Z] [RECEIVED] 120363387470929207@g.us: 😭😭😭
[2025-11-17T18:17:27.835Z] [RECEIVED] 120363160616746507@g.us: 
[2025-11-17T18:17:32.056Z] [RECEIVED] 120363387470929207@g.us: 
[2025-11-17T18:17:39.698Z] [RECEIVED] 120363387470929207@g.us: KAKSKAKAKAKAAAKKAKA
[2025-11-17T18:17:42.989Z] [RECEIVED] 120363387470929207@g.us: KAKAKAKAKAKAKAKKAKAAKAKAKA
[2025-11-17T18:17:45.857Z] [RECEIVED] 120363387470929207@g.us: YA MEJOR MIERDA
[2025-11-17T18:17:50.691Z] [RECEIVED] 120363387470929207@g.us: ahorita viene anuel pues, pa hacer el trio con feid
[2025-11-17T18:17:52.059Z] [RECEIVED] 120363387470929207@g.us: 
[2025-11-17T18:17:55.295Z] [RECEIVED] 120363387470929207@g.us: Claro
[2025-11-17T18:18:06.350Z] [RECEIVED] 120363387470929207@g.us: 
[2025-11-17T18:18:34.650Z] [RECEIVED] 120363387470929207@g.us: le robó el grammy a álbum del año y la mete al nuevo álbum
[2025-11-17T18:18:38.230Z] [RECEIVED] 120363387470929207@g.us: 
[2025-11-17T18:19:55.779Z] [RECEIVED] 120363387470929207@g.us: Ya la cago
[2025-11-17T18:20:05.271Z] [RECEIVED] 120363387470929207@g.us: De pana
[2025-11-17T18:20:17.943Z] [RECEIVED] 120363387470929207@g.us: Ya nada más por eso es una mrd
[2025-11-17T18:20:27.727Z] [RECEIVED] 120363387470929207@g.us: 
[2025-11-17T18:20:56.897Z] [RECEIVED] 120363160616746507@g.us: con el aire prendido todo el dia dañando la capa de ozuna
[2025-11-17T18:21:01.197Z] [RECEIVED] 120363160616746507@g.us: 👎
[2025-11-17T18:21:07.176Z] [RECEIVED] 120363387470929207@g.us: lo único q salvaría el disco sería q el próximo tema sea con Brayan Fokin
[2025-11-17T18:21:07.767Z] [RECEIVED] 120363387470929207@g.us: 
[2025-11-17T18:21:09.542Z] [RECEIVED] 120363387470929207@g.us: si no nada
[2025-11-17T18:21:20.494Z] [RECEIVED] 120363160616746507@g.us: 
[2025-11-17T18:21:52.394Z] [RECEIVED] 120363160616746507@g.us: 
[2025-11-17T18:22:00.815Z] [RECEIVED] 120363387470929207@g.us: Hp gato
[2025-11-17T18:22:02.672Z] [RECEIVED] 120363387470929207@g.us: No se fue
[2025-11-17T18:22:07.098Z] [RECEIVED] 120363387470929207@g.us: 
[2025-11-17T18:22:59.517Z] [RECEIVED] 120363160616746507@g.us: 
[2025-11-17T18:26:03.503Z] [RECEIVED] 30837949124772@lid: 
[2025-11-17T18:26:06.774Z] [RECEIVED] 30837949124772@lid: #smedia
[2025-11-17T18:27:41.885Z] [RECEIVED] 120363160616746507@g.us: 
[2025-11-17T18:27:53.157Z] [RECEIVED] 120363160616746507@g.us: 
[2025-11-17T18:28:16.042Z] [RECEIVED] 120363160616746507@g.us: DE MARIWANA ON TE TEIBOL
[2025-11-17T18:28:18.228Z] [RECEIVED] 120363160616746507@g.us: 
[2025-11-17T18:28:31.316Z] [RECEIVED] 120363160616746507@g.us: Cucha esta @236347956666463
[2025-11-17T18:28:34.185Z] [RECEIVED] 120363160616746507@g.us: #ytmp4
[2025-11-17T18:29:06.091Z] [RECEIVED] 120363160616746507@g.us: #ytaud cooking up neutro shorty jon Z
[2025-11-17T18:29:06.091Z] [RECEIVED] 120363160616746507@g.us: #ytaudio cooking up neutro shorty jon Z
[2025-11-17T18:29:45.531Z] [RECEIVED] 120363160616746507@g.us: @236347956666463
[2025-11-17T18:29:49.637Z] [RECEIVED] 120363160616746507@g.us: 
[2025-11-17T18:30:16.975Z] [RECEIVED] 120363160616746507@g.us: 
[2025-11-17T18:30:18.630Z] [RECEIVED] 120363160616746507@g.us: 
[2025-11-17T18:30:29.665Z] [RECEIVED] 120363160616746507@g.us: 
[2025-11-17T18:31:16.229Z] [RECEIVED] 120363387470929207@g.us: #tt https://vt.tiktok.com/ZSfeaJQf8/
[2025-11-17T18:31:34.775Z] [RECEIVED] 120363387470929207@g.us: alagranputisima madre
[2025-11-17T18:31:39.184Z] [RECEIVED] 120363160616746507@g.us: el trap no es lo mio
[2025-11-17T18:31:42.075Z] [RECEIVED] 120363387470929207@g.us: retumbó todo el pueblo
[2025-11-17T18:31:52.798Z] [RECEIVED] 120363387470929207@g.us: Na
[2025-11-17T18:31:57.727Z] [RECEIVED] 120363387470929207@g.us: Sonó normal
[2025-11-17T18:32:01.716Z] [RECEIVED] 120363160616746507@g.us: 
[2025-11-17T18:32:05.981Z] [RECEIVED] 120363387470929207@g.us: Siempre suena igual
[2025-11-17T18:32:06.402Z] [RECEIVED] 120363387470929207@g.us: lo sentí aquí en el webo del culo
[2025-11-17T18:32:10.029Z] [RECEIVED] 120363387470929207@g.us: Un trueno
[2025-11-17T18:32:15.675Z] [RECEIVED] 120363387470929207@g.us: hueco
[2025-11-17T18:32:21.209Z] [RECEIVED] 120363387470929207@g.us: 
[2025-11-17T18:32:42.290Z] [RECEIVED] 120363387470929207@g.us: A mi qué me importa que tengas un webo en el culo?
[2025-11-17T18:32:47.400Z] [RECEIVED] 120363387470929207@g.us: 
[2025-11-17T18:32:53.695Z] [RECEIVED] 120363387470929207@g.us: Allá usted
[2025-11-17T18:33:00.983Z] [RECEIVED] 120363160616746507@g.us: 
[2025-11-17T18:33:05.765Z] [RECEIVED] 120363160616746507@g.us: Aaa pero se gozaba 25/8 todo el día un 2021
[2025-11-17T18:33:06.340Z] [RECEIVED] 120363160616746507@g.us: esto es lo mio
[2025-11-17T18:33:06.857Z] [RECEIVED] 120363387470929207@g.us: 
[2025-11-17T18:33:07.824Z] [RECEIVED] 120363160616746507@g.us: 
[2025-11-17T18:33:13.597Z] [RECEIVED] 120363387470929207@g.us: otro
[2025-11-17T18:33:15.253Z] [RECEIVED] 120363387470929207@g.us: alaputa
[2025-11-17T18:33:16.233Z] [RECEIVED] 120363160616746507@g.us: qjeso
[2025-11-17T18:33:21.345Z] [RECEIVED] 120363387470929207@g.us: se va a caer el cielo pues
[2025-11-17T18:33:29.627Z] [RECEIVED] 120363387470929207@g.us: ya viene
[2025-11-17T18:33:32.415Z] [RECEIVED] 120363387470929207@g.us: cristo viene
[2025-11-17T18:33:36.730Z] [RECEIVED] 120363160616746507@g.us: 
[2025-11-17T18:33:39.307Z] [RECEIVED] 120363387470929207@g.us: 
[2025-11-17T18:34:22.542Z] [RECEIVED] 120363160616746507@g.us: brrr manuel
[2025-11-17T18:34:26.786Z] [RECEIVED] 120363160616746507@g.us: 
[2025-11-17T18:34:36.828Z] [RECEIVED] 120363160616746507@g.us: 
[2025-11-17T18:35:57.229Z] [RECEIVED] 120363160616746507@g.us: 
[2025-11-17T18:36:32.317Z] [RECEIVED] 120363160616746507@g.us: gringos escuchando a badboni
[2025-11-17T18:37:28.614Z] [RECEIVED] 120363160616746507@g.us: 
[2025-11-17T18:37:33.670Z] [RECEIVED] 120363160616746507@g.us: tremendas pistas
[2025-11-17T18:37:44.556Z] [RECEIVED] 120363160616746507@g.us: 
[2025-11-17T18:38:00.381Z] [RECEIVED] 120363160616746507@g.us: 
[2025-11-17T18:38:18.181Z] [RECEIVED] 120363160616746507@g.us: 
[2025-11-17T18:39:00.040Z] [RECEIVED] 120363160616746507@g.us: suena bien mmgvo
[2025-11-17T18:39:05.010Z] [RECEIVED] 120363160616746507@g.us: feo suena ok computer
[2025-11-17T18:40:16.117Z] [RECEIVED] 120363160616746507@g.us: 
[2025-11-17T18:40:27.188Z] [RECEIVED] 120363387470929207@g.us: el del clima
[2025-11-17T18:40:48.571Z] [RECEIVED] 120363387470929207@g.us: 
[2025-11-17T18:41:33.498Z] [RECEIVED] 120363160616746507@g.us: 
[2025-11-17T18:41:40.682Z] [RECEIVED] 30837949124772@lid: #ping
[2025-11-17T18:41:44.140Z] [RECEIVED] 30837949124772@lid: #ping
[2025-11-17T18:41:46.642Z] [RECEIVED] 30837949124772@lid: #ping
[2025-11-17T18:41:47.931Z] [RECEIVED] 120363387470929207@g.us: Andan echando soldadura oq hp
[2025-11-17T18:41:49.357Z] [RECEIVED] 30837949124772@lid: #rotete
[2025-11-17T18:41:51.924Z] [RECEIVED] 30837949124772@lid: #rotatr
[2025-11-17T18:41:52.696Z] [RECEIVED] 120363387470929207@g.us: A cada rato un rayo
[2025-11-17T18:41:58.080Z] [RECEIVED] 30837949124772@lid: #rotate
[2025-11-17T18:55:05.732Z] [RECEIVED] 120363160616746507@g.us: #tt https://www.tiktok.com/@.guschmidt/video/7573500457067285816?_r=1&u_code=e86igh284g3f08&preview_...
[2025-11-17T18:55:11.584Z] [RECEIVED] 30837949124772@lid: #ping
[2025-11-17T19:00:35.273Z] [RECEIVED] 120363160616746507@g.us: suave estar 🗣️
[2025-11-17T19:01:28.908Z] [RECEIVED] 120363160616746507@g.us: 
[2025-11-17T19:01:43.904Z] [RECEIVED] 120363160616746507@g.us: 
[2025-11-17T19:02:12.493Z] [RECEIVED] 120363160616746507@g.us: 
[2025-11-17T19:14:17.552Z] [RECEIVED] 120363160616746507@g.us: uff
[2025-11-17T19:14:50.259Z] [RECEIVED] 30837949124772@lid: #ping
[2025-11-17T19:15:16.851Z] [RECEIVED] 120363160616746507@g.us: #tt
[2025-11-17T19:15:38.290Z] [RECEIVED] 120363160616746507@g.us: #tt https://vm.tiktok.com/ZMAcSaeGs/
[2025-11-17T19:15:39.637Z] [RECEIVED] 120363160616746507@g.us: #tt https://vm.tiktok.com/ZMAcSaeGs/
[2025-11-17T19:16:43.883Z] [RECEIVED] status@broadcast: 
[2025-11-17T19:17:54.039Z] [RECEIVED] 30837949124772@lid: #ping
[2025-11-17T19:23:34.127Z] [RECEIVED] 30837949124772@lid: #ping
[2025-11-17T19:23:39.571Z] [RECEIVED] 120363160616746507@g.us: #tt https://vm.tiktok.com/ZMAcSNbDt/
[2025-11-17T19:23:58.426Z] [RECEIVED] 120363160616746507@g.us: #tt https://vm.tiktok.com/ZMAcSkVLk/
[2025-11-17T19:24:05.964Z] [RECEIVED] status@broadcast: 
[2025-11-17T19:24:10.576Z] [RECEIVED] 120363160616746507@g.us: @236347956666463
[2025-11-17T19:24:13.196Z] [RECEIVED] 120363160616746507@g.us: 
[2025-11-17T19:24:25.351Z] [RECEIVED] 120363160616746507@g.us: #ttaud https://vm.tiktok.com/ZMAcSkVLk/
[2025-11-17T19:24:28.715Z] [RECEIVED] status@broadcast: 
[2025-11-17T19:24:40.577Z] [RECEIVED] 120363160616746507@g.us: JAJSKAKSKSK
[2025-11-17T19:24:40.594Z] [RECEIVED] 120363160616746507@g.us: 
[2025-11-17T19:24:44.143Z] [RECEIVED] 120363160616746507@g.us: muy bueno
[2025-11-17T19:37:24.691Z] [RECEIVED] 120363160616746507@g.us: @236347956666463
[2025-11-17T19:43:20.569Z] [RECEIVED] 120363160616746507@g.us: se apagó JAJAJAJ
[2025-11-17T19:43:39.061Z] [RECEIVED] status@broadcast: 
[2025-11-17T19:48:10.648Z] [RECEIVED] 120363160616746507@g.us: #ping
[2025-11-17T19:48:40.517Z] [RECEIVED] 30837949124772@lid: #ping
[2025-11-17T19:49:19.764Z] [RECEIVED] 120363160616746507@g.us: #tt https://vm.tiktok.com/ZNdoYxuuq/
[2025-11-17T19:51:48.677Z] [RECEIVED] 120363160616746507@g.us: 
[2025-11-17T19:54:44.320Z] [RECEIVED] 120363387470929207@g.us: https://vm.tiktok.com/ZMAcAF65h/
[2025-11-17T19:54:54.122Z] [RECEIVED] 120363387470929207@g.us: 
[2025-11-17T19:55:12.660Z] [RECEIVED] 120363387470929207@g.us: @30837949124772
[2025-11-17T19:57:09.849Z] [RECEIVED] 120363387470929207@g.us: #tt https://vm.tiktok.com/ZMAcAF65h/
[2025-11-17T19:58:15.445Z] [RECEIVED] 120363387470929207@g.us: Son fotos
[2025-11-17T19:58:20.391Z] [RECEIVED] 120363387470929207@g.us: Tiene q entrar al tt
[2025-11-17T19:58:31.264Z] [RECEIVED] 120363387470929207@g.us: bueno mmgvo ahí tan las fotos
[2025-11-17T20:08:04.493Z] [RECEIVED] 120363387470929207@g.us: Pero vaya a escuchar el audio q le puso
[2025-11-17T20:08:15.217Z] [RECEIVED] 126186608939198@lid: 
[2025-11-17T20:08:15.391Z] [RECEIVED] 126186608939198@lid: 
[2025-11-17T20:11:24.755Z] [RECEIVED] 30837949124772@lid: #ping
[2025-11-17T20:11:27.821Z] [RECEIVED] 30837949124772@lid: #ping
[2025-11-17T20:11:28.740Z] [RECEIVED] 30837949124772@lid: #ping
[2025-11-17T20:11:40.362Z] [RECEIVED] 120363160616746507@g.us: #tt https://vm.tiktok.com/ZMAcAdsNK/
[2025-11-17T20:11:46.994Z] [RECEIVED] 120363160616746507@g.us: 
[2025-11-17T20:30:29.635Z] [RECEIVED] status@broadcast: 🤤
[2025-11-17T20:34:07.088Z] [RECEIVED] 120363387470929207@g.us: #tt https://vm.tiktok.com/ZMAcAsvbf/
[2025-11-17T20:34:29.145Z] [RECEIVED] 120363387470929207@g.us: @39106298044576
[2025-11-17T20:46:38.581Z] [RECEIVED] 120363387470929207@g.us: JAJAKAKKAKAKA
[2025-11-17T20:55:33.040Z] [RECEIVED] 120363160616746507@g.us: grasa de las capitales
[2025-11-17T20:56:19.504Z] [RECEIVED] 120363160616746507@g.us: sui generis es bueno
[2025-11-17T20:59:29.728Z] [RECEIVED] 120363160616746507@g.us: dos examenes <<< la pereza
[2025-11-17T20:59:36.202Z] [RECEIVED] 120363160616746507@g.us: 
[2025-11-17T21:00:01.065Z] [RECEIVED] 120363160616746507@g.us: los paso relajao a nota minima pq soy un webo pelao 🤼‍♂️
[2025-11-17T21:00:24.717Z] [RECEIVED] 120363160616746507@g.us: o estudio saco un diez y me cojo a la hija del profesor
[2025-11-17T21:00:26.969Z] [RECEIVED] 120363160616746507@g.us: 🤼‍♂️
[2025-11-17T21:00:29.740Z] [RECEIVED] 120363160616746507@g.us: copiarse>>>
[2025-11-17T21:00:32.413Z] [RECEIVED] 120363160616746507@g.us: epa verda
[2025-11-17T21:00:34.842Z] [RECEIVED] 120363160616746507@g.us: como son allá
[2025-11-17T21:00:37.228Z] [RECEIVED] 120363160616746507@g.us: soy lento pa esa mrd
[2025-11-17T21:00:38.425Z] [RECEIVED] 120363160616746507@g.us: pa eso pues
[2025-11-17T21:00:43.692Z] [RECEIVED] 120363160616746507@g.us: soy un aweboniao
[2025-11-17T21:00:56.653Z] [RECEIVED] 120363160616746507@g.us: si eso si
[2025-11-17T21:00:58.372Z] [RECEIVED] 120363160616746507@g.us: nunca he copiado... pq nunca lo he necesitado bro 🦸‍♂️
[2025-11-17T21:01:30.865Z] [RECEIVED] 120363160616746507@g.us: como en todo el mundo mmgv
[2025-11-17T21:01:36.252Z] [RECEIVED] 120363160616746507@g.us: yo llevo 2 exámenes de matemática este mes y los 2 puro gemini
[2025-11-17T21:01:40.192Z] [RECEIVED] 120363160616746507@g.us: 
[2025-11-17T21:02:06.285Z] [RECEIVED] 120363160616746507@g.us: pero si los profesores son aweboniados o q becerro
[2025-11-17T21:02:11.188Z] [RECEIVED] 120363160616746507@g.us: yo es q soy tan avispao q pienso q el prfesor es igual de avispao q yo y q me va a pillar ps
[2025-11-17T21:02:29.211Z] [RECEIVED] 120363160616746507@g.us: miti y miti
[2025-11-17T21:02:44.656Z] [RECEIVED] 120363160616746507@g.us: por ejemplo en latin siempre se copia todo el mundo
[2025-11-17T21:02:46.718Z] [RECEIVED] 120363160616746507@g.us: hasta yo
[2025-11-17T21:03:06.875Z] [RECEIVED] 120363160616746507@g.us: pero en otras materias esos malditos profesores se caminan la clase
[2025-11-17T21:03:33.719Z] [RECEIVED] 120363160616746507@g.us: claro
[2025-11-17T21:03:46.285Z] [RECEIVED] 120363160616746507@g.us: pero eso igual se puede copiar bobo
[2025-11-17T21:03:57.901Z] [RECEIVED] 120363160616746507@g.us: apenas le den la espalda uste de una les mete 2 dedos en el culo y ya
[2025-11-17T21:04:03.365Z] [RECEIVED] 120363160616746507@g.us: caminan de patras bobo ud no ha visto
[2025-11-17T21:04:05.856Z] [RECEIVED] 120363160616746507@g.us: 
[2025-11-17T21:04:29.907Z] [RECEIVED] 120363160616746507@g.us: jajajajajaja duro mas tiempo sacandome la chuleta del culo q copiando jajajajaj
[2025-11-17T21:04:42.332Z] [RECEIVED] 120363160616746507@g.us: me la quita el profesor y ta el papel lleno de mrd jajajjjajaja
[2025-11-17T21:04:51.801Z] [RECEIVED] 120363160616746507@g.us: 
[2025-11-17T21:05:31.674Z] [RECEIVED] 120363160616746507@g.us: 
[2025-11-17T21:06:16.076Z] [RECEIVED] 120363160616746507@g.us: "mhmm no se lavo" "fuchi"
[2025-11-17T21:06:28.042Z] [RECEIVED] 120363160616746507@g.us: 
[2025-11-17T21:06:46.669Z] [RECEIVED] 120363160616746507@g.us: 
[2025-11-17T21:06:57.253Z] [RECEIVED] 120363160616746507@g.us: 
[2025-11-17T21:06:57.461Z] [RECEIVED] 120363160616746507@g.us: lo q me tengo q estudiar
[2025-11-17T21:06:57.643Z] [RECEIVED] 120363160616746507@g.us: 
[2025-11-17T21:06:57.845Z] [RECEIVED] 120363160616746507@g.us: 
[2025-11-17T21:06:58.038Z] [RECEIVED] 120363160616746507@g.us: 
[2025-11-17T21:07:07.133Z] [RECEIVED] 120363160616746507@g.us: pa historia
[2025-11-17T21:07:56.885Z] [RECEIVED] 120363160616746507@g.us: geografia es a ultima hora
[2025-11-17T21:08:08.435Z] [RECEIVED] 120363160616746507@g.us: un repasito em el recreo y listo
[2025-11-17T21:08:17.381Z] [RECEIVED] 120363160616746507@g.us: Croacia no quiere remontar
[2025-11-17T21:08:20.188Z] [RECEIVED] 120363160616746507@g.us: alaputa
[2025-11-17T21:08:20.376Z] [RECEIVED] 120363160616746507@g.us: 
[2025-11-17T21:08:37.207Z] [RECEIVED] 120363160616746507@g.us: ahi ta maldito mmgv siga hablando
[2025-11-17T21:10:00.713Z] [RECEIVED] 120363160616746507@g.us: eso horita modric hace hattrick
[2025-11-17T21:10:34.804Z] [RECEIVED] 120363160616746507@g.us: alaputa
[2025-11-17T21:10:45.824Z] [RECEIVED] 120363160616746507@g.us: montenegro debe tar jugando a pura fr
[2025-11-17T21:10:50.238Z] [RECEIVED] 120363160616746507@g.us: 
[2025-11-17T21:11:10.287Z] [RECEIVED] 120363160616746507@g.us: esos bichos compiten con san marino
[2025-11-17T21:11:33.267Z] [RECEIVED] 120363160616746507@g.us: q
[2025-11-17T21:11:44.824Z] [RECEIVED] 120363160616746507@g.us: 🤼‍♂️
[2025-11-17T21:12:15.332Z] [RECEIVED] 120363160616746507@g.us: ajá y es q tiene q estudiarse el documento palabra por palabra o q
[2025-11-17T21:12:17.350Z] [RECEIVED] 120363160616746507@g.us: sapegato
[2025-11-17T21:12:21.494Z] [RECEIVED] 120363160616746507@g.us: q estudio es ese
[2025-11-17T21:12:24.061Z] [RECEIVED] 120363160616746507@g.us: 
[2025-11-17T21:12:55.686Z] [RECEIVED] 120363160616746507@g.us: el examen es asi pille
[2025-11-17T21:15:16.498Z] [RECEIVED] 120363160616746507@g.us: 1. 8 conceptos tipo test (3 puntos) 
2. comentario de texto [nos manda dos ejemplos y entra uno] (3 ...
[2025-11-17T21:16:01.845Z] [RECEIVED] 120363160616746507@g.us: y cuantos exámenes lleva
[2025-11-17T21:16:14.752Z] [RECEIVED] 120363160616746507@g.us: en historia son 2 por lapso
[2025-11-17T21:16:18.037Z] [RECEIVED] 120363160616746507@g.us: este es el segundo
[2025-11-17T21:16:25.242Z] [RECEIVED] 120363160616746507@g.us: nojoda
[2025-11-17T21:16:36.121Z] [RECEIVED] 120363160616746507@g.us: entonces no se puede dar el lujo de raspar uno
[2025-11-17T21:16:42.483Z] [RECEIVED] 120363160616746507@g.us: 
[2025-11-17T21:16:51.723Z] [RECEIVED] 120363160616746507@g.us: lo arrecho esq raspé el primero
[2025-11-17T21:16:57.125Z] [RECEIVED] 120363160616746507@g.us: 
[2025-11-17T21:17:08.335Z] [RECEIVED] 120363160616746507@g.us: historia voy a llevarla arrastraita mejor
[2025-11-17T21:17:21.667Z] [RECEIVED] 120363160616746507@g.us: eso en las reparaciones se saca hasta mas nota q el resto
[2025-11-17T21:17:25.545Z] [RECEIVED] 120363160616746507@g.us: esa es la estrategia
[2025-11-17T21:17:37.126Z] [RECEIVED] 120363160616746507@g.us: pero ahí le meten todo el lapso mmgvo
[2025-11-17T21:17:41.336Z] [RECEIVED] 120363160616746507@g.us: tiene q estudiar doble
[2025-11-17T21:17:58.023Z] [RECEIVED] 120363160616746507@g.us: sisa
[2025-11-17T21:18:04.397Z] [RECEIVED] 120363160616746507@g.us: tengo q estudiar lo mismo y las preguntas son mas faciles 🤼‍♂️
[2025-11-17T21:18:07.656Z] [RECEIVED] 120363160616746507@g.us: yo cuando fuí a reparar física pasé con 13
[2025-11-17T21:18:16.805Z] [RECEIVED] 120363160616746507@g.us: y en el segundo lapso q no fuí a reparar la pasé con 11
[2025-11-17T21:18:21.167Z] [RECEIVED] 120363160616746507@g.us: 
[2025-11-17T21:18:34.763Z] [RECEIVED] 120363160616746507@g.us: nada mas historia
[2025-11-17T21:18:38.938Z] [RECEIVED] 120363160616746507@g.us: el resto las llevo bien
[2025-11-17T21:18:58.742Z] [RECEIVED] 120363160616746507@g.us: bien es cuanto
[2025-11-17T21:19:08.369Z] [RECEIVED] 120363160616746507@g.us: mínima 💆🏿‍♂️
[2025-11-17T21:19:09.772Z] [RECEIVED] 120363160616746507@g.us: ingles puro 10
[2025-11-17T21:19:17.480Z] [RECEIVED] 120363160616746507@g.us: lengua puro 7
[2025-11-17T21:19:21.325Z] [RECEIVED] 120363160616746507@g.us: latin 6
[2025-11-17T21:19:26.658Z] [RECEIVED] 120363160616746507@g.us: geografia  9
[2025-11-17T21:19:29.792Z] [RECEIVED] 120363160616746507@g.us: filosofia 8
[2025-11-17T21:19:35.919Z] [RECEIVED] 120363160616746507@g.us: ta variado pero alto ps
[2025-11-17T21:19:44.555Z] [RECEIVED] 120363160616746507@g.us: y cuanto es el mínimo
[2025-11-17T21:19:44.983Z] [RECEIVED] 120363160616746507@g.us: economia 3 😭
[2025-11-17T21:19:50.107Z] [RECEIVED] 120363160616746507@g.us: historia 3😭
[2025-11-17T21:19:56.199Z] [RECEIVED] 120363160616746507@g.us: ps 5 mmgv
[2025-11-17T21:20:04.722Z] [RECEIVED] 120363160616746507@g.us: 
[2025-11-17T21:20:12.884Z] [RECEIVED] 120363160616746507@g.us: entonces 6 no es alto
[2025-11-17T21:20:27.853Z] [RECEIVED] 120363160616746507@g.us: ps un 12 maldito q alto va a ser
[2025-11-17T21:20:42.896Z] [RECEIVED] 120363160616746507@g.us: dije alto por el 10 en ingle y el 9 en geogracia
[2025-11-17T21:21:26.400Z] [RECEIVED] 120363160616746507@g.us: le dan economía pa q salga listo pa el McDonald's de cajero
[2025-11-17T21:21:31.139Z] [RECEIVED] 120363160616746507@g.us: 
[2025-11-17T21:21:56.406Z] [RECEIVED] 120363160616746507@g.us: 🧠
[2025-11-17T21:22:17.860Z] [RECEIVED] 120363160616746507@g.us: y cuando sale
[2025-11-17T21:22:28.871Z] [RECEIVED] 120363160616746507@g.us: junio
[2025-11-17T21:22:35.759Z] [RECEIVED] 120363160616746507@g.us: y ahorita
[2025-11-17T21:22:46.163Z] [RECEIVED] 120363160616746507@g.us: en diciembre son dos semanas y media
[2025-11-17T21:23:02.631Z] [RECEIVED] 120363160616746507@g.us: de 20dic a 9ene
[2025-11-17T21:23:11.349Z] [RECEIVED] status@broadcast: 
[2025-11-17T21:23:12.736Z] [RECEIVED] 120363160616746507@g.us: el día de mi cumpleaños
[2025-11-17T21:23:20.557Z] [RECEIVED] 120363160616746507@g.us: 2 noticias buenas el mismo día pues
[2025-11-17T21:23:22.485Z] [RECEIVED] 120363160616746507@g.us: no vale q pato este bicho
[2025-11-17T21:23:26.565Z] [RECEIVED] 120363160616746507@g.us: 
[2025-11-17T21:23:29.980Z] [RECEIVED] 120363160616746507@g.us: JAJAKAKAJAJAJAJAJAJAJA
[2025-11-17T21:23:33.673Z] [RECEIVED] 120363160616746507@g.us: 
[2025-11-17T21:23:34.903Z] [RECEIVED] 120363160616746507@g.us: JAKAKAJAJAJJAJAJAJAJAJJAJJAJA
[2025-11-17T21:23:46.103Z] [RECEIVED] 120363160616746507@g.us: JAJAJAJAJAJAJA
[2025-11-17T21:26:09.236Z] [RECEIVED] 120363160616746507@g.us: pufff q calidad diciembre
[2025-11-17T21:26:15.343Z] [RECEIVED] 120363160616746507@g.us: semanitas libres abi
[2025-11-17T21:26:20.668Z] [RECEIVED] 120363160616746507@g.us: 
[2025-11-17T21:26:35.303Z] [RECEIVED] 120363160616746507@g.us: pa ver peliculas acostado con mi novia la almohada
[2025-11-17T21:26:41.464Z] [RECEIVED] 120363160616746507@g.us: 
[2025-11-17T21:27:15.699Z] [RECEIVED] 120363160616746507@g.us: jajajjjjajajajjjaja antier me deaperté y taba la almohada babeadisima jajajjajjajajajjjaja taba chor...
[2025-11-17T21:27:26.616Z] [RECEIVED] 120363160616746507@g.us: sueño profundo con la geta abierta
[2025-11-17T21:27:32.270Z] [RECEIVED] 120363160616746507@g.us: yo todos los días
[2025-11-17T21:27:45.717Z] [RECEIVED] 120363160616746507@g.us: a mi me pasa q si una vez a la semana
[2025-11-17T21:27:50.630Z] [RECEIVED] 120363160616746507@g.us: pero antier era masivo
[2025-11-17T21:27:55.928Z] [RECEIVED] 120363160616746507@g.us: yo siempre pq no respiro bien por la nariz
[2025-11-17T21:27:57.591Z] [RECEIVED] 120363160616746507@g.us: llevaba q si 3 horaa babeando jajajajjajajajaj
[2025-11-17T21:28:33.271Z] [RECEIVED] 120363160616746507@g.us: el vagabundo viniendose 10 veces en la boca
[2025-11-17T21:28:52.664Z] [RECEIVED] 120363160616746507@g.us: yo en la boca del vagabundo 🤼‍♂️
[2025-11-17T21:28:59.305Z] [RECEIVED] 120363160616746507@g.us: jajajjjaja
[2025-11-17T21:29:29.242Z] [RECEIVED] 120363160616746507@g.us: acabarle en la boca a un vagabundo mientras duerme a las 7 de la mañana >>> tomar café
[2025-11-17T21:29:38.034Z] [RECEIVED] 120363160616746507@g.us: 
[2025-11-17T21:29:47.878Z] [RECEIVED] 120363160616746507@g.us: £¥#¥.¥{¥~JAKDKAKS  qe otei
[2025-11-17T21:29:52.518Z] [RECEIVED] 120363160616746507@g.us: antes tiene q tomar café
[2025-11-17T21:29:58.103Z] [RECEIVED] 120363160616746507@g.us: si no no sale ni baba
[2025-11-17T21:30:02.109Z] [RECEIVED] 120363160616746507@g.us: 
[2025-11-17T21:30:09.248Z] [RECEIVED] 120363160616746507@g.us: no pq si no el semen no es de buena calidad
[2025-11-17T21:30:29.331Z] [RECEIVED] 120363160616746507@g.us: POLONIA DIOSMIO FALTAS TÚ
[2025-11-17T21:30:29.839Z] [RECEIVED] 120363160616746507@g.us: ah bueno uste q lo degusta sabe pues
[2025-11-17T21:30:43.491Z] [RECEIVED] 120363160616746507@g.us: obvio
[2025-11-17T21:31:07.060Z] [RECEIVED] 120363160616746507@g.us: el hijueputa diseñador de las banderas en el mismo proyecto de photoshop moviendo un poquito el rojo...
[2025-11-17T21:31:14.133Z] [RECEIVED] 120363160616746507@g.us: 
[2025-11-17T21:32:12.635Z] [RECEIVED] 120363160616746507@g.us: el bicho volteó la de polonia le puso saturacion y le dibujo un webo a la izquierda
[2025-11-17T21:34:12.936Z] [RECEIVED] 120363160616746507@g.us: AKDKAKKSKAKSKAKS
[2025-11-17T21:34:38.633Z] [RECEIVED] 120363160616746507@g.us: alaputa, aterrizó el presidente de ucrania y metió gol
[2025-11-17T21:36:44.445Z] [RECEIVED] 120363160616746507@g.us: epa
[2025-11-17T21:36:49.867Z] [RECEIVED] 120363160616746507@g.us: digame una app
[2025-11-17T21:36:57.055Z] [RECEIVED] 120363160616746507@g.us: pa q
[2025-11-17T21:36:57.962Z] [RECEIVED] 120363160616746507@g.us: q yo le ponga texto y me lo lea
[2025-11-17T21:37:00.552Z] [RECEIVED] 120363160616746507@g.us: grindr
[2025-11-17T21:37:16.763Z] [RECEIVED] 120363160616746507@g.us: gemini hace eso mmgvo
[2025-11-17T21:37:25.771Z] [RECEIVED] 120363160616746507@g.us: con imágenes y todo
[2025-11-17T21:37:33.301Z] [RECEIVED] 126186608939198@lid: gracias a dios lo borre
[2025-11-17T21:37:35.422Z] [RECEIVED] 126186608939198@lid: y no lo vio
[2025-11-17T21:37:35.575Z] [RECEIVED] 120363160616746507@g.us: aja
[2025-11-17T21:41:21.618Z] [RECEIVED] 120363160616746507@g.us: listo
[2025-11-17T21:47:08.601Z] [RECEIVED] 126186608939198@lid: si
[2025-11-17T21:47:15.535Z] [RECEIVED] 126186608939198@lid: va vivir con la intriga
[2025-11-17T21:47:17.162Z] [RECEIVED] 120363160616746507@g.us: lo he buscado en tt y nada
[2025-11-17T21:47:24.495Z] [RECEIVED] 120363160616746507@g.us: #ping
[2025-11-17T21:47:25.276Z] [RECEIVED] 120363160616746507@g.us: vea estos a ver si sale y sale el ep q es
[2025-11-17T21:47:36.111Z] [RECEIVED] 120363160616746507@g.us: ajá
[2025-11-17T21:47:38.119Z] [RECEIVED] 120363160616746507@g.us: #letra
[2025-11-17T21:47:45.605Z] [RECEIVED] 120363160616746507@g.us: #lyrics
[2025-11-17T21:47:53.767Z] [RECEIVED] 120363160616746507@g.us: #lyrics airbag radiohead
[2025-11-17T21:47:59.511Z] [RECEIVED] 120363160616746507@g.us: mamalo
[2025-11-17T21:48:26.648Z] [RECEIVED] 120363160616746507@g.us: #lyrics radiohead
[2025-11-17T21:50:01.752Z] [RECEIVED] 120363160616746507@g.us: #ping
[2025-11-17T21:50:06.495Z] [RECEIVED] 120363160616746507@g.us: #letra
[2025-11-17T21:50:14.353Z] [RECEIVED] 120363160616746507@g.us: #letra radiohead airbag
[2025-11-17T21:50:41.069Z] [RECEIVED] 120363160616746507@g.us: PEGUERE
[2025-11-17T21:53:43.464Z] [RECEIVED] 120363160616746507@g.us: #ping
[2025-11-17T21:53:52.964Z] [RECEIVED] 120363160616746507@g.us: #letra airbag radiohead
[2025-11-17T21:57:25.796Z] [RECEIVED] 120363160616746507@g.us: #letra trouble coldplay
[2025-11-17T21:57:47.001Z] [RECEIVED] 120363160616746507@g.us: #ytaud trouble coldplay
[2025-11-17T21:57:47.001Z] [RECEIVED] 120363160616746507@g.us: #ytaudio trouble coldplay
[2025-11-17T21:58:39.190Z] [RECEIVED] 120363160616746507@g.us: #ping
[2025-11-17T21:58:45.932Z] [RECEIVED] 120363160616746507@g.us: #letra airbag radiohead
[2025-11-17T22:02:40.054Z] [RECEIVED] 120363160616746507@g.us: #ping
[2025-11-17T22:02:52.774Z] [RECEIVED] 120363160616746507@g.us: pom
[2025-11-17T22:05:53.432Z] [RECEIVED] 120363160616746507@g.us: #ping
[2025-11-17T22:06:05.614Z] [RECEIVED] 120363160616746507@g.us: pom
[2025-11-17T22:06:13.186Z] [RECEIVED] 120363160616746507@g.us: 
[2025-11-17T22:11:40.107Z] [RECEIVED] 120363160616746507@g.us: #ping
[2025-11-17T22:11:44.596Z] [RECEIVED] 120363160616746507@g.us: #ping
[2025-11-17T22:11:49.050Z] [RECEIVED] 120363160616746507@g.us: #letra
[2025-11-17T22:11:54.297Z] [RECEIVED] 120363160616746507@g.us: #letra airbag radiohead
[2025-11-17T22:14:00.251Z] [RECEIVED] status@broadcast: 
[2025-11-17T22:14:03.500Z] [RECEIVED] status@broadcast: 
[2025-11-17T22:14:03.643Z] [RECEIVED] 120363160616746507@g.us: #pint
[2025-11-17T22:14:08.835Z] [RECEIVED] 120363160616746507@g.us: #ping
[2025-11-17T22:14:20.204Z] [RECEIVED] 120363160616746507@g.us: #letra airbag radiohead
[2025-11-17T22:14:25.338Z] [RECEIVED] status@broadcast: 
[2025-11-17T22:14:37.448Z] [RECEIVED] status@broadcast: 
[2025-11-17T22:15:13.019Z] [RECEIVED] status@broadcast: 
[2025-11-17T22:15:18.309Z] [RECEIVED] status@broadcast: 
[2025-11-17T22:15:27.720Z] [RECEIVED] status@broadcast: 🙈
[2025-11-17T22:16:57.643Z] [RECEIVED] status@broadcast: 
[2025-11-17T22:17:34.883Z] [RECEIVED] 120363160616746507@g.us: #ping
[2025-11-17T22:23:40.863Z] [RECEIVED] 120363160616746507@g.us: #ping
[2025-11-17T22:26:40.892Z] [RECEIVED] status@broadcast: 
[2025-11-17T22:26:54.263Z] [RECEIVED] status@broadcast: 
[2025-11-17T22:35:34.863Z] [RECEIVED] 120363160616746507@g.us: #ping
[2025-11-17T22:35:45.503Z] [RECEIVED] 120363160616746507@g.us: #letra airbag radiohead
[2025-11-17T22:36:01.877Z] [RECEIVED] 120363160616746507@g.us: #letra radiohead airbag
[2025-11-17T22:36:05.356Z] [RECEIVED] status@broadcast: 
[2025-11-17T22:37:31.198Z] [RECEIVED] 120363160616746507@g.us: #letra Radiohead - Airbag
[2025-11-17T22:37:44.272Z] [RECEIVED] 120363160616746507@g.us: 
[2025-11-17T22:40:35.534Z] [RECEIVED] 120363160616746507@g.us: #letra Nsqk - Cienciaficción
[2025-11-17T22:55:10.631Z] [RECEIVED] 30837949124772@lid: #ping
[2025-11-17T22:55:24.521Z] [RECEIVED] 30837949124772@lid: #letra nsqk cienciaficción
[2025-11-17T23:01:46.469Z] [RECEIVED] 30837949124772@lid: #ping
[2025-11-17T23:01:50.993Z] [RECEIVED] 30837949124772@lid: #ping
[2025-11-17T23:01:52.807Z] [RECEIVED] 30837949124772@lid: #ping
[2025-11-17T23:02:02.194Z] [RECEIVED] 30837949124772@lid: #letra nsqk cienciaficción
[2025-11-17T23:18:25.933Z] [RECEIVED] 30837949124772@lid: #ping
[2025-11-17T23:18:35.599Z] [RECEIVED] 30837949124772@lid: #letra nsqk cienciaficción
[2025-11-17T23:20:39.922Z] [RECEIVED] 30837949124772@lid: #ping
[2025-11-17T23:20:53.948Z] [RECEIVED] 30837949124772@lid: #letra nsqk cienciaficción
[2025-11-17T23:21:04.203Z] [RECEIVED] 30837949124772@lid: #letra cienciaficción
[2025-11-17T23:21:17.545Z] [RECEIVED] 30837949124772@lid: #letra Nsqk - Cienciaficción
[2025-11-17T23:25:11.967Z] [RECEIVED] 30837949124772@lid: #ping
[2025-11-17T23:25:23.690Z] [RECEIVED] 30837949124772@lid: #letra nsqk cienciaficción
[2025-11-17T23:29:42.209Z] [RECEIVED] 30837949124772@lid: #ping
[2025-11-17T23:29:51.603Z] [RECEIVED] 30837949124772@lid: #letra nsqk cienciaficción
[2025-11-17T23:32:15.410Z] [RECEIVED] 30837949124772@lid: #ping
[2025-11-17T23:32:22.197Z] [RECEIVED] 30837949124772@lid: #letra nsqk cienciaficción
[2025-11-17T23:33:16.212Z] [RECEIVED] 30837949124772@lid: #letra airbag radiohead
[2025-11-17T23:33:28.113Z] [RECEIVED] 30837949124772@lid: #letra radiohead airbag
[2025-11-17T23:33:37.873Z] [RECEIVED] 30837949124772@lid: #letra los alpes nsqk
[2025-11-17T23:33:58.590Z] [RECEIVED] 30837949124772@lid: #letra losalpes nsqk
[2025-11-17T23:34:10.021Z] [RECEIVED] 30837949124772@lid: #letra nsqk los alpes
[2025-11-17T23:41:46.420Z] [RECEIVED] 30837949124772@lid: #ping
[2025-11-17T23:41:55.216Z] [RECEIVED] 30837949124772@lid: #ping
[2025-11-17T23:42:02.460Z] [RECEIVED] 30837949124772@lid: #letra nsqk los alpes
[2025-11-17T23:48:48.364Z] [RECEIVED] 120363160616746507@g.us: #post
[2025-11-17T23:48:53.864Z] [RECEIVED] 120363160616746507@g.us: #post https://www.instagram.com/p/DRFwO0OEiR6/?igsh=MmkwbDJucm1oOGI3
[2025-11-17T23:49:25.594Z] [RECEIVED] 120363160616746507@g.us: #post https://www.instagram.com/p/DRFwO0OEiR6/?igsh=MmkwbDJucm1oOGI3
[2025-11-17T23:49:56.573Z] [RECEIVED] status@broadcast: 
[2025-11-17T23:52:04.446Z] [RECEIVED] 120363160616746507@g.us: #ping
[2025-11-17T23:52:41.405Z] [RECEIVED] 120363160616746507@g.us: #letra nsqk tonos de azul
[2025-11-17T23:59:46.270Z] [RECEIVED] 120363160616746507@g.us: #letra radiohead true love waits
[2025-11-18T00:05:41.731Z] [RECEIVED] 120363160616746507@g.us: #ping
[2025-11-18T00:05:52.709Z] [RECEIVED] 120363160616746507@g.us: #letra radiohead knives out
[2025-11-18T00:06:30.298Z] [RECEIVED] 30837949124772@lid: #letra king crimson starless
[2025-11-18T00:07:07.554Z] [RECEIVED] 30837949124772@lid: #letra kingcrimson starless
[2025-11-18T00:07:20.547Z] [RECEIVED] 30837949124772@lid: #letra king-crimson starless
[2025-11-18T00:08:31.929Z] [RECEIVED] 120363160616746507@g.us: 
[2025-11-18T00:09:21.095Z] [RECEIVED] 120363160616746507@g.us: sapegato quejesa mierda q mete WhatsApp
[2025-11-18T00:09:28.151Z] [RECEIVED] 120363160616746507@g.us: kike respuestas
[2025-11-18T00:17:31.010Z] [RECEIVED] 30837949124772@lid: #ping
[2025-11-18T00:17:39.573Z] [RECEIVED] 30837949124772@lid: #letra king crimson starless
[2025-11-18T00:18:00.408Z] [RECEIVED] 120363160616746507@g.us: ?
[2025-11-18T00:22:24.119Z] [RECEIVED] 30837949124772@lid: #letra king crimson starless
[2025-11-18T00:24:52.269Z] [RECEIVED] 30837949124772@lid: #ping
[2025-11-18T00:25:01.329Z] [RECEIVED] 30837949124772@lid: #letra king crimson starless
[2025-11-18T00:25:17.916Z] [RECEIVED] 30837949124772@lid: #letra radiohead knives out
[2025-11-18T00:25:36.460Z] [RECEIVED] 30837949124772@lid: #letra radiohead live in a glasshouse
[2025-11-18T00:25:53.157Z] [RECEIVED] 30837949124772@lid: #letra radiohead life in a glasshouse
[2025-11-18T00:26:28.587Z] [RECEIVED] 30837949124772@lid: #letra radiohead morning bell
[2025-11-18T00:27:47.483Z] [RECEIVED] 30837949124772@lid: #letra goodspeed you black emperor static
[2025-11-18T00:28:03.075Z] [RECEIVED] 30837949124772@lid: #letra goodspeed you! black emperor static
[2025-11-18T00:28:25.715Z] [RECEIVED] 30837949124772@lid: #letra gybe static
[2025-11-18T00:28:35.765Z] [RECEIVED] 30837949124772@lid: #letra gy!be static
[2025-11-18T00:29:02.738Z] [RECEIVED] 30837949124772@lid: #letra godspeed you black emperor static
[2025-11-18T00:29:38.851Z] [RECEIVED] 30837949124772@lid: #letra yoshi 9 a 10
[2025-11-18T00:30:38.392Z] [RECEIVED] 30837949124772@lid: #letra nsqk miata
[2025-11-18T00:31:05.886Z] [RECEIVED] 30837949124772@lid: #letra burial archangel
[2025-11-18T00:31:39.203Z] [RECEIVED] 120363160616746507@g.us: 
[2025-11-18T00:32:05.722Z] [RECEIVED] 120363160616746507@g.us: No me sale
[2025-11-18T00:33:25.808Z] [RECEIVED] 30837949124772@lid: #letra the backseat lovers pool house
[2025-11-18T00:33:51.112Z] [RECEIVED] 120363160616746507@g.us: 
[2025-11-18T00:39:56.865Z] [RECEIVED] 30837949124772@lid: #ping
[2025-11-18T00:40:51.474Z] [RECEIVED] status@broadcast: 
[2025-11-18T00:50:32.624Z] [RECEIVED] 30837949124772@lid: #ping
[2025-11-18T00:55:52.132Z] [RECEIVED] 30837949124772@lid: #ping
[2025-11-18T00:55:55.473Z] [RECEIVED] 30837949124772@lid: #ping
[2025-11-18T01:05:27.063Z] [RECEIVED] 30837949124772@lid: #menu
[2025-11-18T01:07:39.068Z] [RECEIVED] 30837949124772@lid: #letra
[2025-11-18T01:08:05.642Z] [RECEIVED] 30837949124772@lid: #letra bjork like someone in love
[2025-11-18T01:08:26.592Z] [RECEIVED] 30837949124772@lid: #letra rosalía reliquia
[2025-11-18T01:10:08.661Z] [RECEIVED] 30837949124772@lid: #letra bjork joga
[2025-11-18T01:10:31.629Z] [RECEIVED] 30837949124772@lid: #letra bjork violently happy
[2025-11-18T01:10:49.690Z] [RECEIVED] 30837949124772@lid: #letra björk army of me
[2025-11-18T01:11:33.097Z] [RECEIVED] 30837949124772@lid: #letra björk like someone in love
[2025-11-18T01:19:14.958Z] [RECEIVED] status@broadcast: 
[2025-11-18T01:24:28.198Z] [RECEIVED] 120363387470929207@g.us: #tt https://vm.tiktok.com/ZMAcPkvsR/
[2025-11-18T01:24:43.989Z] [RECEIVED] 120363387470929207@g.us: @39106298044576
[2025-11-18T01:24:57.262Z] [RECEIVED] 120363387470929207@g.us: Mande el maldito tt
[2025-11-18T01:25:01.546Z] [RECEIVED] 120363387470929207@g.us: Asi consume almacenamiento
[2025-11-18T01:25:06.821Z] [RECEIVED] 120363387470929207@g.us: A mi iPhone 64gb
[2025-11-18T01:25:10.067Z] [RECEIVED] 120363387470929207@g.us: 
[2025-11-18T01:25:14.106Z] [RECEIVED] 120363387470929207@g.us: 
[2025-11-18T01:25:16.607Z] [RECEIVED] 120363387470929207@g.us: pecao
[2025-11-18T01:25:22.052Z] [RECEIVED] 120363387470929207@g.us: JASJAJAJJA
[2025-11-18T01:28:20.709Z] [RECEIVED] 30837949124772@lid: #tt https://vm.tiktok.com/ZMAcPJALu/
[2025-11-18T01:28:33.437Z] [RECEIVED] 120363160616746507@g.us: #tt https://vm.tiktok.com/ZMAcPJALu/
[2025-11-18T01:39:16.133Z] [RECEIVED] status@broadcast: 
[2025-11-18T01:39:16.522Z] [RECEIVED] status@broadcast: 
[2025-11-18T01:44:18.924Z] [RECEIVED] 30837949124772@lid: 
[2025-11-18T01:44:20.903Z] [RECEIVED] 30837949124772@lid: #s
[2025-11-18T01:48:04.907Z] [RECEIVED] 120363160616746507@g.us: #tt https://vm.tiktok.com/ZMAcPvPHe/
[2025-11-18T01:48:15.992Z] [RECEIVED] 120363160616746507@g.us: @39106298044576
[2025-11-18T01:48:40.292Z] [RECEIVED] 120363160616746507@g.us: KAKAKAK
[2025-11-18T01:58:42.247Z] [RECEIVED] 30837949124772@lid: #tt https://www.tiktok.com/@dacianudila/video/7564694142089956630?_r=1&u_code=e86igh284g3f08&preview...
[2025-11-18T01:59:36.567Z] [RECEIVED] 30837949124772@lid: #tt https://vm.tiktok.com/ZMAcPuXhE/
[2025-11-18T02:02:08.131Z] [RECEIVED] status@broadcast: Poquito
[2025-11-18T02:30:20.459Z] [RECEIVED] status@broadcast: Vendo $
[2025-11-18T03:29:37.599Z] [RECEIVED] 120363160616746507@g.us: EMPEZARON A PASAR COSAS EN ESTE PAAAAIIIS
[2025-11-18T03:29:40.479Z] [RECEIVED] 120363160616746507@g.us: 
[2025-11-18T03:31:33.962Z] [RECEIVED] 120363160616746507@g.us: q
[2025-11-18T03:31:35.731Z] [RECEIVED] 120363160616746507@g.us: 
[2025-11-18T03:31:40.884Z] [RECEIVED] 120363160616746507@g.us: Si
[2025-11-18T03:31:44.076Z] [RECEIVED] 120363160616746507@g.us: no vio bobo?
[2025-11-18T03:31:47.606Z] [RECEIVED] 120363160616746507@g.us: q
[2025-11-18T03:31:51.023Z] [RECEIVED] 120363160616746507@g.us: Na no ta pendiente
[2025-11-18T03:31:57.366Z] [RECEIVED] 120363160616746507@g.us: Volvió a subir el dólar
[2025-11-18T03:32:00.282Z] [RECEIVED] 120363160616746507@g.us: 
[2025-11-18T03:32:05.356Z] [RECEIVED] 120363160616746507@g.us: 
[2025-11-18T03:39:16.376Z] [RECEIVED] status@broadcast: 
[2025-11-18T03:39:19.111Z] [RECEIVED] status@broadcast: 
[2025-11-18T04:20:04.302Z] [RECEIVED] 120363160616746507@g.us: #post 3 https://www.instagram.com/p/DRGeW-eDQKW/?img_index=2&igsh=aWp1MW94ZGY4bHAz
[2025-11-18T04:20:40.228Z] [RECEIVED] status@broadcast: 💗
[2025-11-18T13:43:54.561Z] [RECEIVED] status@broadcast: 
[2025-11-18T13:50:28.904Z] [RECEIVED] status@broadcast: 
[2025-11-18T13:52:23.859Z] [RECEIVED] 120363387470929207@g.us: #ping
[2025-11-18T13:52:30.814Z] [RECEIVED] 120363387470929207@g.us: 
[2025-11-18T13:52:34.585Z] [RECEIVED] 120363387470929207@g.us: #ping
[2025-11-18T13:52:40.541Z] [RECEIVED] 120363387470929207@g.us: Gracias jorge
[2025-11-18T13:52:42.920Z] [RECEIVED] 120363387470929207@g.us: #tt https://vm.tiktok.com/ZMAcXfXVc/
[2025-11-18T13:52:44.354Z] [RECEIVED] 120363387470929207@g.us: 
[2025-11-18T13:52:53.506Z] [RECEIVED] 120363387470929207@g.us: @243297515737326 feliz cumpleaños
[2025-11-18T13:53:03.128Z] [RECEIVED] 120363387470929207@g.us: le conseguí un saludo del bicho pero no le diga a nadie
[2025-11-18T13:53:08.406Z] [RECEIVED] 120363387470929207@g.us: 
[2025-11-18T13:53:21.619Z] [RECEIVED] 120363387470929207@g.us: 
[2025-11-18T13:53:22.066Z] [RECEIVED] 120363387470929207@g.us: 
[2025-11-18T13:53:44.149Z] [RECEIVED] 120363387470929207@g.us: 
[2025-11-18T13:53:59.806Z] [RECEIVED] 120363387470929207@g.us: Gracia
[2025-11-18T13:54:02.954Z] [RECEIVED] 120363387470929207@g.us: 
[2025-11-18T14:00:14.430Z] [RECEIVED] 120363160616746507@g.us: #tt https://vm.tiktok.com/ZMAcXuDQR/
[2025-11-18T14:00:38.475Z] [RECEIVED] 120363160616746507@g.us: @39106298044576 yo andando sin manos donde la abuela
[2025-11-18T14:09:42.548Z] [RECEIVED] 120363160616746507@g.us: #letra thom yorke dawn chorus
[2025-11-18T14:10:41.387Z] [RECEIVED] 120363160616746507@g.us: 
[2025-11-18T14:12:19.164Z] [RECEIVED] 120363160616746507@g.us: 
[2025-11-18T14:12:27.632Z] [RECEIVED] 120363160616746507@g.us: 
[2025-11-18T14:12:46.544Z] [RECEIVED] 120363160616746507@g.us: 
[2025-11-18T14:12:56.863Z] [RECEIVED] 120363160616746507@g.us: 
[2025-11-18T14:13:36.329Z] [RECEIVED] 120363160616746507@g.us: 
[2025-11-18T14:13:50.210Z] [RECEIVED] 120363160616746507@g.us: 
[2025-11-18T14:14:16.879Z] [RECEIVED] 120363160616746507@g.us: 
[2025-11-18T14:15:32.770Z] [RECEIVED] 120363160616746507@g.us: 
[2025-11-18T14:16:05.486Z] [RECEIVED] 120363160616746507@g.us: 
[2025-11-18T14:19:58.347Z] [RECEIVED] 120363160616746507@g.us: 
[2025-11-18T14:20:10.614Z] [RECEIVED] 120363160616746507@g.us: 
[2025-11-18T14:27:59.664Z] [RECEIVED] status@broadcast: Actividad universitaria Fuerza Violenta
[2025-11-18T15:08:29.510Z] [RECEIVED] 120363160616746507@g.us: 
[2025-11-18T15:08:37.021Z] [RECEIVED] 120363160616746507@g.us: #s
[2025-11-18T15:08:49.617Z] [RECEIVED] 120363160616746507@g.us: 4 a 1 🤼‍♂️
[2025-11-18T15:08:53.362Z] [RECEIVED] 120363160616746507@g.us: 
[2025-11-18T15:30:21.492Z] [RECEIVED] 120363387470929207@g.us: 🥹🥹🥹
[2025-11-18T15:30:25.089Z] [RECEIVED] 120363387470929207@g.us: 
[2025-11-18T15:33:59.588Z] [RECEIVED] status@broadcast: 
[2025-11-18T15:41:31.113Z] [RECEIVED] status@broadcast: 
[2025-11-18T15:42:53.619Z] [RECEIVED] 120363387470929207@g.us: 
[2025-11-18T15:45:21.996Z] [RECEIVED] status@broadcast: 
[2025-11-18T15:45:35.594Z] [RECEIVED] status@broadcast: Feliz cumpleaños brositoooooo tqm♡✨

Graciass🫂 (la única foto que tenia)
[2025-11-18T15:47:35.111Z] [RECEIVED] 120363387470929207@g.us: Regalito
[2025-11-18T15:50:53.698Z] [RECEIVED] 120363387470929207@g.us: 
[2025-11-18T15:51:04.525Z] [RECEIVED] 120363387470929207@g.us: 
[2025-11-18T15:59:26.376Z] [RECEIVED] 120363387470929207@g.us: 
[2025-11-18T16:22:46.047Z] [RECEIVED] status@broadcast: 
[2025-11-18T16:30:20.134Z] [RECEIVED] 120363160616746507@g.us: se cayó rym
[2025-11-18T16:30:21.629Z] [RECEIVED] 120363160616746507@g.us: 
[2025-11-18T16:30:49.879Z] [RECEIVED] 120363160616746507@g.us: 
[2025-11-18T16:31:11.080Z] [RECEIVED] 120363160616746507@g.us: q arrecho el efecto
[2025-11-18T16:31:18.357Z] [RECEIVED] 120363160616746507@g.us: lo unico q hice fue moverme
[2025-11-18T16:31:56.559Z] [RECEIVED] 120363160616746507@g.us: cuando se va la luz usa el mouse o q
[2025-11-18T16:32:06.712Z] [RECEIVED] 120363160616746507@g.us: el bicho en la sala con el mouse ps
[2025-11-18T16:32:34.133Z] [RECEIVED] 120363160616746507@g.us: https://www.reddit.com/r/radiohead/s/LRy4fnsY4Q
[2025-11-18T16:33:12.886Z] [RECEIVED] 120363160616746507@g.us: en bologna
[2025-11-18T16:44:56.291Z] [RECEIVED] 120363160616746507@g.us: apenitas volvió
[2025-11-18T17:28:22.315Z] [RECEIVED] 30837949124772@lid: #post https://www.instagram.com/p/DQ70SORk0DQ/?igsh=dWplN28xczU0bHBj
[2025-11-18T17:28:32.398Z] [RECEIVED] 30837949124772@lid: #ping
[2025-11-18T17:29:09.900Z] [RECEIVED] 120363387470929207@g.us: #tt https://vm.tiktok.com/ZMAcb9SVB/
[2025-11-18T17:29:23.044Z] [RECEIVED] 120363387470929207@g.us: @243297515737326
[2025-11-18T17:29:58.099Z] [RECEIVED] 120363387470929207@g.us: 
[2025-11-18T18:29:17.600Z] [RECEIVED] 120363387470929207@g.us: Na
[2025-11-18T18:40:49.839Z] [RECEIVED] 30837949124772@lid: #ping
[2025-11-18T18:40:53.652Z] [RECEIVED] 30837949124772@lid: #pin
[2025-11-18T18:40:58.782Z] [RECEIVED] 30837949124772@lid: #pin momo meme
[2025-11-18T18:45:59.859Z] [RECEIVED] 30837949124772@lid: @ping
[2025-11-18T18:46:04.272Z] [RECEIVED] 30837949124772@lid: #ping
[2025-11-18T18:46:09.958Z] [RECEIVED] 30837949124772@lid: #pin momo meme
[2025-11-18T19:27:37.892Z] [RECEIVED] 120363160616746507@g.us: 
[2025-11-18T19:27:45.751Z] [RECEIVED] 120363160616746507@g.us: #ping
[2025-11-18T19:27:52.142Z] [RECEIVED] 120363160616746507@g.us: #letra radiohead tinker tailor soldier sailor rich man poor man beggar man thief
[2025-11-18T19:28:28.792Z] [RECEIVED] 120363160616746507@g.us: ta buena
[2025-11-18T19:28:38.309Z] [RECEIVED] 120363160616746507@g.us: #letra king crimson exiles
[2025-11-18T19:28:54.895Z] [RECEIVED] 120363160616746507@g.us: 
[2025-11-18T19:30:12.571Z] [RECEIVED] 120363160616746507@g.us: #letra gustavo cerati alma
[2025-11-18T19:35:21.796Z] [RECEIVED] 30837949124772@lid: #pin https://pin.it/5C3iFs7v4
[2025-11-18T19:38:51.228Z] [RECEIVED] 120363160616746507@g.us: 
[2025-11-18T19:39:51.190Z] [RECEIVED] 120363160616746507@g.us: #letra sui generis confesiones de invierno
[2025-11-18T19:41:54.686Z] [RECEIVED] 120363160616746507@g.us: cuanto dura esa cancion
[2025-11-18T19:42:05.746Z] [RECEIVED] 120363160616746507@g.us: 4 minutos
[2025-11-18T19:42:10.053Z] [RECEIVED] 120363160616746507@g.us: alaputa
[2025-11-18T19:42:17.086Z] [RECEIVED] 120363160616746507@g.us: el bicho rapea o q
[2025-11-18T19:42:23.267Z] [RECEIVED] 120363160616746507@g.us: es lenta
[2025-11-18T19:44:39.858Z] [RECEIVED] 120363160616746507@g.us: 
[2025-11-18T19:46:15.133Z] [RECEIVED] 120363160616746507@g.us: 
[2025-11-18T19:46:35.462Z] [RECEIVED] 120363160616746507@g.us: escuche esto
[2025-11-18T19:46:39.901Z] [RECEIVED] 120363160616746507@g.us: parece como las de spiderland
[2025-11-18T19:46:45.469Z] [RECEIVED] 120363160616746507@g.us: pero si suena bien
[2025-11-18T19:57:43.046Z] [RECEIVED] 120363160616746507@g.us: 
[2025-11-18T19:58:04.745Z] [RECEIVED] 30837949124772@lid: #ping
[2025-11-18T19:58:17.097Z] [RECEIVED] 30837949124772@lid: #pin https://pin.it/5C3iFs7v4
[2025-11-18T20:17:38.542Z] [RECEIVED] 30837949124772@lid: #pin https://pin.it/5C3iFs7v4
[2025-11-18T20:20:00.837Z] [RECEIVED] 30837949124772@lid: #pin https://pin.it/5C3iFs7v4
[2025-11-18T20:28:09.669Z] [RECEIVED] 120363160616746507@g.us: disco de una habla
[2025-11-18T20:29:06.657Z] [RECEIVED] 120363160616746507@g.us: ?
[2025-11-18T20:29:18.922Z] [RECEIVED] 120363160616746507@g.us: cuanto dura
[2025-11-18T20:29:20.728Z] [RECEIVED] 30837949124772@lid: #ping
[2025-11-18T20:29:32.199Z] [RECEIVED] 30837949124772@lid: #pin https://pin.it/5C3iFs7v4
[2025-11-18T20:29:56.619Z] [RECEIVED] 120363160616746507@g.us: 40 y algo tiene q durar
[2025-11-18T20:29:58.407Z] [RECEIVED] 120363160616746507@g.us: 
[2025-11-18T20:30:04.191Z] [RECEIVED] 120363160616746507@g.us: voy a descargarlo
[2025-11-18T20:30:10.418Z] [RECEIVED] 120363160616746507@g.us: dale pues
[2025-11-18T20:30:34.667Z] [RECEIVED] 120363160616746507@g.us: 46m
[2025-11-18T20:30:42.457Z] [RECEIVED] 120363160616746507@g.us: 3.73
[2025-11-18T20:31:33.302Z] [RECEIVED] 120363160616746507@g.us: lo mismo q islands
[2025-11-18T20:33:17.556Z] [RECEIVED] 120363160616746507@g.us: arrecho
[2025-11-18T20:33:46.969Z] [RECEIVED] 120363160616746507@g.us: liayo
[2025-11-18T20:33:49.051Z] [RECEIVED] 120363160616746507@g.us: listo
[2025-11-18T20:34:34.319Z] [RECEIVED] 120363160616746507@g.us: dicen las reseñas q es muy diferente a los anteriores y vanguardista
[2025-11-18T20:34:44.434Z] [RECEIVED] 120363160616746507@g.us: listo igual
[2025-11-18T20:34:45.653Z] [RECEIVED] 120363160616746507@g.us: habla
[2025-11-18T20:35:28.841Z] [RECEIVED] 120363160616746507@g.us: 
[2025-11-18T20:35:32.008Z] [RECEIVED] 120363160616746507@g.us: aja
[2025-11-18T20:35:51.264Z] [RECEIVED] 120363160616746507@g.us: aja
[2025-11-18T20:35:52.201Z] [RECEIVED] 120363160616746507@g.us: voy
[2025-11-18T20:35:59.436Z] [RECEIVED] 120363160616746507@g.us: 
[2025-11-18T20:36:04.121Z] [RECEIVED] 120363160616746507@g.us: 
[2025-11-18T20:36:12.206Z] [RECEIVED] 120363160616746507@g.us: sapegato pq comienza así
[2025-11-18T20:36:13.237Z] [RECEIVED] 120363160616746507@g.us: sin rodeos
[2025-11-18T20:36:41.770Z] [RECEIVED] 120363160616746507@g.us: ya podemos escuchar disco los tres 🤼‍♂️
[2025-11-18T20:36:45.219Z] [RECEIVED] 120363160616746507@g.us: q ta lleno de improvisaciones
[2025-11-18T20:36:50.256Z] [RECEIVED] 120363160616746507@g.us: 
[2025-11-18T20:36:57.436Z] [RECEIVED] 120363160616746507@g.us: 
[2025-11-18T20:36:59.161Z] [RECEIVED] 120363160616746507@g.us: sisa pq son temas en vivo y dsps arreglados
[2025-11-18T20:37:07.430Z] [RECEIVED] 120363160616746507@g.us: como providence
[2025-11-18T20:37:14.084Z] [RECEIVED] 120363160616746507@g.us: pero providence es impro completa ps
[2025-11-18T20:37:19.276Z] [RECEIVED] 120363160616746507@g.us: hay q meterle a ese otra vez
[2025-11-18T20:37:26.349Z] [RECEIVED] 120363160616746507@g.us: red?
[2025-11-18T20:37:30.729Z] [RECEIVED] 120363160616746507@g.us: maldita actualización de WhatsApp nojoda
[2025-11-18T20:37:40.859Z] [RECEIVED] 120363160616746507@g.us: va uno a responder y lo mete pa otra ventana
[2025-11-18T20:37:41.535Z] [RECEIVED] 120363160616746507@g.us: 
[2025-11-18T20:39:05.447Z] [RECEIVED] 30837949124772@lid: #pin https://pin.it/6LBJVOS7j
[2025-11-18T20:39:27.186Z] [RECEIVED] 120363160616746507@g.us: q arrecho q red es como el sonido final de esa trayectoria
[2025-11-18T20:39:34.438Z] [RECEIVED] status@broadcast: 
[2025-11-18T20:39:44.752Z] [RECEIVED] 120363160616746507@g.us: el junte de toda la experiencia ps pa sacar esa masterpiece
[2025-11-18T20:39:58.085Z] [RECEIVED] status@broadcast: 
[2025-11-18T20:39:58.465Z] [RECEIVED] 120363160616746507@g.us: lament
[2025-11-18T20:40:53.587Z] [RECEIVED] 120363160616746507@g.us: ta bueno este
[2025-11-18T20:41:26.102Z] [RECEIVED] 120363160616746507@g.us: se viene algo
[2025-11-18T20:42:08.702Z] [RECEIVED] 120363160616746507@g.us: 
[2025-11-18T20:42:17.767Z] [RECEIVED] 120363160616746507@g.us: la q viene y las ultimas dos son instrumental 🤼‍♂️
[2025-11-18T20:42:32.826Z] [RECEIVED] 120363160616746507@g.us: la quinta tmb
[2025-11-18T20:43:35.603Z] [RECEIVED] 120363160616746507@g.us: y uste como sabe
[2025-11-18T20:43:49.245Z] [RECEIVED] 120363160616746507@g.us: #letra king crimson lament
[2025-11-18T20:43:54.230Z] [RECEIVED] 120363160616746507@g.us: Here’s a detailed breakdown of Starless and Bible Black, the album by King Crimson:


---

Key Data ...
[2025-11-18T20:44:09.105Z] [RECEIVED] 120363160616746507@g.us: 
[2025-11-18T20:44:12.973Z] [RECEIVED] 120363160616746507@g.us: well
[2025-11-18T20:46:20.840Z] [RECEIVED] 120363160616746507@g.us: Artist: King Crimson 

Album Type: Studio / Live (hybrid) 

Release Date: 29 March 1974 

Recorded:
...
[2025-11-19T01:12:08.954Z] [RECEIVED] 30837949124772@lid: #ytaudio nsqk bad intenciones
[2025-11-20T18:43:42.449Z] [RECEIVED] 120363387470929207@g.us: #ytaudio ghost in the shell nsqk
[2025-11-21T20:08:26.903Z] [RECEIVED] 584145792089@s.whatsapp.net: #ytaudio https://youtu.be/wfOHdfqqJTs?si=-wn3JSFG8QSct0Pk
[2025-11-21T20:09:14.946Z] [RECEIVED] 584145792089@s.whatsapp.net: #ytaudio https://youtu.be/wfOHdfqqJTs?si=Qh22LXozhKI4WVnz
[2025-11-21T20:09:43.545Z] [RECEIVED] 584145792089@s.whatsapp.net: #yt https://youtu.be/wfOHdfqqJTs?si=Qh22LXozhKI4WVnz
[2025-11-21T20:11:31.548Z] [RECEIVED] 30837949124772@lid: #yt riosse todavíaduele
[2025-11-21T21:17:57.761Z] [RECEIVED] 120363387470929207@g.us: #ytaudio no me frontees boricua drips
[2025-11-21T21:19:01.911Z] [RECEIVED] 30837949124772@lid: #ytaudio https://youtu.be/wfOHdfqqJTs?si=Qh22LXozhKI4WVnz
[2025-11-22T19:32:46.529Z] [RECEIVED] 120363160616746507@g.us: #yt https://youtu.be/MCSz4rZ5Lgo?si=GD2GC_iPr0LJ_bnM
