[2025-11-14T00:19:10.573Z] [INFO] [system] Rotación de logs programada cada 24 horas 
[2025-11-14T00:19:10.630Z] [INFO] [system] Iniciando bot de WhatsApp... 
[2025-11-14T00:19:10.634Z] [INFO] [session] Sesión activa encontrada, manteniendo... 
[2025-11-14T00:19:10.726Z] [INFO] [system] Usando Baileys version: 2.3000.1027934701 
[2025-11-14T00:19:10.737Z] [INFO] [session] Estado de conexión: connecting {"status":"connecting","qr":false}
[2025-11-14T00:19:11.121Z] [INFO] [session] Estado de conexión: connecting... {"qr":false}
[2025-11-14T00:19:11.163Z] [INFO] [session] Estado de conexión: connecting... {"qr":false}
[2025-11-14T00:19:11.163Z] [INFO] [session] Estado de conexión: open {"status":"open","qr":false}
[2025-11-14T00:19:11.163Z] [SUCCESS] [session] Conexión exitosa a WhatsApp {"user":"Untrue","id":"584120614314:32@s.whatsapp.net"}
[2025-11-14T00:25:22.511Z] [INFO] [system] Rotación de logs programada cada 24 horas 
[2025-11-14T00:25:22.592Z] [INFO] [system] Iniciando bot de WhatsApp... 
[2025-11-14T00:25:22.596Z] [INFO] [session] Sesión activa encontrada, manteniendo... 
[2025-11-14T00:25:22.691Z] [INFO] [system] Usando Baileys version: 2.3000.1027934701 
[2025-11-14T00:25:22.716Z] [INFO] [session] Estado de conexión: connecting {"status":"connecting","qr":false}
[2025-11-14T00:25:23.668Z] [INFO] [session] Estado de conexión: connecting... {"qr":false}
[2025-11-14T00:25:23.669Z] [INFO] [session] Estado de conexión: open {"status":"open","qr":false}
[2025-11-14T00:25:23.669Z] [SUCCESS] [session] Conexión exitosa a WhatsApp {"user":"Untrue","id":"584120614314:32@s.whatsapp.net"}
[2025-11-14T00:25:23.680Z] [INFO] [session] Estado de conexión: connecting... {"qr":false}
[2025-11-14T00:25:32.274Z] [INFO] [message] Mensaje received {"user":"120363387470929207@g.us","message":"#post https://www.instagram.com/p/DP1bRAyDoD4/?igsh=cXdxeWJlZHUyZ213","type":"received"}
[2025-11-14T00:25:37.850Z] [INFO] [message] Mensaje received {"user":"120363387470929207@g.us","message":"ys","type":"received"}
[2025-11-14T00:25:39.425Z] [INFO] [message] Mensaje received {"user":"120363387470929207@g.us","message":"ya","type":"received"}
[2025-11-14T00:25:40.788Z] [SUCCESS] [command] Comando ejecutado: post {"user":"120363387470929207@g.us","command":"post","args":["https://www.instagram.com/p/DP1bRAyDoD4/?igsh=cXdxeWJlZHUyZ213"],"success":true,"result":null}
[2025-11-14T00:25:50.604Z] [INFO] [message] Mensaje received {"user":"120363387470929207@g.us","message":"","type":"received"}
[2025-11-14T00:25:52.512Z] [INFO] [logrotate] 🚀 Iniciando rotación automática de logs... 
[2025-11-14T00:25:52.515Z] [DEBUG] [logrotate] Rotación: No se encontraron archivos para eliminar 
[2025-11-14T00:25:52.521Z] [INFO] [logrotate] Reporte de almacenamiento {"totalFiles":32,"totalSize":520117,"totalSizeMB":"0.50","logFiles":32,"backupFiles":0}
[2025-11-14T00:25:52.521Z] [INFO] [logrotate] ✅ Rotación completada en 7ms {"duration":7,"report":{"totalFiles":32,"totalSize":520117,"totalSizeMB":"0.50","logFiles":32,"backupFiles":0}}
[2025-11-14T00:25:54.053Z] [INFO] [message] Mensaje received {"user":"120363387470929207@g.us","message":".","type":"received"}
[2025-11-14T00:26:11.432Z] [INFO] [message] Mensaje received {"user":"status@broadcast","message":"","type":"received"}
[2025-11-14T00:26:19.289Z] [INFO] [message] Mensaje received {"user":"120363387470929207@g.us","message":"","type":"received"}
[2025-11-14T00:28:23.192Z] [INFO] [message] Mensaje received {"user":"120363387470929207@g.us","message":"#post 2 https://www.instagram.com/p/DQ_7niqjY72/?img_index=1&igsh=a2dwOTh4dGJnNTR2","type":"received"}
[2025-11-14T00:28:30.083Z] [SUCCESS] [command] Comando ejecutado: post {"user":"120363387470929207@g.us","command":"post","args":["2","https://www.instagram.com/p/DQ_7niqjY72/?img_index=1&igsh=a2dwOTh4dGJnNTR2"],"success":true,"result":null}
[2025-11-14T00:29:19.882Z] [INFO] [message] Mensaje received {"user":"120363387470929207@g.us","message":"#post 1","type":"received"}
[2025-11-14T00:29:20.126Z] [SUCCESS] [command] Comando ejecutado: post {"user":"120363387470929207@g.us","command":"post","args":["1"],"success":true,"result":null}
[2025-11-14T00:29:24.991Z] [INFO] [message] Mensaje received {"user":"120363387470929207@g.us","message":"XD","type":"received"}
[2025-11-14T00:29:31.896Z] [INFO] [message] Mensaje received {"user":"120363387470929207@g.us","message":"#post 1 https://www.instagram.com/p/DQMZnnwjHwB/?igsh=Z29xdjFoaDY3NHVu","type":"received"}
[2025-11-14T00:29:38.459Z] [INFO] [message] Mensaje received {"user":"120363387470929207@g.us","message":"","type":"received"}
[2025-11-14T00:29:39.951Z] [SUCCESS] [command] Comando ejecutado: post {"user":"120363387470929207@g.us","command":"post","args":["1","https://www.instagram.com/p/DQMZnnwjHwB/?igsh=Z29xdjFoaDY3NHVu"],"success":true,"result":null}
[2025-11-14T00:31:53.826Z] [INFO] [message] Mensaje received {"user":"120363387470929207@g.us","message":"#reel https://www.instagram.com/reel/DPP3D4YjOaD/?igsh=czNsYThlc2xvcWp6","type":"received"}
[2025-11-14T00:32:04.691Z] [SUCCESS] [command] Comando ejecutado: reel {"user":"120363387470929207@g.us","command":"reel","args":["https://www.instagram.com/reel/DPP3D4YjOaD/?igsh=czNsYThlc2xvcWp6"],"success":true,"result":null}
[2025-11-14T00:34:23.714Z] [INFO] [message] Mensaje received {"user":"120363387470929207@g.us","message":"mi bot dandola toda","type":"received"}
[2025-11-14T00:34:30.647Z] [INFO] [message] Mensaje received {"user":"120363387470929207@g.us","message":"","type":"received"}
[2025-11-14T00:34:43.134Z] [INFO] [message] Mensaje received {"user":"120363387470929207@g.us","message":"tirandola larga","type":"received"}
[2025-11-14T00:38:20.639Z] [INFO] [message] Mensaje received {"user":"120363387470929207@g.us","message":"#reel https://www.instagram.com/reel/DPCKasvD3ox/?igsh=cXk5em8wMjIzZnh2","type":"received"}
[2025-11-14T00:38:30.687Z] [SUCCESS] [command] Comando ejecutado: reel {"user":"120363387470929207@g.us","command":"reel","args":["https://www.instagram.com/reel/DPCKasvD3ox/?igsh=cXk5em8wMjIzZnh2"],"success":true,"result":null}
[2025-11-14T00:38:55.456Z] [INFO] [message] Mensaje received {"user":"status@broadcast","message":"","type":"received"}
[2025-11-14T00:40:42.405Z] [INFO] [message] Mensaje received {"user":"status@broadcast","message":"","type":"received"}
[2025-11-14T00:51:16.182Z] [INFO] [message] Mensaje received {"user":"120363387470929207@g.us","message":"#reel https://www.instagram.com/reel/DOmJrsnCCqc/?igsh=eWR1aHNicnMzdXpx","type":"received"}
[2025-11-14T00:51:24.607Z] [SUCCESS] [command] Comando ejecutado: reel {"user":"120363387470929207@g.us","command":"reel","args":["https://www.instagram.com/reel/DOmJrsnCCqc/?igsh=eWR1aHNicnMzdXpx"],"success":true,"result":null}
[2025-11-14T00:51:52.085Z] [INFO] [message] Mensaje received {"user":"120363387470929207@g.us","message":"#s","type":"received"}
[2025-11-14T00:51:58.254Z] [INFO] [session] Estado de conexión: connecting... {"qr":false}
[2025-11-14T00:51:58.254Z] [SUCCESS] [command] Comando ejecutado: s {"user":"120363387470929207@g.us","command":"s","args":[],"success":true,"result":null}
[2025-11-14T00:53:25.118Z] [INFO] [message] Mensaje received {"user":"120363387470929207@g.us","message":"#post 1 https://www.instagram.com/p/DQvSWsoEZoW/?igsh=MW1maDY5aXMwN2Fpbg==","type":"received"}
[2025-11-14T00:53:32.630Z] [SUCCESS] [command] Comando ejecutado: post {"user":"120363387470929207@g.us","command":"post","args":["1","https://www.instagram.com/p/DQvSWsoEZoW/?igsh=MW1maDY5aXMwN2Fpbg=="],"success":true,"result":null}
[2025-11-14T00:53:37.527Z] [INFO] [message] Mensaje received {"user":"120363387470929207@g.us","message":"","type":"received"}
[2025-11-14T00:54:16.875Z] [INFO] [message] Mensaje received {"user":"120363387470929207@g.us","message":"#reel https://www.instagram.com/p/DQszmx6Dmzj/?igsh=dWZ3bmx2Njh3c21o","type":"received"}
[2025-11-14T00:54:23.044Z] [SUCCESS] [command] Comando ejecutado: reel {"user":"120363387470929207@g.us","command":"reel","args":["https://www.instagram.com/p/DQszmx6Dmzj/?igsh=dWZ3bmx2Njh3c21o"],"success":true,"result":null}
[2025-11-14T00:54:33.227Z] [INFO] [message] Mensaje received {"user":"120363387470929207@g.us","message":"@39106298044576 sin ni haber comenzado","type":"received"}
[2025-11-14T00:54:41.801Z] [INFO] [message] Mensaje received {"user":"120363387470929207@g.us","message":"","type":"received"}
[2025-11-14T00:54:49.300Z] [INFO] [message] Mensaje received {"user":"120363387470929207@g.us","message":"Xd","type":"received"}
[2025-11-14T00:55:03.571Z] [INFO] [message] Mensaje received {"user":"120363387470929207@g.us","message":"Como realmente es:","type":"received"}
[2025-11-14T00:55:25.460Z] [INFO] [message] Mensaje received {"user":"120363387470929207@g.us","message":"No entiendo estadística🗣️","type":"received"}
[2025-11-14T00:55:35.347Z] [INFO] [message] Mensaje received {"user":"120363387470929207@g.us","message":"","type":"received"}
[2025-11-14T00:55:39.299Z] [INFO] [message] Mensaje received {"user":"120363387470929207@g.us","message":"Bueno","type":"received"}
[2025-11-14T00:55:41.006Z] [INFO] [message] Mensaje received {"user":"120363387470929207@g.us","message":"Ya se","type":"received"}
[2025-11-14T00:55:46.793Z] [INFO] [message] Mensaje received {"user":"120363387470929207@g.us","message":"Pero estaba perdido","type":"received"}
[2025-11-14T00:55:56.881Z] [INFO] [message] Mensaje received {"user":"120363387470929207@g.us","message":"El sábado examen","type":"received"}
[2025-11-14T00:56:04.509Z] [INFO] [message] Mensaje received {"user":"120363387470929207@g.us","message":"si necesita ayuda me dice","type":"received"}
[2025-11-14T00:56:13.421Z] [INFO] [message] Mensaje received {"user":"120363387470929207@g.us","message":"","type":"received"}
[2025-11-14T00:56:14.615Z] [INFO] [message] Mensaje received {"user":"120363387470929207@g.us","message":"","type":"received"}
[2025-11-14T00:56:19.917Z] [INFO] [message] Mensaje received {"user":"120363387470929207@g.us","message":"","type":"received"}
[2025-11-14T00:56:19.991Z] [INFO] [message] Mensaje received {"user":"120363387470929207@g.us","message":"pa saber q necesita ayuda pues pq yo tampoco sé","type":"received"}
[2025-11-14T00:56:43.937Z] [INFO] [message] Mensaje received {"user":"120363387470929207@g.us","message":"mi papá es contador mmgvo","type":"received"}
[2025-11-14T00:56:46.216Z] [INFO] [message] Mensaje received {"user":"120363387470929207@g.us","message":"Yo","type":"received"}
[2025-11-14T00:56:57.268Z] [INFO] [message] Mensaje received {"user":"120363387470929207@g.us","message":"Se lo cojio un payaso?","type":"received"}
[2025-11-14T00:57:02.758Z] [INFO] [message] Mensaje received {"user":"120363387470929207@g.us","message":"","type":"received"}
[2025-11-14T00:57:04.800Z] [INFO] [message] Mensaje received {"user":"120363387470929207@g.us","message":"y dió clases ahí en la unellez hace tiempo","type":"received"}
[2025-11-14T00:57:17.385Z] [INFO] [message] Mensaje received {"user":"120363387470929207@g.us","message":"","type":"received"}
[2025-11-14T00:57:34.667Z] [INFO] [message] Mensaje received {"user":"status@broadcast","message":"","type":"received"}
[2025-11-14T00:57:38.118Z] [INFO] [message] Mensaje received {"user":"120363387470929207@g.us","message":"q más le meto al bot","type":"received"}
[2025-11-14T00:57:44.241Z] [INFO] [message] Mensaje received {"user":"120363387470929207@g.us","message":"@39106298044576 @243297515737326","type":"received"}
[2025-11-14T00:57:55.958Z] [INFO] [message] Mensaje received {"user":"120363387470929207@g.us","message":"algo q sepan q vaa utilizar pues","type":"received"}
[2025-11-14T00:58:04.477Z] [INFO] [message] Mensaje received {"user":"120363387470929207@g.us","message":"#boobs @243297515737326","type":"received"}
[2025-11-14T00:58:05.059Z] [SUCCESS] [command] Comando ejecutado: boobs {"user":"120363387470929207@g.us","command":"boobs","args":["@243297515737326"],"success":true,"result":null}
[2025-11-14T00:58:11.542Z] [INFO] [message] Mensaje received {"user":"120363387470929207@g.us","message":"","type":"received"}
[2025-11-14T00:58:18.672Z] [INFO] [message] Mensaje received {"user":"120363387470929207@g.us","message":"no eso no","type":"received"}
[2025-11-14T00:58:22.015Z] [INFO] [message] Mensaje received {"user":"120363387470929207@g.us","message":"JAKSKAKS","type":"received"}
[2025-11-14T00:58:51.653Z] [INFO] [message] Mensaje received {"user":"120363387470929207@g.us","message":"imagínese q te yo relajado en el cuarto haciendo la función de mamarle el pene a un miembro del grup...","type":"received"}
[2025-11-14T00:58:57.126Z] [INFO] [message] Mensaje received {"user":"120363387470929207@g.us","message":"","type":"received"}
[2025-11-14T01:00:02.378Z] [INFO] [message] Mensaje received {"user":"30837949124772@lid","message":"#post https://www.instagram.com/p/DQMRJjDAG88/?igsh=MWl0Nm9nODA0MmN4NQ==","type":"received"}
[2025-11-14T01:00:10.874Z] [SUCCESS] [command] Comando ejecutado: post {"user":"30837949124772@lid","command":"post","args":["https://www.instagram.com/p/DQMRJjDAG88/?igsh=MWl0Nm9nODA0MmN4NQ=="],"success":true,"result":null}
[2025-11-14T01:00:16.786Z] [INFO] [message] Mensaje received {"user":"120363160616746507@g.us","message":"#post https://www.instagram.com/p/DQMRJjDAG88/?igsh=MWl0Nm9nODA0MmN4NQ==","type":"received"}
[2025-11-14T01:00:24.464Z] [SUCCESS] [command] Comando ejecutado: post {"user":"120363160616746507@g.us","command":"post","args":["https://www.instagram.com/p/DQMRJjDAG88/?igsh=MWl0Nm9nODA0MmN4NQ=="],"success":true,"result":null}
[2025-11-14T01:00:27.015Z] [INFO] [message] Mensaje received {"user":"120363160616746507@g.us","message":"","type":"received"}
[2025-11-14T01:01:41.587Z] [INFO] [message] Mensaje received {"user":"30837949124772@lid","message":"#post https://www.instagram.com/p/DQ-cDo0DG9Q/?igsh=c2o3ODVia2N2Ym5z","type":"received"}
[2025-11-14T01:01:50.455Z] [SUCCESS] [command] Comando ejecutado: post {"user":"30837949124772@lid","command":"post","args":["https://www.instagram.com/p/DQ-cDo0DG9Q/?igsh=c2o3ODVia2N2Ym5z"],"success":true,"result":null}
[2025-11-14T01:02:42.683Z] [INFO] [message] Mensaje received {"user":"status@broadcast","message":"","type":"received"}
[2025-11-14T01:04:19.170Z] [INFO] [message] Mensaje received {"user":"status@broadcast","message":"","type":"received"}
[2025-11-14T01:14:43.835Z] [INFO] [system] Rotación de logs programada cada 24 horas 
[2025-11-14T01:14:43.984Z] [INFO] [system] Iniciando bot de WhatsApp... 
[2025-11-14T01:14:43.987Z] [INFO] [session] Sesión activa encontrada, manteniendo... 
[2025-11-14T01:14:44.072Z] [INFO] [system] Usando Baileys version: 2.3000.1027934701 
[2025-11-14T01:14:44.089Z] [INFO] [session] Estado de conexión: connecting {"status":"connecting","qr":false}
[2025-11-14T01:14:44.597Z] [INFO] [session] Estado de conexión: connecting... {"qr":false}
[2025-11-14T01:14:44.686Z] [INFO] [session] Estado de conexión: connecting... {"qr":false}
[2025-11-14T01:14:44.687Z] [INFO] [session] Estado de conexión: open {"status":"open","qr":false}
[2025-11-14T01:14:44.688Z] [SUCCESS] [session] Conexión exitosa a WhatsApp {"user":"Untrue","id":"584120614314:32@s.whatsapp.net"}
[2025-11-14T01:15:13.856Z] [INFO] [logrotate] 🚀 Iniciando rotación automática de logs... 
[2025-11-14T01:15:13.857Z] [DEBUG] [logrotate] Rotación: No se encontraron archivos para eliminar 
[2025-11-14T01:15:13.861Z] [INFO] [logrotate] Reporte de almacenamiento {"totalFiles":33,"totalSize":540123,"totalSizeMB":"0.52","logFiles":33,"backupFiles":0}
[2025-11-14T01:15:13.861Z] [INFO] [logrotate] ✅ Rotación completada en 5ms {"duration":5,"report":{"totalFiles":33,"totalSize":540123,"totalSizeMB":"0.52","logFiles":33,"backupFiles":0}}
[2025-11-14T01:50:03.377Z] [INFO] [message] Mensaje received {"user":"status@broadcast","message":"","type":"received"}
[2025-11-14T02:19:02.886Z] [INFO] [message] Mensaje received {"user":"120363387470929207@g.us","message":"alaputa @39106298044576 estos en q momento sacaron sub 21","type":"received"}
[2025-11-14T02:37:37.494Z] [INFO] [message] Mensaje received {"user":"120363387470929207@g.us","message":"","type":"received"}
[2025-11-14T02:39:00.053Z] [INFO] [message] Mensaje received {"user":"120363387470929207@g.us","message":"Pa sacales la platica","type":"received"}
[2025-11-14T02:41:19.379Z] [INFO] [message] Mensaje received {"user":"status@broadcast","message":"","type":"received"}
[2025-11-14T02:41:25.983Z] [INFO] [message] Mensaje received {"user":"status@broadcast","message":"","type":"received"}
[2025-11-14T02:44:37.695Z] [INFO] [message] Mensaje received {"user":"status@broadcast","message":"","type":"received"}
[2025-11-14T02:54:34.398Z] [INFO] [session] Estado de conexión: close {"status":"close","qr":false}
[2025-11-14T02:54:34.398Z] [ERROR] [session] Conexión cerrada {"statusCode":503}
[2025-11-14T02:54:34.398Z] [INFO] [session] Reconectando en 5 segundos... 
[2025-11-14T02:54:39.403Z] [INFO] [system] Iniciando bot de WhatsApp... 
[2025-11-14T02:54:39.403Z] [INFO] [session] Sesión activa encontrada, manteniendo... 
[2025-11-14T02:54:39.448Z] [INFO] [system] Usando Baileys version: 2.3000.1027934701 
[2025-11-14T02:54:39.451Z] [INFO] [session] Estado de conexión: connecting {"status":"connecting","qr":false}
[2025-11-14T02:54:39.839Z] [INFO] [session] Estado de conexión: connecting... {"qr":false}
[2025-11-14T02:54:39.861Z] [INFO] [session] Estado de conexión: connecting... {"qr":false}
[2025-11-14T02:54:39.861Z] [INFO] [session] Estado de conexión: open {"status":"open","qr":false}
[2025-11-14T02:54:39.861Z] [SUCCESS] [session] Conexión exitosa a WhatsApp {"user":"Untrue","id":"584120614314:32@s.whatsapp.net"}
[2025-11-14T03:12:37.367Z] [INFO] [message] Mensaje received {"user":"30837949124772@lid","message":"#ping","type":"received"}
[2025-11-14T03:12:37.761Z] [SUCCESS] [command] Comando ejecutado: ping {"user":"30837949124772@lid","command":"ping","args":[],"success":true,"result":null}
[2025-11-14T03:13:10.257Z] [INFO] [session] Estado de conexión: close {"status":"close","qr":false}
[2025-11-14T03:13:10.257Z] [ERROR] [session] Conexión cerrada {"statusCode":503}
[2025-11-14T03:13:10.257Z] [INFO] [session] Reconectando en 5 segundos... 
[2025-11-14T03:13:15.262Z] [INFO] [system] Iniciando bot de WhatsApp... 
[2025-11-14T03:13:15.263Z] [INFO] [session] Sesión activa encontrada, manteniendo... 
[2025-11-14T03:13:15.307Z] [INFO] [system] Usando Baileys version: 2.3000.1027934701 
[2025-11-14T03:13:15.309Z] [INFO] [session] Estado de conexión: connecting {"status":"connecting","qr":false}
[2025-11-14T03:13:15.719Z] [INFO] [session] Estado de conexión: connecting... {"qr":false}
[2025-11-14T03:13:15.790Z] [INFO] [session] Estado de conexión: open {"status":"open","qr":false}
[2025-11-14T03:13:15.789Z] [INFO] [session] Estado de conexión: connecting... {"qr":false}
[2025-11-14T03:13:15.790Z] [SUCCESS] [session] Conexión exitosa a WhatsApp {"user":"Untrue","id":"584120614314:32@s.whatsapp.net"}
[2025-11-14T03:15:07.214Z] [INFO] [message] Mensaje received {"user":"30837949124772@lid","message":"#ping","type":"received"}
[2025-11-14T03:15:07.420Z] [SUCCESS] [command] Comando ejecutado: ping {"user":"30837949124772@lid","command":"ping","args":[],"success":true,"result":null}
[2025-11-14T03:15:22.040Z] [INFO] [message] Mensaje received {"user":"30837949124772@lid","message":"","type":"received"}
[2025-11-14T03:15:24.621Z] [INFO] [message] Mensaje received {"user":"30837949124772@lid","message":"#smedia","type":"received"}
[2025-11-14T03:15:25.927Z] [SUCCESS] [command] Comando ejecutado: smedia {"user":"30837949124772@lid","command":"smedia","args":[],"success":true,"result":null}
[2025-11-14T03:22:44.190Z] [INFO] [system] Rotación de logs programada cada 24 horas 
[2025-11-14T03:22:44.256Z] [INFO] [session] Sesión activa encontrada, manteniendo... 
[2025-11-14T03:22:44.254Z] [INFO] [system] Iniciando bot de WhatsApp... 
[2025-11-14T03:22:44.341Z] [INFO] [system] Usando Baileys version: 2.3000.1027934701 
[2025-11-14T03:22:44.355Z] [INFO] [session] Estado de conexión: connecting {"status":"connecting","qr":false}
[2025-11-14T03:22:45.102Z] [INFO] [session] Estado de conexión: connecting... {"qr":false}
[2025-11-14T03:22:45.206Z] [INFO] [session] Estado de conexión: connecting... {"qr":false}
[2025-11-14T03:22:45.206Z] [INFO] [session] Estado de conexión: open {"status":"open","qr":false}
[2025-11-14T03:22:45.206Z] [SUCCESS] [session] Conexión exitosa a WhatsApp {"user":"Untrue","id":"584120614314:32@s.whatsapp.net"}
[2025-11-14T03:23:02.453Z] [INFO] [message] Mensaje received {"user":"120363160616746507@g.us","message":"banner nuevo","type":"received"}
[2025-11-14T03:23:13.082Z] [INFO] [message] Mensaje received {"user":"30837949124772@lid","message":"#ping","type":"received"}
[2025-11-14T03:23:13.480Z] [SUCCESS] [command] Comando ejecutado: ping {"user":"30837949124772@lid","command":"ping","args":[],"success":true,"result":null}
[2025-11-14T03:23:14.190Z] [INFO] [logrotate] 🚀 Iniciando rotación automática de logs... 
[2025-11-14T03:23:14.191Z] [DEBUG] [logrotate] Rotación: No se encontraron archivos para eliminar 
[2025-11-14T03:23:14.196Z] [INFO] [logrotate] Reporte de almacenamiento {"totalFiles":33,"totalSize":549609,"totalSizeMB":"0.52","logFiles":33,"backupFiles":0}
[2025-11-14T03:23:14.197Z] [INFO] [logrotate] ✅ Rotación completada en 6ms {"duration":6,"report":{"totalFiles":33,"totalSize":549609,"totalSizeMB":"0.52","logFiles":33,"backupFiles":0}}
[2025-11-14T03:23:17.321Z] [INFO] [message] Mensaje received {"user":"30837949124772@lid","message":"","type":"received"}
[2025-11-14T03:23:23.389Z] [INFO] [message] Mensaje received {"user":"30837949124772@lid","message":"#smedia","type":"received"}
[2025-11-14T03:23:24.302Z] [SUCCESS] [command] Comando ejecutado: smedia {"user":"30837949124772@lid","command":"smedia","args":[],"success":true,"result":null}
[2025-11-14T03:23:37.794Z] [INFO] [message] Mensaje received {"user":"30837949124772@lid","message":"","type":"received"}
[2025-11-14T03:23:40.147Z] [INFO] [message] Mensaje received {"user":"30837949124772@lid","message":"#smedia","type":"received"}
[2025-11-14T03:23:40.517Z] [SUCCESS] [command] Comando ejecutado: smedia {"user":"30837949124772@lid","command":"smedia","args":[],"success":true,"result":null}
[2025-11-14T03:28:04.452Z] [INFO] [system] Rotación de logs programada cada 24 horas 
[2025-11-14T03:28:04.521Z] [INFO] [system] Iniciando bot de WhatsApp... 
[2025-11-14T03:28:04.523Z] [INFO] [session] Sesión activa encontrada, manteniendo... 
[2025-11-14T03:28:04.606Z] [INFO] [system] Usando Baileys version: 2.3000.1027934701 
[2025-11-14T03:28:04.615Z] [INFO] [session] Estado de conexión: connecting {"status":"connecting","qr":false}
[2025-11-14T03:28:05.120Z] [INFO] [session] Estado de conexión: connecting... {"qr":false}
[2025-11-14T03:28:05.187Z] [INFO] [session] Estado de conexión: connecting... {"qr":false}
[2025-11-14T03:28:05.188Z] [INFO] [session] Estado de conexión: open {"status":"open","qr":false}
[2025-11-14T03:28:05.188Z] [SUCCESS] [session] Conexión exitosa a WhatsApp {"user":"Untrue","id":"584120614314:32@s.whatsapp.net"}
[2025-11-14T03:28:34.466Z] [INFO] [logrotate] 🚀 Iniciando rotación automática de logs... 
[2025-11-14T03:28:34.467Z] [DEBUG] [logrotate] Rotación: No se encontraron archivos para eliminar 
[2025-11-14T03:28:34.471Z] [INFO] [logrotate] Reporte de almacenamiento {"totalFiles":33,"totalSize":552838,"totalSizeMB":"0.53","logFiles":33,"backupFiles":0}
[2025-11-14T03:28:34.471Z] [INFO] [logrotate] ✅ Rotación completada en 4ms {"duration":4,"report":{"totalFiles":33,"totalSize":552838,"totalSizeMB":"0.53","logFiles":33,"backupFiles":0}}
[2025-11-14T03:28:55.445Z] [INFO] [message] Mensaje received {"user":"30837949124772@lid","message":"#ping","type":"received"}
[2025-11-14T03:28:55.755Z] [SUCCESS] [command] Comando ejecutado: ping {"user":"30837949124772@lid","command":"ping","args":[],"success":true,"result":null}
[2025-11-14T03:28:59.479Z] [INFO] [message] Mensaje received {"user":"30837949124772@lid","message":"","type":"received"}
[2025-11-14T03:29:01.508Z] [INFO] [message] Mensaje received {"user":"30837949124772@lid","message":"#smedia","type":"received"}
[2025-11-14T03:29:02.062Z] [SUCCESS] [command] Comando ejecutado: smedia {"user":"30837949124772@lid","command":"smedia","args":[],"success":true,"result":null}
[2025-11-14T03:29:12.366Z] [INFO] [message] Mensaje received {"user":"30837949124772@lid","message":"","type":"received"}
[2025-11-14T03:29:15.387Z] [INFO] [message] Mensaje received {"user":"30837949124772@lid","message":"#smedia","type":"received"}
[2025-11-14T03:29:15.761Z] [SUCCESS] [command] Comando ejecutado: smedia {"user":"30837949124772@lid","command":"smedia","args":[],"success":true,"result":null}
[2025-11-14T03:30:42.273Z] [INFO] [system] Rotación de logs programada cada 24 horas 
[2025-11-14T03:30:42.354Z] [INFO] [system] Iniciando bot de WhatsApp... 
[2025-11-14T03:30:42.357Z] [INFO] [session] Sesión activa encontrada, manteniendo... 
[2025-11-14T03:30:42.444Z] [INFO] [system] Usando Baileys version: 2.3000.1027934701 
[2025-11-14T03:30:42.456Z] [INFO] [session] Estado de conexión: connecting {"status":"connecting","qr":false}
[2025-11-14T03:30:42.878Z] [INFO] [session] Estado de conexión: connecting... {"qr":false}
[2025-11-14T03:30:42.879Z] [INFO] [session] Estado de conexión: open {"status":"open","qr":false}
[2025-11-14T03:30:42.879Z] [SUCCESS] [session] Conexión exitosa a WhatsApp {"user":"Untrue","id":"584120614314:32@s.whatsapp.net"}
[2025-11-14T03:30:42.899Z] [INFO] [session] Estado de conexión: connecting... {"qr":false}
[2025-11-14T03:31:12.278Z] [INFO] [logrotate] 🚀 Iniciando rotación automática de logs... 
[2025-11-14T03:31:12.279Z] [DEBUG] [logrotate] Rotación: No se encontraron archivos para eliminar 
[2025-11-14T03:31:12.284Z] [INFO] [logrotate] Reporte de almacenamiento {"totalFiles":33,"totalSize":556482,"totalSizeMB":"0.53","logFiles":33,"backupFiles":0}
[2025-11-14T03:31:12.284Z] [INFO] [logrotate] ✅ Rotación completada en 5ms {"duration":5,"report":{"totalFiles":33,"totalSize":556482,"totalSizeMB":"0.53","logFiles":33,"backupFiles":0}}
[2025-11-14T03:31:23.076Z] [INFO] [message] Mensaje received {"user":"30837949124772@lid","message":"#ping","type":"received"}
[2025-11-14T03:31:23.250Z] [SUCCESS] [command] Comando ejecutado: ping {"user":"30837949124772@lid","command":"ping","args":[],"success":true,"result":null}
[2025-11-14T03:31:31.244Z] [INFO] [message] Mensaje received {"user":"30837949124772@lid","message":"","type":"received"}
[2025-11-14T03:31:32.415Z] [INFO] [message] Mensaje received {"user":"30837949124772@lid","message":"#smedia","type":"received"}
[2025-11-14T03:31:32.475Z] [SUCCESS] [command] Comando ejecutado: smedia {"user":"30837949124772@lid","command":"smedia","args":[],"success":true,"result":null}
[2025-11-14T03:31:38.940Z] [INFO] [message] Mensaje received {"user":"30837949124772@lid","message":"#smedia","type":"received"}
[2025-11-14T03:31:39.516Z] [SUCCESS] [command] Comando ejecutado: smedia {"user":"30837949124772@lid","command":"smedia","args":[],"success":true,"result":null}
[2025-11-14T03:31:49.052Z] [INFO] [message] Mensaje received {"user":"30837949124772@lid","message":"","type":"received"}
[2025-11-14T03:31:52.474Z] [INFO] [message] Mensaje received {"user":"30837949124772@lid","message":"#smedia","type":"received"}
[2025-11-14T03:31:52.656Z] [SUCCESS] [command] Comando ejecutado: smedia {"user":"30837949124772@lid","command":"smedia","args":[],"success":true,"result":null}
[2025-11-14T03:34:13.318Z] [INFO] [system] Rotación de logs programada cada 24 horas 
[2025-11-14T03:34:13.368Z] [INFO] [system] Iniciando bot de WhatsApp... 
[2025-11-14T03:34:13.370Z] [INFO] [session] Sesión activa encontrada, manteniendo... 
[2025-11-14T03:34:13.489Z] [INFO] [system] Usando Baileys version: 2.3000.1027934701 
[2025-11-14T03:34:13.498Z] [INFO] [session] Estado de conexión: connecting {"status":"connecting","qr":false}
[2025-11-14T03:34:14.558Z] [INFO] [session] Estado de conexión: connecting... {"qr":false}
[2025-11-14T03:34:14.705Z] [INFO] [session] Estado de conexión: connecting... {"qr":false}
[2025-11-14T03:34:14.706Z] [INFO] [session] Estado de conexión: open {"status":"open","qr":false}
[2025-11-14T03:34:14.707Z] [SUCCESS] [session] Conexión exitosa a WhatsApp {"user":"Untrue","id":"584120614314:32@s.whatsapp.net"}
[2025-11-14T03:34:43.332Z] [INFO] [logrotate] 🚀 Iniciando rotación automática de logs... 
[2025-11-14T03:34:43.337Z] [DEBUG] [logrotate] Rotación: No se encontraron archivos para eliminar 
[2025-11-14T03:34:43.343Z] [INFO] [logrotate] Reporte de almacenamiento {"totalFiles":33,"totalSize":560551,"totalSizeMB":"0.53","logFiles":33,"backupFiles":0}
[2025-11-14T03:34:43.343Z] [INFO] [logrotate] ✅ Rotación completada en 7ms {"duration":7,"report":{"totalFiles":33,"totalSize":560551,"totalSizeMB":"0.53","logFiles":33,"backupFiles":0}}
[2025-11-14T03:35:57.148Z] [INFO] [message] Mensaje received {"user":"30837949124772@lid","message":"","type":"received"}
[2025-11-14T03:36:11.124Z] [INFO] [message] Mensaje received {"user":"30837949124772@lid","message":"#smedia","type":"received"}
[2025-11-14T03:36:12.306Z] [SUCCESS] [command] Comando ejecutado: smedia {"user":"30837949124772@lid","command":"smedia","args":[],"success":true,"result":null}
[2025-11-14T03:36:16.376Z] [INFO] [message] Mensaje received {"user":"30837949124772@lid","message":"","type":"received"}
[2025-11-14T03:36:19.008Z] [INFO] [message] Mensaje received {"user":"30837949124772@lid","message":"#smedia","type":"received"}
[2025-11-14T03:36:19.643Z] [SUCCESS] [command] Comando ejecutado: smedia {"user":"30837949124772@lid","command":"smedia","args":[],"success":true,"result":null}
[2025-11-14T03:38:26.333Z] [INFO] [system] Rotación de logs programada cada 24 horas 
[2025-11-14T03:38:26.403Z] [INFO] [system] Iniciando bot de WhatsApp... 
[2025-11-14T03:38:26.405Z] [INFO] [session] Sesión activa encontrada, manteniendo... 
[2025-11-14T03:38:26.499Z] [INFO] [system] Usando Baileys version: 2.3000.1027934701 
[2025-11-14T03:38:26.517Z] [INFO] [session] Estado de conexión: connecting {"status":"connecting","qr":false}
[2025-11-14T03:38:27.021Z] [INFO] [session] Estado de conexión: connecting... {"qr":false}
[2025-11-14T03:38:27.076Z] [INFO] [session] Estado de conexión: connecting... {"qr":false}
[2025-11-14T03:38:27.076Z] [INFO] [session] Estado de conexión: open {"status":"open","qr":false}
[2025-11-14T03:38:27.076Z] [SUCCESS] [session] Conexión exitosa a WhatsApp {"user":"Untrue","id":"584120614314:32@s.whatsapp.net"}
[2025-11-14T03:38:42.772Z] [INFO] [message] Mensaje received {"user":"30837949124772@lid","message":"#ping","type":"received"}
[2025-11-14T03:38:43.073Z] [SUCCESS] [command] Comando ejecutado: ping {"user":"30837949124772@lid","command":"ping","args":[],"success":true,"result":null}
[2025-11-14T03:38:54.175Z] [INFO] [message] Mensaje received {"user":"30837949124772@lid","message":"","type":"received"}
[2025-11-14T03:38:55.626Z] [INFO] [message] Mensaje received {"user":"30837949124772@lid","message":"#smedia","type":"received"}
[2025-11-14T03:38:56.333Z] [INFO] [logrotate] 🚀 Iniciando rotación automática de logs... 
[2025-11-14T03:38:56.335Z] [DEBUG] [logrotate] Rotación: No se encontraron archivos para eliminar 
[2025-11-14T03:38:56.341Z] [INFO] [logrotate] Reporte de almacenamiento {"totalFiles":33,"totalSize":564571,"totalSizeMB":"0.54","logFiles":33,"backupFiles":0}
[2025-11-14T03:38:56.341Z] [INFO] [logrotate] ✅ Rotación completada en 7ms {"duration":7,"report":{"totalFiles":33,"totalSize":564571,"totalSizeMB":"0.54","logFiles":33,"backupFiles":0}}
[2025-11-14T03:38:56.650Z] [SUCCESS] [command] Comando ejecutado: smedia {"user":"30837949124772@lid","command":"smedia","args":[],"success":true,"result":null}
[2025-11-14T03:39:02.143Z] [INFO] [message] Mensaje received {"user":"30837949124772@lid","message":"","type":"received"}
[2025-11-14T03:39:05.056Z] [INFO] [message] Mensaje received {"user":"30837949124772@lid","message":"#smedia","type":"received"}
[2025-11-14T03:39:26.717Z] [SUCCESS] [command] Comando ejecutado: smedia {"user":"30837949124772@lid","command":"smedia","args":[],"success":true,"result":null}
[2025-11-14T03:41:48.332Z] [INFO] [system] Rotación de logs programada cada 24 horas 
[2025-11-14T03:41:48.375Z] [INFO] [system] Iniciando bot de WhatsApp... 
[2025-11-14T03:41:48.377Z] [INFO] [session] Sesión activa encontrada, manteniendo... 
[2025-11-14T03:41:48.474Z] [INFO] [system] Usando Baileys version: 2.3000.1027934701 
[2025-11-14T03:41:48.484Z] [INFO] [session] Estado de conexión: connecting {"status":"connecting","qr":false}
[2025-11-14T03:41:48.901Z] [INFO] [session] Estado de conexión: connecting... {"qr":false}
[2025-11-14T03:41:48.965Z] [INFO] [session] Estado de conexión: connecting... {"qr":false}
[2025-11-14T03:41:48.966Z] [INFO] [session] Estado de conexión: open {"status":"open","qr":false}
[2025-11-14T03:41:48.966Z] [SUCCESS] [session] Conexión exitosa a WhatsApp {"user":"Untrue","id":"584120614314:32@s.whatsapp.net"}
[2025-11-14T03:42:13.213Z] [INFO] [message] Mensaje received {"user":"30837949124772@lid","message":"#ping","type":"received"}
[2025-11-14T03:42:13.527Z] [SUCCESS] [command] Comando ejecutado: ping {"user":"30837949124772@lid","command":"ping","args":[],"success":true,"result":null}
[2025-11-14T03:42:18.336Z] [INFO] [logrotate] 🚀 Iniciando rotación automática de logs... 
[2025-11-14T03:42:18.337Z] [DEBUG] [logrotate] Rotación: No se encontraron archivos para eliminar 
[2025-11-14T03:42:18.341Z] [INFO] [logrotate] Reporte de almacenamiento {"totalFiles":33,"totalSize":567839,"totalSizeMB":"0.54","logFiles":33,"backupFiles":0}
[2025-11-14T03:42:18.341Z] [INFO] [logrotate] ✅ Rotación completada en 4ms {"duration":4,"report":{"totalFiles":33,"totalSize":567839,"totalSizeMB":"0.54","logFiles":33,"backupFiles":0}}
[2025-11-14T03:42:24.552Z] [INFO] [message] Mensaje received {"user":"30837949124772@lid","message":"","type":"received"}
[2025-11-14T03:42:27.955Z] [INFO] [message] Mensaje received {"user":"30837949124772@lid","message":"#smedia","type":"received"}
[2025-11-14T03:42:49.156Z] [SUCCESS] [command] Comando ejecutado: smedia {"user":"30837949124772@lid","command":"smedia","args":[],"success":true,"result":null}
[2025-11-14T03:46:39.462Z] [INFO] [system] Rotación de logs programada cada 24 horas 
[2025-11-14T03:46:39.526Z] [INFO] [system] Iniciando bot de WhatsApp... 
[2025-11-14T03:46:39.529Z] [INFO] [session] Sesión activa encontrada, manteniendo... 
[2025-11-14T03:46:39.613Z] [INFO] [system] Usando Baileys version: 2.3000.1027934701 
[2025-11-14T03:46:39.628Z] [INFO] [session] Estado de conexión: connecting {"status":"connecting","qr":false}
[2025-11-14T03:46:40.592Z] [INFO] [session] Estado de conexión: connecting... {"qr":false}
[2025-11-14T03:46:40.723Z] [INFO] [session] Estado de conexión: open {"status":"open","qr":false}
[2025-11-14T03:46:40.723Z] [INFO] [session] Estado de conexión: connecting... {"qr":false}
[2025-11-14T03:46:40.724Z] [SUCCESS] [session] Conexión exitosa a WhatsApp {"user":"Untrue","id":"584120614314:32@s.whatsapp.net"}
[2025-11-14T03:47:07.509Z] [INFO] [message] Mensaje received {"user":"30837949124772@lid","message":"","type":"received"}
[2025-11-14T03:47:09.464Z] [INFO] [logrotate] 🚀 Iniciando rotación automática de logs... 
[2025-11-14T03:47:09.466Z] [DEBUG] [logrotate] Rotación: No se encontraron archivos para eliminar 
[2025-11-14T03:47:09.474Z] [INFO] [logrotate] Reporte de almacenamiento {"totalFiles":33,"totalSize":570643,"totalSizeMB":"0.54","logFiles":33,"backupFiles":0}
[2025-11-14T03:47:09.475Z] [INFO] [logrotate] ✅ Rotación completada en 10ms {"duration":10,"report":{"totalFiles":33,"totalSize":570643,"totalSizeMB":"0.54","logFiles":33,"backupFiles":0}}
[2025-11-14T03:47:10.325Z] [INFO] [message] Mensaje received {"user":"30837949124772@lid","message":"#smedia","type":"received"}
[2025-11-14T03:47:10.344Z] [ERROR] [command] Comando ejecutado: smedia {"user":"30837949124772@lid","command":"smedia","args":[],"success":false,"result":"Unexpected token '='"}
[2025-11-14T03:47:10.345Z] [ERROR] [command] Error ejecutando smedia {"error":"Unexpected token '='","user":"30837949124772@lid"}
[2025-11-14T03:48:26.754Z] [INFO] [system] Rotación de logs programada cada 24 horas 
[2025-11-14T03:48:26.831Z] [INFO] [system] Iniciando bot de WhatsApp... 
[2025-11-14T03:48:26.833Z] [INFO] [session] Sesión activa encontrada, manteniendo... 
[2025-11-14T03:48:26.923Z] [INFO] [system] Usando Baileys version: 2.3000.1027934701 
[2025-11-14T03:48:26.938Z] [INFO] [session] Estado de conexión: connecting {"status":"connecting","qr":false}
[2025-11-14T03:48:27.851Z] [INFO] [session] Estado de conexión: connecting... {"qr":false}
[2025-11-14T03:48:27.998Z] [INFO] [session] Estado de conexión: connecting... {"qr":false}
[2025-11-14T03:48:27.998Z] [INFO] [session] Estado de conexión: open {"status":"open","qr":false}
[2025-11-14T03:48:27.999Z] [SUCCESS] [session] Conexión exitosa a WhatsApp {"user":"Untrue","id":"584120614314:32@s.whatsapp.net"}
[2025-11-14T03:48:56.756Z] [INFO] [logrotate] 🚀 Iniciando rotación automática de logs... 
[2025-11-14T03:48:56.758Z] [DEBUG] [logrotate] Rotación: No se encontraron archivos para eliminar 
[2025-11-14T03:48:56.771Z] [INFO] [logrotate] Reporte de almacenamiento {"totalFiles":33,"totalSize":573541,"totalSizeMB":"0.55","logFiles":33,"backupFiles":0}
[2025-11-14T03:48:56.772Z] [INFO] [logrotate] ✅ Rotación completada en 15ms {"duration":15,"report":{"totalFiles":33,"totalSize":573541,"totalSizeMB":"0.55","logFiles":33,"backupFiles":0}}
[2025-11-14T03:49:00.593Z] [INFO] [message] Mensaje received {"user":"30837949124772@lid","message":"#ping","type":"received"}
[2025-11-14T03:49:01.767Z] [SUCCESS] [command] Comando ejecutado: ping {"user":"30837949124772@lid","command":"ping","args":[],"success":true,"result":null}
[2025-11-14T03:49:09.531Z] [INFO] [message] Mensaje received {"user":"30837949124772@lid","message":"","type":"received"}
[2025-11-14T03:49:15.995Z] [INFO] [message] Mensaje received {"user":"30837949124772@lid","message":"#smedia","type":"received"}
[2025-11-14T03:49:17.410Z] [SUCCESS] [command] Comando ejecutado: smedia {"user":"30837949124772@lid","command":"smedia","args":[],"success":true,"result":null}
[2025-11-14T03:49:25.546Z] [INFO] [message] Mensaje received {"user":"30837949124772@lid","message":"","type":"received"}
[2025-11-14T03:49:27.525Z] [INFO] [message] Mensaje received {"user":"30837949124772@lid","message":"#smedia","type":"received"}
[2025-11-14T03:49:55.004Z] [SUCCESS] [command] Comando ejecutado: smedia {"user":"30837949124772@lid","command":"smedia","args":[],"success":true,"result":null}
[2025-11-14T03:52:34.006Z] [INFO] [system] Rotación de logs programada cada 24 horas 
[2025-11-14T03:52:34.075Z] [INFO] [session] Sesión activa encontrada, manteniendo... 
[2025-11-14T03:52:34.071Z] [INFO] [system] Iniciando bot de WhatsApp... 
[2025-11-14T03:52:34.185Z] [INFO] [system] Usando Baileys version: 2.3000.1027934701 
[2025-11-14T03:52:34.218Z] [INFO] [session] Estado de conexión: connecting {"status":"connecting","qr":false}
[2025-11-14T03:52:34.708Z] [INFO] [session] Estado de conexión: connecting... {"qr":false}
[2025-11-14T03:52:34.740Z] [INFO] [session] Estado de conexión: connecting... {"qr":false}
[2025-11-14T03:52:34.740Z] [INFO] [session] Estado de conexión: open {"status":"open","qr":false}
[2025-11-14T03:52:34.740Z] [SUCCESS] [session] Conexión exitosa a WhatsApp {"user":"Untrue","id":"584120614314:32@s.whatsapp.net"}
[2025-11-14T03:53:04.027Z] [INFO] [logrotate] 🚀 Iniciando rotación automática de logs... 
[2025-11-14T03:53:04.028Z] [DEBUG] [logrotate] Rotación: No se encontraron archivos para eliminar 
[2025-11-14T03:53:04.035Z] [INFO] [logrotate] Reporte de almacenamiento {"totalFiles":33,"totalSize":577187,"totalSizeMB":"0.55","logFiles":33,"backupFiles":0}
[2025-11-14T03:53:04.035Z] [INFO] [logrotate] ✅ Rotación completada en 7ms {"duration":7,"report":{"totalFiles":33,"totalSize":577187,"totalSizeMB":"0.55","logFiles":33,"backupFiles":0}}
[2025-11-14T03:53:41.431Z] [INFO] [message] Mensaje received {"user":"30837949124772@lid","message":"#ping","type":"received"}
[2025-11-14T03:53:41.761Z] [SUCCESS] [command] Comando ejecutado: ping {"user":"30837949124772@lid","command":"ping","args":[],"success":true,"result":null}
[2025-11-14T03:53:46.000Z] [INFO] [message] Mensaje received {"user":"30837949124772@lid","message":"","type":"received"}
[2025-11-14T03:53:47.833Z] [INFO] [message] Mensaje received {"user":"30837949124772@lid","message":"#smedia","type":"received"}
[2025-11-14T03:53:47.935Z] [SUCCESS] [command] Comando ejecutado: smedia {"user":"30837949124772@lid","command":"smedia","args":[],"success":true,"result":null}
[2025-11-14T03:53:51.472Z] [INFO] [message] Mensaje received {"user":"30837949124772@lid","message":"#smedia","type":"received"}
[2025-11-14T03:53:52.322Z] [SUCCESS] [command] Comando ejecutado: smedia {"user":"30837949124772@lid","command":"smedia","args":[],"success":true,"result":null}
[2025-11-14T03:53:56.507Z] [INFO] [message] Mensaje received {"user":"30837949124772@lid","message":"","type":"received"}
[2025-11-14T03:53:58.590Z] [INFO] [message] Mensaje received {"user":"30837949124772@lid","message":"#smedia","type":"received"}
[2025-11-14T03:54:25.439Z] [SUCCESS] [command] Comando ejecutado: smedia {"user":"30837949124772@lid","command":"smedia","args":[],"success":true,"result":null}
[2025-11-14T03:56:32.271Z] [INFO] [system] Rotación de logs programada cada 24 horas 
[2025-11-14T03:56:32.341Z] [INFO] [session] Sesión activa encontrada, manteniendo... 
[2025-11-14T03:56:32.339Z] [INFO] [system] Iniciando bot de WhatsApp... 
[2025-11-14T03:56:32.425Z] [INFO] [system] Usando Baileys version: 2.3000.1027934701 
[2025-11-14T03:56:32.436Z] [INFO] [session] Estado de conexión: connecting {"status":"connecting","qr":false}
[2025-11-14T03:56:32.888Z] [INFO] [session] Estado de conexión: connecting... {"qr":false}
[2025-11-14T03:56:32.907Z] [INFO] [session] Estado de conexión: connecting... {"qr":false}
[2025-11-14T03:56:32.908Z] [SUCCESS] [session] Conexión exitosa a WhatsApp {"user":"Untrue","id":"584120614314:32@s.whatsapp.net"}
[2025-11-14T03:56:32.908Z] [INFO] [session] Estado de conexión: open {"status":"open","qr":false}
[2025-11-14T03:57:00.520Z] [INFO] [message] Mensaje received {"user":"30837949124772@lid","message":"#ping","type":"received"}
[2025-11-14T03:57:00.683Z] [SUCCESS] [command] Comando ejecutado: ping {"user":"30837949124772@lid","command":"ping","args":[],"success":true,"result":null}
[2025-11-14T03:57:02.271Z] [INFO] [logrotate] 🚀 Iniciando rotación automática de logs... 
[2025-11-14T03:57:02.272Z] [DEBUG] [logrotate] Rotación: No se encontraron archivos para eliminar 
[2025-11-14T03:57:02.277Z] [INFO] [logrotate] Reporte de almacenamiento {"totalFiles":33,"totalSize":581671,"totalSizeMB":"0.55","logFiles":33,"backupFiles":0}
[2025-11-14T03:57:02.278Z] [INFO] [logrotate] ✅ Rotación completada en 6ms {"duration":6,"report":{"totalFiles":33,"totalSize":581671,"totalSizeMB":"0.55","logFiles":33,"backupFiles":0}}
[2025-11-14T03:57:08.637Z] [INFO] [message] Mensaje received {"user":"30837949124772@lid","message":"","type":"received"}
[2025-11-14T03:57:11.999Z] [INFO] [message] Mensaje received {"user":"30837949124772@lid","message":"#smedia","type":"received"}
[2025-11-14T03:57:12.045Z] [SUCCESS] [command] Comando ejecutado: smedia {"user":"30837949124772@lid","command":"smedia","args":[],"success":true,"result":null}
[2025-11-14T03:57:16.586Z] [INFO] [message] Mensaje received {"user":"30837949124772@lid","message":"#smedia","type":"received"}
[2025-11-14T03:57:37.293Z] [SUCCESS] [command] Comando ejecutado: smedia {"user":"30837949124772@lid","command":"smedia","args":[],"success":true,"result":null}
[2025-11-14T04:00:10.610Z] [INFO] [system] Rotación de logs programada cada 24 horas 
[2025-11-14T04:00:10.655Z] [INFO] [system] Iniciando bot de WhatsApp... 
[2025-11-14T04:00:10.657Z] [INFO] [session] Sesión activa encontrada, manteniendo... 
[2025-11-14T04:00:10.727Z] [INFO] [system] Usando Baileys version: 2.3000.1027934701 
[2025-11-14T04:00:10.739Z] [INFO] [session] Estado de conexión: connecting {"status":"connecting","qr":false}
[2025-11-14T04:00:11.285Z] [INFO] [session] Estado de conexión: connecting... {"qr":false}
[2025-11-14T04:00:11.328Z] [INFO] [session] Estado de conexión: connecting... {"qr":false}
[2025-11-14T04:00:11.328Z] [INFO] [session] Estado de conexión: open {"status":"open","qr":false}
[2025-11-14T04:00:11.328Z] [SUCCESS] [session] Conexión exitosa a WhatsApp {"user":"Untrue","id":"584120614314:32@s.whatsapp.net"}
[2025-11-14T04:00:40.631Z] [INFO] [logrotate] 🚀 Iniciando rotación automática de logs... 
[2025-11-14T04:00:40.632Z] [DEBUG] [logrotate] Rotación: No se encontraron archivos para eliminar 
[2025-11-14T04:00:40.636Z] [INFO] [logrotate] Reporte de almacenamiento {"totalFiles":33,"totalSize":584719,"totalSizeMB":"0.56","logFiles":33,"backupFiles":0}
[2025-11-14T04:00:40.637Z] [INFO] [logrotate] ✅ Rotación completada en 5ms {"duration":5,"report":{"totalFiles":33,"totalSize":584719,"totalSizeMB":"0.56","logFiles":33,"backupFiles":0}}
[2025-11-14T04:00:49.357Z] [INFO] [message] Mensaje received {"user":"30837949124772@lid","message":"","type":"received"}
[2025-11-14T04:00:51.555Z] [INFO] [message] Mensaje received {"user":"30837949124772@lid","message":"#smedia","type":"received"}
[2025-11-14T04:00:52.278Z] [SUCCESS] [command] Comando ejecutado: smedia {"user":"30837949124772@lid","command":"smedia","args":[],"success":true,"result":null}
[2025-11-14T04:00:57.433Z] [INFO] [message] Mensaje received {"user":"30837949124772@lid","message":"","type":"received"}
[2025-11-14T04:00:59.586Z] [INFO] [message] Mensaje received {"user":"30837949124772@lid","message":"#smedia","type":"received"}
[2025-11-14T04:01:15.531Z] [SUCCESS] [command] Comando ejecutado: smedia {"user":"30837949124772@lid","command":"smedia","args":[],"success":true,"result":null}
[2025-11-14T04:01:42.294Z] [INFO] [message] Mensaje received {"user":"30837949124772@lid","message":"","type":"received"}
[2025-11-14T04:01:45.999Z] [INFO] [message] Mensaje received {"user":"30837949124772@lid","message":"#smedia","type":"received"}
[2025-11-14T04:02:17.724Z] [SUCCESS] [command] Comando ejecutado: smedia {"user":"30837949124772@lid","command":"smedia","args":[],"success":true,"result":null}
[2025-11-14T04:03:34.887Z] [INFO] [message] Mensaje received {"user":"30837949124772@lid","message":"","type":"received"}
[2025-11-14T04:03:38.820Z] [INFO] [message] Mensaje received {"user":"30837949124772@lid","message":"#smedia","type":"received"}
[2025-11-14T04:04:33.204Z] [SUCCESS] [command] Comando ejecutado: smedia {"user":"30837949124772@lid","command":"smedia","args":[],"success":true,"result":null}
[2025-11-14T04:08:39.932Z] [INFO] [system] Rotación de logs programada cada 24 horas 
[2025-11-14T04:08:40.000Z] [INFO] [system] Iniciando bot de WhatsApp... 
[2025-11-14T04:08:40.002Z] [INFO] [session] Sesión activa encontrada, manteniendo... 
[2025-11-14T04:08:40.083Z] [INFO] [system] Usando Baileys version: 2.3000.1027934701 
[2025-11-14T04:08:40.092Z] [INFO] [session] Estado de conexión: connecting {"status":"connecting","qr":false}
[2025-11-14T04:08:40.700Z] [INFO] [session] Estado de conexión: connecting... {"qr":false}
[2025-11-14T04:08:40.814Z] [INFO] [session] Estado de conexión: connecting... {"qr":false}
[2025-11-14T04:08:40.814Z] [INFO] [session] Estado de conexión: open {"status":"open","qr":false}
[2025-11-14T04:08:40.815Z] [SUCCESS] [session] Conexión exitosa a WhatsApp {"user":"Untrue","id":"584120614314:32@s.whatsapp.net"}
[2025-11-14T04:09:09.953Z] [INFO] [logrotate] 🚀 Iniciando rotación automática de logs... 
[2025-11-14T04:09:09.955Z] [DEBUG] [logrotate] Rotación: No se encontraron archivos para eliminar 
[2025-11-14T04:09:09.962Z] [INFO] [logrotate] Reporte de almacenamiento {"totalFiles":33,"totalSize":589160,"totalSizeMB":"0.56","logFiles":33,"backupFiles":0}
[2025-11-14T04:09:09.962Z] [INFO] [logrotate] ✅ Rotación completada en 9ms {"duration":9,"report":{"totalFiles":33,"totalSize":589160,"totalSizeMB":"0.56","logFiles":33,"backupFiles":0}}
[2025-11-14T04:09:39.534Z] [INFO] [message] Mensaje received {"user":"120363387470929207@g.us","message":"#reel https://www.instagram.com/reel/DOqPiUfDbmA/?igsh=MThwODIxaTV0dHNjcQ==","type":"received"}
[2025-11-14T04:09:50.109Z] [SUCCESS] [command] Comando ejecutado: reel {"user":"120363387470929207@g.us","command":"reel","args":["https://www.instagram.com/reel/DOqPiUfDbmA/?igsh=MThwODIxaTV0dHNjcQ=="],"success":true,"result":null}
[2025-11-14T04:09:53.676Z] [INFO] [message] Mensaje received {"user":"120363387470929207@g.us","message":"@243297515737326 @39106298044576","type":"received"}
[2025-11-14T04:10:13.108Z] [INFO] [message] Mensaje received {"user":"30837949124772@lid","message":"#ping","type":"received"}
[2025-11-14T04:10:13.440Z] [SUCCESS] [command] Comando ejecutado: ping {"user":"30837949124772@lid","command":"ping","args":[],"success":true,"result":null}
[2025-11-14T04:10:16.637Z] [INFO] [message] Mensaje received {"user":"30837949124772@lid","message":"","type":"received"}
[2025-11-14T04:10:18.504Z] [INFO] [message] Mensaje received {"user":"30837949124772@lid","message":"","type":"received"}
[2025-11-14T04:10:20.173Z] [INFO] [message] Mensaje received {"user":"30837949124772@lid","message":"#smedia","type":"received"}
[2025-11-14T04:10:32.552Z] [INFO] [message] Mensaje received {"user":"30837949124772@lid","message":"#smedia","type":"received"}
[2025-11-14T04:11:35.868Z] [INFO] [system] Rotación de logs programada cada 24 horas 
[2025-11-14T04:11:35.931Z] [INFO] [system] Iniciando bot de WhatsApp... 
[2025-11-14T04:11:35.933Z] [INFO] [session] Sesión activa encontrada, manteniendo... 
[2025-11-14T04:11:36.035Z] [INFO] [system] Usando Baileys version: 2.3000.1027934701 
[2025-11-14T04:11:36.049Z] [INFO] [session] Estado de conexión: connecting {"status":"connecting","qr":false}
[2025-11-14T04:11:36.987Z] [INFO] [session] Estado de conexión: connecting... {"qr":false}
[2025-11-14T04:11:37.106Z] [INFO] [session] Estado de conexión: connecting... {"qr":false}
[2025-11-14T04:11:37.108Z] [INFO] [session] Estado de conexión: open {"status":"open","qr":false}
[2025-11-14T04:11:37.109Z] [SUCCESS] [session] Conexión exitosa a WhatsApp {"user":"Untrue","id":"584120614314:32@s.whatsapp.net"}
[2025-11-14T04:12:04.669Z] [INFO] [message] Mensaje received {"user":"30837949124772@lid","message":"#ping","type":"received"}
[2025-11-14T04:12:05.640Z] [SUCCESS] [command] Comando ejecutado: ping {"user":"30837949124772@lid","command":"ping","args":[],"success":true,"result":null}
[2025-11-14T04:12:05.868Z] [INFO] [logrotate] 🚀 Iniciando rotación automática de logs... 
[2025-11-14T04:12:05.870Z] [DEBUG] [logrotate] Rotación: No se encontraron archivos para eliminar 
[2025-11-14T04:12:05.875Z] [INFO] [logrotate] Reporte de almacenamiento {"totalFiles":33,"totalSize":593731,"totalSizeMB":"0.57","logFiles":33,"backupFiles":0}
[2025-11-14T04:12:05.875Z] [INFO] [logrotate] ✅ Rotación completada en 6ms {"duration":6,"report":{"totalFiles":33,"totalSize":593731,"totalSizeMB":"0.57","logFiles":33,"backupFiles":0}}
[2025-11-14T04:12:07.477Z] [INFO] [message] Mensaje received {"user":"30837949124772@lid","message":"","type":"received"}
[2025-11-14T04:12:09.226Z] [INFO] [message] Mensaje received {"user":"30837949124772@lid","message":"#smedia","type":"received"}
[2025-11-14T04:12:41.107Z] [SUCCESS] [command] Comando ejecutado: smedia {"user":"30837949124772@lid","command":"smedia","args":[],"success":true,"result":null}
[2025-11-14T04:13:29.111Z] [INFO] [message] Mensaje received {"user":"120363387470929207@g.us","message":"Yo","type":"received"}
[2025-11-14T04:20:58.533Z] [INFO] [message] Mensaje received {"user":"status@broadcast","message":"Que privilegio encontrarnos Maggie!!! 🫶🏻","type":"received"}
[2025-11-14T04:25:09.718Z] [INFO] [system] Rotación de logs programada cada 24 horas 
[2025-11-14T04:25:09.759Z] [INFO] [system] Iniciando bot de WhatsApp... 
[2025-11-14T04:25:09.761Z] [INFO] [session] Sesión activa encontrada, manteniendo... 
[2025-11-14T04:25:09.833Z] [INFO] [system] Usando Baileys version: 2.3000.1027934701 
[2025-11-14T04:25:09.843Z] [INFO] [session] Estado de conexión: connecting {"status":"connecting","qr":false}
[2025-11-14T04:25:10.312Z] [INFO] [session] Estado de conexión: connecting... {"qr":false}
[2025-11-14T04:25:10.327Z] [INFO] [session] Estado de conexión: connecting... {"qr":false}
[2025-11-14T04:25:10.327Z] [INFO] [session] Estado de conexión: open {"status":"open","qr":false}
[2025-11-14T04:25:10.327Z] [SUCCESS] [session] Conexión exitosa a WhatsApp {"user":"Untrue","id":"584120614314:32@s.whatsapp.net"}
[2025-11-14T04:25:39.739Z] [INFO] [logrotate] 🚀 Iniciando rotación automática de logs... 
[2025-11-14T04:25:39.740Z] [DEBUG] [logrotate] Rotación: No se encontraron archivos para eliminar 
[2025-11-14T04:25:39.746Z] [INFO] [logrotate] Reporte de almacenamiento {"totalFiles":33,"totalSize":596818,"totalSizeMB":"0.57","logFiles":33,"backupFiles":0}
[2025-11-14T04:25:39.748Z] [INFO] [logrotate] ✅ Rotación completada en 9ms {"duration":9,"report":{"totalFiles":33,"totalSize":596818,"totalSizeMB":"0.57","logFiles":33,"backupFiles":0}}
[2025-11-14T04:25:48.712Z] [INFO] [message] Mensaje received {"user":"30837949124772@lid","message":"#ping","type":"received"}
[2025-11-14T04:25:48.873Z] [SUCCESS] [command] Comando ejecutado: ping {"user":"30837949124772@lid","command":"ping","args":[],"success":true,"result":null}
[2025-11-14T04:25:52.074Z] [INFO] [message] Mensaje received {"user":"30837949124772@lid","message":"#help","type":"received"}
[2025-11-14T04:25:53.055Z] [SUCCESS] [command] Comando ejecutado: help {"user":"30837949124772@lid","command":"help","args":[],"success":true,"result":null}
[2025-11-14T04:32:03.735Z] [INFO] [message] Mensaje received {"user":"30837949124772@lid","message":"🎥","type":"received"}
[2025-11-14T04:32:25.260Z] [INFO] [message] Mensaje received {"user":"30837949124772@lid","message":"💾","type":"received"}
[2025-11-14T04:33:45.210Z] [INFO] [system] Rotación de logs programada cada 24 horas 
[2025-11-14T04:33:45.263Z] [INFO] [session] Sesión activa encontrada, manteniendo... 
[2025-11-14T04:33:45.261Z] [INFO] [system] Iniciando bot de WhatsApp... 
[2025-11-14T04:33:45.371Z] [INFO] [system] Usando Baileys version: 2.3000.1027934701 
[2025-11-14T04:33:45.382Z] [INFO] [session] Estado de conexión: connecting {"status":"connecting","qr":false}
[2025-11-14T04:33:46.321Z] [INFO] [session] Estado de conexión: connecting... {"qr":false}
[2025-11-14T04:33:46.425Z] [INFO] [session] Estado de conexión: connecting... {"qr":false}
[2025-11-14T04:33:46.426Z] [INFO] [session] Estado de conexión: open {"status":"open","qr":false}
[2025-11-14T04:33:46.426Z] [SUCCESS] [session] Conexión exitosa a WhatsApp {"user":"Untrue","id":"584120614314:32@s.whatsapp.net"}
[2025-11-14T04:34:15.223Z] [INFO] [logrotate] 🚀 Iniciando rotación automática de logs... 
[2025-11-14T04:34:15.225Z] [DEBUG] [logrotate] Rotación: No se encontraron archivos para eliminar 
[2025-11-14T04:34:15.232Z] [INFO] [logrotate] Reporte de almacenamiento {"totalFiles":33,"totalSize":600043,"totalSizeMB":"0.57","logFiles":33,"backupFiles":0}
[2025-11-14T04:34:15.233Z] [INFO] [logrotate] ✅ Rotación completada en 9ms {"duration":9,"report":{"totalFiles":33,"totalSize":600043,"totalSizeMB":"0.57","logFiles":33,"backupFiles":0}}
[2025-11-14T04:34:20.525Z] [INFO] [message] Mensaje received {"user":"30837949124772@lid","message":"#ping","type":"received"}
[2025-11-14T04:34:21.586Z] [SUCCESS] [command] Comando ejecutado: ping {"user":"30837949124772@lid","command":"ping","args":[],"success":true,"result":null}
[2025-11-14T04:34:22.997Z] [INFO] [message] Mensaje received {"user":"30837949124772@lid","message":"#help","type":"received"}
[2025-11-14T04:34:23.996Z] [SUCCESS] [command] Comando ejecutado: help {"user":"30837949124772@lid","command":"help","args":[],"success":true,"result":null}
[2025-11-14T04:35:04.688Z] [INFO] [message] Mensaje received {"user":"120363160616746507@g.us","message":"#help","type":"received"}
[2025-11-14T04:35:06.058Z] [SUCCESS] [command] Comando ejecutado: help {"user":"120363160616746507@g.us","command":"help","args":[],"success":true,"result":null}
[2025-11-14T04:35:22.046Z] [INFO] [message] Mensaje received {"user":"120363160616746507@g.us","message":"q belleza","type":"received"}
[2025-11-14T04:36:55.321Z] [INFO] [message] Mensaje received {"user":"30837949124772@lid","message":"#help","type":"received"}
[2025-11-14T04:36:56.874Z] [SUCCESS] [command] Comando ejecutado: help {"user":"30837949124772@lid","command":"help","args":[],"success":true,"result":null}
[2025-11-14T04:43:14.159Z] [INFO] [message] Mensaje received {"user":"584245186056@s.whatsapp.net","message":"#help","type":"received"}
[2025-11-14T04:43:15.872Z] [SUCCESS] [command] Comando ejecutado: help {"user":"584245186056@s.whatsapp.net","command":"help","args":[],"success":true,"result":null}
[2025-11-14T04:44:08.895Z] [INFO] [message] Mensaje received {"user":"584245186056@s.whatsapp.net","message":"#s","type":"received"}
[2025-11-14T04:44:09.319Z] [SUCCESS] [command] Comando ejecutado: s {"user":"584245186056@s.whatsapp.net","command":"s","args":[],"success":true,"result":null}
[2025-11-14T04:44:18.965Z] [INFO] [message] Mensaje received {"user":"584245186056@s.whatsapp.net","message":"#s","type":"received"}
[2025-11-14T04:44:19.998Z] [INFO] [session] Estado de conexión: connecting... {"qr":false}
[2025-11-14T04:44:19.999Z] [SUCCESS] [command] Comando ejecutado: s {"user":"584245186056@s.whatsapp.net","command":"s","args":[],"success":true,"result":null}
[2025-11-14T04:59:19.072Z] [INFO] [message] Mensaje received {"user":"30837949124772@lid","message":"#post https://www.instagram.com/p/DQnF77kgEmm/?igsh=N21icnltN2Y5emV0","type":"received"}
[2025-11-14T04:59:29.180Z] [SUCCESS] [command] Comando ejecutado: post {"user":"30837949124772@lid","command":"post","args":["https://www.instagram.com/p/DQnF77kgEmm/?igsh=N21icnltN2Y5emV0"],"success":true,"result":null}
[2025-11-14T04:59:46.861Z] [INFO] [message] Mensaje received {"user":"30837949124772@lid","message":"#post 1 https://www.instagram.com/p/DQnF77kgEmm/?igsh=N21icnltN2Y5emV0","type":"received"}
[2025-11-14T04:59:54.373Z] [SUCCESS] [command] Comando ejecutado: post {"user":"30837949124772@lid","command":"post","args":["1","https://www.instagram.com/p/DQnF77kgEmm/?igsh=N21icnltN2Y5emV0"],"success":true,"result":null}
[2025-11-14T05:00:18.719Z] [INFO] [message] Mensaje received {"user":"30837949124772@lid","message":"#reel https://www.instagram.com/p/DQnF77kgEmm/?igsh=N21icnltN2Y5emV0","type":"received"}
[2025-11-14T05:00:27.191Z] [SUCCESS] [command] Comando ejecutado: reel {"user":"30837949124772@lid","command":"reel","args":["https://www.instagram.com/p/DQnF77kgEmm/?igsh=N21icnltN2Y5emV0"],"success":true,"result":null}
[2025-11-14T05:00:34.198Z] [INFO] [message] Mensaje received {"user":"251891527225594@lid","message":"#help","type":"received"}
[2025-11-14T05:00:34.990Z] [SUCCESS] [command] Comando ejecutado: help {"user":"251891527225594@lid","command":"help","args":[],"success":true,"result":null}
[2025-11-14T05:01:09.716Z] [INFO] [message] Mensaje received {"user":"30837949124772@lid","message":"#post https://www.instagram.com/p/DQZMX6uDg1M/?igsh=c3phdDdjZm43NjNm","type":"received"}
[2025-11-14T05:01:19.529Z] [SUCCESS] [command] Comando ejecutado: post {"user":"30837949124772@lid","command":"post","args":["https://www.instagram.com/p/DQZMX6uDg1M/?igsh=c3phdDdjZm43NjNm"],"success":true,"result":null}
[2025-11-14T05:13:31.076Z] [INFO] [system] Rotación de logs programada cada 24 horas 
[2025-11-14T05:13:31.127Z] [INFO] [system] Iniciando bot de WhatsApp... 
[2025-11-14T05:13:31.130Z] [INFO] [session] Sesión activa encontrada, manteniendo... 
[2025-11-14T05:13:31.236Z] [INFO] [system] Usando Baileys version: 2.3000.1027934701 
[2025-11-14T05:13:31.247Z] [INFO] [session] Estado de conexión: connecting {"status":"connecting","qr":false}
[2025-11-14T05:13:31.682Z] [INFO] [session] Estado de conexión: connecting... {"qr":false}
[2025-11-14T05:13:31.713Z] [INFO] [session] Estado de conexión: connecting... {"qr":false}
[2025-11-14T05:13:31.714Z] [SUCCESS] [session] Conexión exitosa a WhatsApp {"user":"Untrue","id":"584120614314:32@s.whatsapp.net"}
[2025-11-14T05:13:31.714Z] [INFO] [session] Estado de conexión: open {"status":"open","qr":false}
[2025-11-14T05:14:01.090Z] [INFO] [logrotate] 🚀 Iniciando rotación automática de logs... 
[2025-11-14T05:14:01.091Z] [DEBUG] [logrotate] Rotación: No se encontraron archivos para eliminar 
[2025-11-14T05:14:01.096Z] [INFO] [logrotate] Reporte de almacenamiento {"totalFiles":33,"totalSize":608563,"totalSizeMB":"0.58","logFiles":33,"backupFiles":0}
[2025-11-14T05:14:01.096Z] [INFO] [logrotate] ✅ Rotación completada en 5ms {"duration":5,"report":{"totalFiles":33,"totalSize":608563,"totalSizeMB":"0.58","logFiles":33,"backupFiles":0}}
[2025-11-14T05:14:06.831Z] [INFO] [message] Mensaje received {"user":"30837949124772@lid","message":"#ping","type":"received"}
[2025-11-14T05:14:07.105Z] [SUCCESS] [command] Comando ejecutado: ping {"user":"30837949124772@lid","command":"ping","args":[],"success":true,"result":null}
[2025-11-14T05:14:25.798Z] [INFO] [message] Mensaje received {"user":"30837949124772@lid","message":"","type":"received"}
[2025-11-14T05:14:27.420Z] [INFO] [message] Mensaje received {"user":"30837949124772@lid","message":"#s","type":"received"}
[2025-11-14T05:14:28.387Z] [SUCCESS] [command] Comando ejecutado: s {"user":"30837949124772@lid","command":"s","args":[],"success":true,"result":null}
[2025-11-14T05:15:01.759Z] [INFO] [system] Rotación de logs programada cada 24 horas 
[2025-11-14T05:15:01.825Z] [INFO] [system] Iniciando bot de WhatsApp... 
[2025-11-14T05:15:01.827Z] [INFO] [session] Sesión activa encontrada, manteniendo... 
[2025-11-14T05:15:01.925Z] [INFO] [session] Estado de conexión: connecting {"status":"connecting","qr":false}
[2025-11-14T05:15:01.908Z] [INFO] [system] Usando Baileys version: 2.3000.1027934701 
[2025-11-14T05:15:02.792Z] [INFO] [session] Estado de conexión: connecting... {"qr":false}
[2025-11-14T05:15:02.885Z] [INFO] [session] Estado de conexión: connecting... {"qr":false}
[2025-11-14T05:15:02.885Z] [INFO] [session] Estado de conexión: open {"status":"open","qr":false}
[2025-11-14T05:15:02.885Z] [SUCCESS] [session] Conexión exitosa a WhatsApp {"user":"Untrue","id":"584120614314:32@s.whatsapp.net"}
[2025-11-14T05:15:29.876Z] [INFO] [message] Mensaje received {"user":"30837949124772@lid","message":"#ping","type":"received"}
[2025-11-14T05:15:30.992Z] [SUCCESS] [command] Comando ejecutado: ping {"user":"30837949124772@lid","command":"ping","args":[],"success":true,"result":null}
[2025-11-14T05:15:31.760Z] [INFO] [logrotate] 🚀 Iniciando rotación automática de logs... 
[2025-11-14T05:15:31.762Z] [DEBUG] [logrotate] Rotación: No se encontraron archivos para eliminar 
[2025-11-14T05:15:31.772Z] [INFO] [logrotate] Reporte de almacenamiento {"totalFiles":33,"totalSize":611991,"totalSizeMB":"0.58","logFiles":33,"backupFiles":0}
[2025-11-14T05:15:31.772Z] [INFO] [logrotate] ✅ Rotación completada en 11ms {"duration":11,"report":{"totalFiles":33,"totalSize":611991,"totalSizeMB":"0.58","logFiles":33,"backupFiles":0}}
[2025-11-14T05:15:45.964Z] [INFO] [message] Mensaje received {"user":"30837949124772@lid","message":"","type":"received"}
[2025-11-14T05:15:47.729Z] [INFO] [message] Mensaje received {"user":"30837949124772@lid","message":"#s","type":"received"}
[2025-11-14T05:15:48.965Z] [SUCCESS] [command] Comando ejecutado: s {"user":"30837949124772@lid","command":"s","args":[],"success":true,"result":null}
[2025-11-14T05:17:38.737Z] [INFO] [system] Rotación de logs programada cada 24 horas 
[2025-11-14T05:17:38.786Z] [INFO] [system] Iniciando bot de WhatsApp... 
[2025-11-14T05:17:38.788Z] [INFO] [session] Sesión activa encontrada, manteniendo... 
[2025-11-14T05:17:38.874Z] [INFO] [system] Usando Baileys version: 2.3000.1027934701 
[2025-11-14T05:17:38.886Z] [INFO] [session] Estado de conexión: connecting {"status":"connecting","qr":false}
[2025-11-14T05:17:39.526Z] [INFO] [session] Estado de conexión: connecting... {"qr":false}
[2025-11-14T05:17:39.593Z] [INFO] [session] Estado de conexión: connecting... {"qr":false}
[2025-11-14T05:17:39.594Z] [INFO] [session] Estado de conexión: open {"status":"open","qr":false}
[2025-11-14T05:17:39.594Z] [SUCCESS] [session] Conexión exitosa a WhatsApp {"user":"Untrue","id":"584120614314:32@s.whatsapp.net"}
[2025-11-14T05:17:54.192Z] [INFO] [message] Mensaje received {"user":"30837949124772@lid","message":"#ping","type":"received"}
[2025-11-14T05:17:54.599Z] [SUCCESS] [command] Comando ejecutado: ping {"user":"30837949124772@lid","command":"ping","args":[],"success":true,"result":null}
[2025-11-14T05:18:01.367Z] [INFO] [message] Mensaje received {"user":"30837949124772@lid","message":"","type":"received"}
[2025-11-14T05:18:03.208Z] [INFO] [message] Mensaje received {"user":"30837949124772@lid","message":"#s","type":"received"}
[2025-11-14T05:18:03.913Z] [SUCCESS] [command] Comando ejecutado: s {"user":"30837949124772@lid","command":"s","args":[],"success":true,"result":null}
[2025-11-14T05:18:08.737Z] [INFO] [logrotate] 🚀 Iniciando rotación automática de logs... 
[2025-11-14T05:18:08.738Z] [DEBUG] [logrotate] Rotación: No se encontraron archivos para eliminar 
[2025-11-14T05:18:08.742Z] [INFO] [logrotate] Reporte de almacenamiento {"totalFiles":33,"totalSize":615587,"totalSizeMB":"0.59","logFiles":33,"backupFiles":0}
[2025-11-14T05:18:08.742Z] [INFO] [logrotate] ✅ Rotación completada en 5ms {"duration":5,"report":{"totalFiles":33,"totalSize":615587,"totalSizeMB":"0.59","logFiles":33,"backupFiles":0}}
[2025-11-14T05:19:31.579Z] [INFO] [system] Rotación de logs programada cada 24 horas 
[2025-11-14T05:19:31.631Z] [INFO] [system] Iniciando bot de WhatsApp... 
[2025-11-14T05:19:31.633Z] [INFO] [session] Sesión activa encontrada, manteniendo... 
[2025-11-14T05:19:31.714Z] [INFO] [session] Estado de conexión: connecting {"status":"connecting","qr":false}
[2025-11-14T05:19:31.704Z] [INFO] [system] Usando Baileys version: 2.3000.1027934701 
[2025-11-14T05:19:32.659Z] [INFO] [session] Estado de conexión: connecting... {"qr":false}
[2025-11-14T05:19:32.777Z] [INFO] [session] Estado de conexión: connecting... {"qr":false}
[2025-11-14T05:19:32.778Z] [INFO] [session] Estado de conexión: open {"status":"open","qr":false}
[2025-11-14T05:19:32.778Z] [SUCCESS] [session] Conexión exitosa a WhatsApp {"user":"Untrue","id":"584120614314:32@s.whatsapp.net"}
[2025-11-14T05:20:01.595Z] [INFO] [logrotate] 🚀 Iniciando rotación automática de logs... 
[2025-11-14T05:20:01.596Z] [DEBUG] [logrotate] Rotación: No se encontraron archivos para eliminar 
[2025-11-14T05:20:01.599Z] [INFO] [logrotate] Reporte de almacenamiento {"totalFiles":33,"totalSize":617604,"totalSizeMB":"0.59","logFiles":33,"backupFiles":0}
[2025-11-14T05:20:01.599Z] [INFO] [logrotate] ✅ Rotación completada en 4ms {"duration":4,"report":{"totalFiles":33,"totalSize":617604,"totalSizeMB":"0.59","logFiles":33,"backupFiles":0}}
[2025-11-14T05:20:42.841Z] [INFO] [message] Mensaje received {"user":"30837949124772@lid","message":"#s","type":"received"}
[2025-11-14T05:20:42.862Z] [ERROR] [command] Comando ejecutado: s {"user":"30837949124772@lid","command":"s","args":[],"success":false,"result":"Named export 'Image' not found. The requested module 'node-webpmux' is a CommonJS module, which may not support all module.exports as named exports.\nCommonJS modules can always be imported via the default export, for example using:\n\nimport pkg from 'node-webpmux';\nconst { Image: WebpMuxImage } = pkg;\n"}
[2025-11-14T05:20:42.862Z] [ERROR] [command] Error ejecutando s {"error":"Named export 'Image' not found. The requested module 'node-webpmux' is a CommonJS module, which may not support all module.exports as named exports.\nCommonJS modules can always be imported via the default export, for example using:\n\nimport pkg from 'node-webpmux';\nconst { Image: WebpMuxImage } = pkg;\n","user":"30837949124772@lid"}
[2025-11-14T05:22:13.222Z] [INFO] [system] Rotación de logs programada cada 24 horas 
[2025-11-14T05:22:13.272Z] [INFO] [system] Iniciando bot de WhatsApp... 
[2025-11-14T05:22:13.274Z] [INFO] [session] Sesión activa encontrada, manteniendo... 
[2025-11-14T05:22:13.370Z] [INFO] [system] Usando Baileys version: 2.3000.1027934701 
[2025-11-14T05:22:13.380Z] [INFO] [session] Estado de conexión: connecting {"status":"connecting","qr":false}
[2025-11-14T05:22:14.459Z] [INFO] [session] Estado de conexión: connecting... {"qr":false}
[2025-11-14T05:22:14.562Z] [INFO] [session] Estado de conexión: connecting... {"qr":false}
[2025-11-14T05:22:14.562Z] [INFO] [session] Estado de conexión: open {"status":"open","qr":false}
[2025-11-14T05:22:14.562Z] [SUCCESS] [session] Conexión exitosa a WhatsApp {"user":"Untrue","id":"584120614314:32@s.whatsapp.net"}
[2025-11-14T05:22:43.102Z] [INFO] [message] Mensaje received {"user":"30837949124772@lid","message":"#s","type":"received"}
[2025-11-14T05:22:43.239Z] [INFO] [logrotate] 🚀 Iniciando rotación automática de logs... 
[2025-11-14T05:22:43.243Z] [DEBUG] [logrotate] Rotación: No se encontraron archivos para eliminar 
[2025-11-14T05:22:43.253Z] [INFO] [logrotate] Reporte de almacenamiento {"totalFiles":33,"totalSize":621788,"totalSizeMB":"0.59","logFiles":33,"backupFiles":0}
[2025-11-14T05:22:43.253Z] [INFO] [logrotate] ✅ Rotación completada en 13ms {"duration":13,"report":{"totalFiles":33,"totalSize":621788,"totalSizeMB":"0.59","logFiles":33,"backupFiles":0}}
[2025-11-14T05:22:44.229Z] [SUCCESS] [command] Comando ejecutado: s {"user":"30837949124772@lid","command":"s","args":[],"success":true,"result":null}
[2025-11-14T05:22:52.065Z] [INFO] [message] Mensaje received {"user":"30837949124772@lid","message":"#s","type":"received"}
[2025-11-14T05:22:52.801Z] [SUCCESS] [command] Comando ejecutado: s {"user":"30837949124772@lid","command":"s","args":[],"success":true,"result":null}
[2025-11-14T05:25:37.607Z] [INFO] [system] Rotación de logs programada cada 24 horas 
[2025-11-14T05:25:37.672Z] [INFO] [system] Iniciando bot de WhatsApp... 
[2025-11-14T05:25:37.675Z] [INFO] [session] Sesión activa encontrada, manteniendo... 
[2025-11-14T05:25:37.776Z] [INFO] [system] Usando Baileys version: 2.3000.1027934701 
[2025-11-14T05:25:37.790Z] [INFO] [session] Estado de conexión: connecting {"status":"connecting","qr":false}
[2025-11-14T05:25:38.198Z] [INFO] [session] Estado de conexión: connecting... {"qr":false}
[2025-11-14T05:25:38.230Z] [INFO] [session] Estado de conexión: connecting... {"qr":false}
[2025-11-14T05:25:38.231Z] [INFO] [session] Estado de conexión: open {"status":"open","qr":false}
[2025-11-14T05:25:38.231Z] [SUCCESS] [session] Conexión exitosa a WhatsApp {"user":"Untrue","id":"584120614314:32@s.whatsapp.net"}
[2025-11-14T05:25:59.169Z] [INFO] [message] Mensaje received {"user":"30837949124772@lid","message":"#ping","type":"received"}
[2025-11-14T05:25:59.442Z] [SUCCESS] [command] Comando ejecutado: ping {"user":"30837949124772@lid","command":"ping","args":[],"success":true,"result":null}
[2025-11-14T05:26:05.036Z] [INFO] [message] Mensaje received {"user":"30837949124772@lid","message":"","type":"received"}
[2025-11-14T05:26:07.608Z] [INFO] [logrotate] 🚀 Iniciando rotación automática de logs... 
[2025-11-14T05:26:07.609Z] [DEBUG] [logrotate] Rotación: No se encontraron archivos para eliminar 
[2025-11-14T05:26:07.613Z] [INFO] [logrotate] Reporte de almacenamiento {"totalFiles":33,"totalSize":625018,"totalSizeMB":"0.60","logFiles":33,"backupFiles":0}
[2025-11-14T05:26:07.614Z] [INFO] [logrotate] ✅ Rotación completada en 6ms {"duration":6,"report":{"totalFiles":33,"totalSize":625018,"totalSizeMB":"0.60","logFiles":33,"backupFiles":0}}
[2025-11-14T05:26:08.591Z] [INFO] [message] Mensaje received {"user":"30837949124772@lid","message":"#s","type":"received"}
[2025-11-14T05:26:10.177Z] [SUCCESS] [command] Comando ejecutado: s {"user":"30837949124772@lid","command":"s","args":[],"success":true,"result":null}
[2025-11-14T05:26:34.058Z] [INFO] [message] Mensaje received {"user":"30837949124772@lid","message":"","type":"received"}
[2025-11-14T05:26:34.938Z] [INFO] [message] Mensaje received {"user":"30837949124772@lid","message":"#s","type":"received"}
[2025-11-14T05:26:35.600Z] [SUCCESS] [command] Comando ejecutado: s {"user":"30837949124772@lid","command":"s","args":[],"success":true,"result":null}
[2025-11-14T05:28:35.075Z] [INFO] [system] Rotación de logs programada cada 24 horas 
[2025-11-14T05:28:35.146Z] [INFO] [system] Iniciando bot de WhatsApp... 
[2025-11-14T05:28:35.148Z] [INFO] [session] Sesión activa encontrada, manteniendo... 
[2025-11-14T05:28:35.223Z] [INFO] [system] Usando Baileys version: 2.3000.1027934701 
[2025-11-14T05:28:35.234Z] [INFO] [session] Estado de conexión: connecting {"status":"connecting","qr":false}
[2025-11-14T05:28:35.713Z] [INFO] [session] Estado de conexión: connecting... {"qr":false}
[2025-11-14T05:28:35.728Z] [INFO] [session] Estado de conexión: connecting... {"qr":false}
[2025-11-14T05:28:35.729Z] [INFO] [session] Estado de conexión: open {"status":"open","qr":false}
[2025-11-14T05:28:35.729Z] [SUCCESS] [session] Conexión exitosa a WhatsApp {"user":"Untrue","id":"584120614314:32@s.whatsapp.net"}
[2025-11-14T05:28:56.516Z] [INFO] [message] Mensaje received {"user":"30837949124772@lid","message":"#ping","type":"received"}
[2025-11-14T05:28:56.702Z] [SUCCESS] [command] Comando ejecutado: ping {"user":"30837949124772@lid","command":"ping","args":[],"success":true,"result":null}
[2025-11-14T05:29:05.090Z] [INFO] [logrotate] 🚀 Iniciando rotación automática de logs... 
[2025-11-14T05:29:05.092Z] [DEBUG] [logrotate] Rotación: No se encontraron archivos para eliminar 
[2025-11-14T05:29:05.101Z] [INFO] [logrotate] Reporte de almacenamiento {"totalFiles":33,"totalSize":628431,"totalSizeMB":"0.60","logFiles":33,"backupFiles":0}
[2025-11-14T05:29:05.102Z] [INFO] [logrotate] ✅ Rotación completada en 11ms {"duration":11,"report":{"totalFiles":33,"totalSize":628431,"totalSizeMB":"0.60","logFiles":33,"backupFiles":0}}
[2025-11-14T05:29:06.844Z] [INFO] [message] Mensaje received {"user":"30837949124772@lid","message":"","type":"received"}
[2025-11-14T05:29:10.120Z] [INFO] [message] Mensaje received {"user":"30837949124772@lid","message":"#s","type":"received"}
[2025-11-14T05:29:11.181Z] [SUCCESS] [command] Comando ejecutado: s {"user":"30837949124772@lid","command":"s","args":[],"success":true,"result":null}
[2025-11-14T05:31:16.164Z] [INFO] [system] Rotación de logs programada cada 24 horas 
[2025-11-14T05:31:16.221Z] [INFO] [system] Iniciando bot de WhatsApp... 
[2025-11-14T05:31:16.223Z] [INFO] [session] Sesión activa encontrada, manteniendo... 
[2025-11-14T05:31:16.296Z] [INFO] [system] Usando Baileys version: 2.3000.1027934701 
[2025-11-14T05:31:16.311Z] [INFO] [session] Estado de conexión: connecting {"status":"connecting","qr":false}
[2025-11-14T05:31:17.238Z] [INFO] [session] Estado de conexión: connecting... {"qr":false}
[2025-11-14T05:31:17.345Z] [INFO] [session] Estado de conexión: connecting... {"qr":false}
[2025-11-14T05:31:17.346Z] [INFO] [session] Estado de conexión: open {"status":"open","qr":false}
[2025-11-14T05:31:17.346Z] [SUCCESS] [session] Conexión exitosa a WhatsApp {"user":"Untrue","id":"584120614314:32@s.whatsapp.net"}
[2025-11-14T05:31:46.184Z] [INFO] [logrotate] 🚀 Iniciando rotación automática de logs... 
[2025-11-14T05:31:46.185Z] [DEBUG] [logrotate] Rotación: No se encontraron archivos para eliminar 
[2025-11-14T05:31:46.190Z] [INFO] [logrotate] Reporte de almacenamiento {"totalFiles":33,"totalSize":631031,"totalSizeMB":"0.60","logFiles":33,"backupFiles":0}
[2025-11-14T05:31:46.190Z] [INFO] [logrotate] ✅ Rotación completada en 5ms {"duration":5,"report":{"totalFiles":33,"totalSize":631031,"totalSizeMB":"0.60","logFiles":33,"backupFiles":0}}
[2025-11-14T05:32:16.816Z] [INFO] [message] Mensaje received {"user":"30837949124772@lid","message":"#ping","type":"received"}
[2025-11-14T05:32:18.172Z] [SUCCESS] [command] Comando ejecutado: ping {"user":"30837949124772@lid","command":"ping","args":[],"success":true,"result":null}
[2025-11-14T05:32:22.798Z] [INFO] [message] Mensaje received {"user":"30837949124772@lid","message":"","type":"received"}
[2025-11-14T05:32:25.298Z] [INFO] [message] Mensaje received {"user":"30837949124772@lid","message":"#s","type":"received"}
[2025-11-14T05:32:26.983Z] [SUCCESS] [command] Comando ejecutado: s {"user":"30837949124772@lid","command":"s","args":[],"success":true,"result":null}
[2025-11-14T05:33:57.847Z] [INFO] [message] Mensaje received {"user":"30837949124772@lid","message":"","type":"received"}
[2025-11-14T05:33:58.837Z] [INFO] [message] Mensaje received {"user":"30837949124772@lid","message":"#s","type":"received"}
[2025-11-14T05:34:00.039Z] [SUCCESS] [command] Comando ejecutado: s {"user":"30837949124772@lid","command":"s","args":[],"success":true,"result":null}
[2025-11-14T05:35:16.246Z] [INFO] [message] Mensaje received {"user":"30837949124772@lid","message":"","type":"received"}
[2025-11-14T05:35:20.470Z] [INFO] [message] Mensaje received {"user":"30837949124772@lid","message":"#s","type":"received"}
[2025-11-14T05:35:22.149Z] [SUCCESS] [command] Comando ejecutado: s {"user":"30837949124772@lid","command":"s","args":[],"success":true,"result":null}
[2025-11-14T05:41:44.883Z] [INFO] [system] Rotación de logs programada cada 24 horas 
[2025-11-14T05:41:45.023Z] [INFO] [system] Iniciando bot de WhatsApp... 
[2025-11-14T05:41:45.025Z] [INFO] [session] Sesión activa encontrada, manteniendo... 
[2025-11-14T05:41:45.113Z] [INFO] [system] Usando Baileys version: 2.3000.1027934701 
[2025-11-14T05:41:45.125Z] [INFO] [session] Estado de conexión: connecting {"status":"connecting","qr":false}
[2025-11-14T05:41:46.023Z] [INFO] [session] Estado de conexión: connecting... {"qr":false}
[2025-11-14T05:41:46.142Z] [INFO] [session] Estado de conexión: connecting... {"qr":false}
[2025-11-14T05:41:46.144Z] [INFO] [session] Estado de conexión: open {"status":"open","qr":false}
[2025-11-14T05:41:46.144Z] [SUCCESS] [session] Conexión exitosa a WhatsApp {"user":"Untrue","id":"584120614314:32@s.whatsapp.net"}
[2025-11-14T05:42:11.229Z] [INFO] [message] Mensaje received {"user":"30837949124772@lid","message":"#ping","type":"received"}
[2025-11-14T05:42:12.156Z] [SUCCESS] [command] Comando ejecutado: ping {"user":"30837949124772@lid","command":"ping","args":[],"success":true,"result":null}
[2025-11-14T05:42:13.477Z] [INFO] [message] Mensaje received {"user":"30837949124772@lid","message":"#ping","type":"received"}
[2025-11-14T05:42:14.325Z] [SUCCESS] [command] Comando ejecutado: ping {"user":"30837949124772@lid","command":"ping","args":[],"success":true,"result":null}
[2025-11-14T05:42:14.884Z] [INFO] [logrotate] 🚀 Iniciando rotación automática de logs... 
[2025-11-14T05:42:14.887Z] [DEBUG] [logrotate] Rotación: No se encontraron archivos para eliminar 
[2025-11-14T05:42:14.904Z] [INFO] [logrotate] Reporte de almacenamiento {"totalFiles":33,"totalSize":636036,"totalSizeMB":"0.61","logFiles":33,"backupFiles":0}
[2025-11-14T05:42:14.905Z] [INFO] [logrotate] ✅ Rotación completada en 20ms {"duration":20,"report":{"totalFiles":33,"totalSize":636036,"totalSizeMB":"0.61","logFiles":33,"backupFiles":0}}
[2025-11-14T05:42:24.592Z] [INFO] [message] Mensaje received {"user":"30837949124772@lid","message":"","type":"received"}
[2025-11-14T05:42:27.369Z] [INFO] [message] Mensaje received {"user":"30837949124772@lid","message":"#s","type":"received"}
[2025-11-14T05:42:29.185Z] [SUCCESS] [command] Comando ejecutado: s {"user":"30837949124772@lid","command":"s","args":[],"success":true,"result":null}
[2025-11-14T05:48:30.309Z] [INFO] [message] Mensaje received {"user":"30837949124772@lid","message":"#smedia","type":"received"}
[2025-11-14T05:48:30.955Z] [SUCCESS] [command] Comando ejecutado: smedia {"user":"30837949124772@lid","command":"smedia","args":[],"success":true,"result":null}
[2025-11-14T05:48:49.446Z] [INFO] [message] Mensaje received {"user":"30837949124772@lid","message":"","type":"received"}
[2025-11-14T05:48:50.926Z] [INFO] [message] Mensaje received {"user":"30837949124772@lid","message":"#s","type":"received"}
[2025-11-14T05:48:51.966Z] [SUCCESS] [command] Comando ejecutado: s {"user":"30837949124772@lid","command":"s","args":[],"success":true,"result":null}
[2025-11-14T05:48:57.743Z] [INFO] [message] Mensaje received {"user":"30837949124772@lid","message":"#smedia","type":"received"}
[2025-11-14T05:48:58.822Z] [SUCCESS] [command] Comando ejecutado: smedia {"user":"30837949124772@lid","command":"smedia","args":[],"success":true,"result":null}
[2025-11-14T05:49:24.018Z] [INFO] [message] Mensaje received {"user":"30837949124772@lid","message":"#ping","type":"received"}
[2025-11-14T05:49:24.819Z] [SUCCESS] [command] Comando ejecutado: ping {"user":"30837949124772@lid","command":"ping","args":[],"success":true,"result":null}
[2025-11-14T05:49:29.449Z] [INFO] [message] Mensaje received {"user":"30837949124772@lid","message":"#help","type":"received"}
[2025-11-14T05:49:30.168Z] [SUCCESS] [command] Comando ejecutado: help {"user":"30837949124772@lid","command":"help","args":[],"success":true,"result":null}
[2025-11-14T06:02:50.153Z] [INFO] [system] Rotación de logs programada cada 24 horas 
[2025-11-14T06:02:50.216Z] [INFO] [system] Iniciando bot de WhatsApp... 
[2025-11-14T06:02:50.218Z] [INFO] [session] Sesión activa encontrada, manteniendo... 
[2025-11-14T06:02:50.290Z] [INFO] [system] Usando Baileys version: 2.3000.1027934701 
[2025-11-14T06:02:50.301Z] [INFO] [session] Estado de conexión: connecting {"status":"connecting","qr":false}
[2025-11-14T06:02:50.718Z] [INFO] [session] Estado de conexión: connecting... {"qr":false}
[2025-11-14T06:02:50.754Z] [INFO] [session] Estado de conexión: open {"status":"open","qr":false}
[2025-11-14T06:02:50.755Z] [SUCCESS] [session] Conexión exitosa a WhatsApp {"user":"Untrue","id":"584120614314:32@s.whatsapp.net"}
[2025-11-14T06:02:50.753Z] [INFO] [session] Estado de conexión: connecting... {"qr":false}
[2025-11-14T06:03:20.175Z] [INFO] [logrotate] 🚀 Iniciando rotación automática de logs... 
[2025-11-14T06:03:20.176Z] [DEBUG] [logrotate] Rotación: No se encontraron archivos para eliminar 
[2025-11-14T06:03:20.182Z] [INFO] [logrotate] Reporte de almacenamiento {"totalFiles":33,"totalSize":640897,"totalSizeMB":"0.61","logFiles":33,"backupFiles":0}
[2025-11-14T06:03:20.182Z] [INFO] [logrotate] ✅ Rotación completada en 6ms {"duration":6,"report":{"totalFiles":33,"totalSize":640897,"totalSizeMB":"0.61","logFiles":33,"backupFiles":0}}
[2025-11-14T06:03:43.906Z] [INFO] [message] Mensaje received {"user":"30837949124772@lid","message":"#ping","type":"received"}
[2025-11-14T06:03:44.180Z] [SUCCESS] [command] Comando ejecutado: ping {"user":"30837949124772@lid","command":"ping","args":[],"success":true,"result":null}
[2025-11-14T06:03:48.000Z] [INFO] [message] Mensaje received {"user":"30837949124772@lid","message":"#ttimg https://vm.tiktok.com/ZMA73KGyx/","type":"received"}
[2025-11-14T06:03:51.283Z] [SUCCESS] [command] Comando ejecutado: ttimg {"user":"30837949124772@lid","command":"ttimg","args":["https://vm.tiktok.com/ZMA73KGyx/"],"success":true,"result":null}
[2025-11-14T06:05:13.785Z] [INFO] [message] Mensaje received {"user":"30837949124772@lid","message":"#ttimg https://vm.tiktok.com/ZMA73gj5D/","type":"received"}
[2025-11-14T06:05:16.191Z] [SUCCESS] [command] Comando ejecutado: ttimg {"user":"30837949124772@lid","command":"ttimg","args":["https://vm.tiktok.com/ZMA73gj5D/"],"success":true,"result":null}
[2025-11-14T06:08:35.496Z] [INFO] [system] Rotación de logs programada cada 24 horas 
[2025-11-14T06:08:35.556Z] [INFO] [system] Iniciando bot de WhatsApp... 
[2025-11-14T06:08:35.558Z] [INFO] [session] Sesión activa encontrada, manteniendo... 
[2025-11-14T06:08:35.631Z] [INFO] [system] Usando Baileys version: 2.3000.1027934701 
[2025-11-14T06:08:35.642Z] [INFO] [session] Estado de conexión: connecting {"status":"connecting","qr":false}
[2025-11-14T06:08:36.731Z] [INFO] [session] Estado de conexión: connecting... {"qr":false}
[2025-11-14T06:08:36.904Z] [INFO] [session] Estado de conexión: connecting... {"qr":false}
[2025-11-14T06:08:36.905Z] [INFO] [session] Estado de conexión: open {"status":"open","qr":false}
[2025-11-14T06:08:36.905Z] [SUCCESS] [session] Conexión exitosa a WhatsApp {"user":"Untrue","id":"584120614314:32@s.whatsapp.net"}
[2025-11-14T06:08:56.547Z] [INFO] [message] Mensaje received {"user":"30837949124772@lid","message":"#ping","type":"received"}
[2025-11-14T06:08:57.757Z] [SUCCESS] [command] Comando ejecutado: ping {"user":"30837949124772@lid","command":"ping","args":[],"success":true,"result":null}
[2025-11-14T06:08:59.745Z] [INFO] [message] Mensaje received {"user":"30837949124772@lid","message":"#pinf","type":"received"}
[2025-11-14T06:09:00.820Z] [SUCCESS] [command] Comando ejecutado: pinf {"user":"30837949124772@lid","command":"pinf","args":[],"success":true,"result":null}
[2025-11-14T06:09:05.496Z] [INFO] [logrotate] 🚀 Iniciando rotación automática de logs... 
[2025-11-14T06:09:05.497Z] [DEBUG] [logrotate] Rotación: No se encontraron archivos para eliminar 
[2025-11-14T06:09:05.502Z] [INFO] [logrotate] Reporte de almacenamiento {"totalFiles":35,"totalSize":645267,"totalSizeMB":"0.62","logFiles":35,"backupFiles":0}
[2025-11-14T06:09:05.502Z] [INFO] [logrotate] ✅ Rotación completada en 6ms {"duration":6,"report":{"totalFiles":35,"totalSize":645267,"totalSizeMB":"0.62","logFiles":35,"backupFiles":0}}
[2025-11-14T06:09:10.558Z] [INFO] [message] Mensaje received {"user":"30837949124772@lid","message":"#ttimg https://vm.tiktok.com/ZMA73gj5D/","type":"received"}
[2025-11-14T06:09:15.970Z] [SUCCESS] [command] Comando ejecutado: ttimg {"user":"30837949124772@lid","command":"ttimg","args":["https://vm.tiktok.com/ZMA73gj5D/"],"success":true,"result":null}
[2025-11-14T06:09:28.170Z] [INFO] [message] Mensaje received {"user":"30837949124772@lid","message":"#tt https://vm.tiktok.com/ZMA73KGyx/","type":"received"}
[2025-11-14T06:09:33.047Z] [INFO] [session] Estado de conexión: connecting... {"qr":false}
[2025-11-14T06:09:33.048Z] [SUCCESS] [command] Comando ejecutado: tt {"user":"30837949124772@lid","command":"tt","args":["https://vm.tiktok.com/ZMA73KGyx/"],"success":true,"result":null}
[2025-11-14T06:09:54.276Z] [INFO] [message] Mensaje received {"user":"30837949124772@lid","message":"#tt https://vm.tiktok.com/ZMA73gD5s/","type":"received"}
[2025-11-14T06:09:59.762Z] [INFO] [session] Estado de conexión: connecting... {"qr":false}
[2025-11-14T06:09:59.763Z] [SUCCESS] [command] Comando ejecutado: tt {"user":"30837949124772@lid","command":"tt","args":["https://vm.tiktok.com/ZMA73gD5s/"],"success":true,"result":null}
[2025-11-14T06:18:44.417Z] [INFO] [message] Mensaje received {"user":"30837949124772@lid","message":"#ytvid riosse mevadoler","type":"received"}
[2025-11-14T06:18:44.418Z] [INFO] [message] Mensaje received {"user":"30837949124772@lid","message":"#yt riosse mevadoler","type":"received"}
[2025-11-14T06:19:13.160Z] [SUCCESS] [command] Comando ejecutado: yt {"user":"30837949124772@lid","command":"yt","args":["riosse","mevadoler"],"success":true,"result":{"type":"video"}}
[2025-11-14T06:19:13.165Z] [INFO] [session] Estado de conexión: connecting... {"qr":false}
[2025-11-14T06:19:13.166Z] [SUCCESS] [command] Comando ejecutado: ytvid {"user":"30837949124772@lid","command":"ytvid","args":["riosse","mevadoler"],"success":true,"result":null}
[2025-11-14T06:21:06.436Z] [INFO] [message] Mensaje received {"user":"30837949124772@lid","message":"#ytaud riosse me va a doler","type":"received"}
[2025-11-14T06:21:06.437Z] [INFO] [message] Mensaje received {"user":"30837949124772@lid","message":"#ytaudio riosse me va a doler","type":"received"}
[2025-11-14T06:21:25.807Z] [SUCCESS] [command] Comando ejecutado: ytaudio {"user":"30837949124772@lid","command":"ytaudio","args":["riosse","me","va","a","doler"],"success":true,"result":{"type":"audio"}}
[2025-11-14T06:21:25.809Z] [INFO] [session] Estado de conexión: connecting... {"qr":false}
[2025-11-14T06:21:25.811Z] [SUCCESS] [command] Comando ejecutado: ytaud {"user":"30837949124772@lid","command":"ytaud","args":["riosse","me","va","a","doler"],"success":true,"result":null}
[2025-11-14T07:04:43.167Z] [INFO] [message] Mensaje received {"user":"30837949124772@lid","message":"#ping","type":"received"}
[2025-11-14T07:04:44.429Z] [SUCCESS] [command] Comando ejecutado: ping {"user":"30837949124772@lid","command":"ping","args":[],"success":true,"result":null}
[2025-11-14T08:06:52.006Z] [INFO] [message] Mensaje received {"user":"120363160616746507@g.us","message":"","type":"received"}
[2025-11-14T10:17:00.902Z] [INFO] [message] Mensaje received {"user":"120363160616746507@g.us","message":"a ver qlq","type":"received"}
[2025-11-14T10:17:44.816Z] [INFO] [message] Mensaje received {"user":"120363160616746507@g.us","message":"ufff","type":"received"}
[2025-11-14T10:17:48.467Z] [INFO] [message] Mensaje received {"user":"120363160616746507@g.us","message":"empieza boombap","type":"received"}
[2025-11-14T10:18:05.052Z] [INFO] [message] Mensaje received {"user":"120363160616746507@g.us","message":"here we go again 🗣️","type":"received"}
[2025-11-14T10:20:53.154Z] [INFO] [message] Mensaje received {"user":"120363160616746507@g.us","message":"la voz de elena rose en instinto hacen q parezca musica arabe","type":"received"}
[2025-11-14T10:20:59.130Z] [INFO] [message] Mensaje received {"user":"120363160616746507@g.us","message":"ta arrecho","type":"received"}
[2025-11-14T10:22:17.006Z] [INFO] [message] Mensaje received {"user":"120363160616746507@g.us","message":"","type":"received"}
[2025-11-14T10:24:28.032Z] [INFO] [message] Mensaje received {"user":"120363160616746507@g.us","message":"olfato 🚬💨","type":"received"}
[2025-11-14T10:40:42.587Z] [INFO] [message] Mensaje received {"user":"120363160616746507@g.us","message":"veneno","type":"received"}
[2025-11-14T10:40:54.632Z] [INFO] [message] Mensaje received {"user":"120363160616746507@g.us","message":"(gay, gay, gay, gay) 🗣️🗣️🗣️","type":"received"}
[2025-11-14T10:58:03.618Z] [INFO] [message] Mensaje received {"user":"120363160616746507@g.us","message":"⭐⭐⭐","type":"received"}
[2025-11-14T12:06:23.062Z] [INFO] [message] Mensaje received {"user":"status@broadcast","message":"","type":"received"}
[2025-11-14T12:07:28.179Z] [INFO] [message] Mensaje received {"user":"status@broadcast","message":"","type":"received"}
[2025-11-14T12:19:58.710Z] [INFO] [message] Mensaje received {"user":"120363160616746507@g.us","message":"","type":"received"}
[2025-11-14T12:20:03.286Z] [INFO] [message] Mensaje received {"user":"120363160616746507@g.us","message":"#smedia","type":"received"}
[2025-11-14T12:20:05.251Z] [SUCCESS] [command] Comando ejecutado: smedia {"user":"120363160616746507@g.us","command":"smedia","args":[],"success":true,"result":null}
[2025-11-14T13:14:17.303Z] [INFO] [message] Mensaje received {"user":"status@broadcast","message":"","type":"received"}
[2025-11-14T13:14:26.163Z] [INFO] [message] Mensaje received {"user":"status@broadcast","message":"","type":"received"}
[2025-11-14T14:43:11.008Z] [INFO] [message] Mensaje received {"user":"status@broadcast","message":"","type":"received"}
[2025-11-14T14:43:12.146Z] [INFO] [message] Mensaje received {"user":"status@broadcast","message":"","type":"received"}
[2025-11-14T14:43:14.434Z] [INFO] [message] Mensaje received {"user":"status@broadcast","message":"","type":"received"}
[2025-11-14T14:43:21.377Z] [INFO] [message] Mensaje received {"user":"status@broadcast","message":"","type":"received"}
[2025-11-14T14:43:25.579Z] [INFO] [message] Mensaje received {"user":"status@broadcast","message":"","type":"received"}
[2025-11-14T14:43:28.480Z] [INFO] [message] Mensaje received {"user":"status@broadcast","message":"","type":"received"}
[2025-11-14T14:43:31.728Z] [INFO] [message] Mensaje received {"user":"status@broadcast","message":"","type":"received"}
[2025-11-14T14:44:22.588Z] [INFO] [message] Mensaje received {"user":"status@broadcast","message":"","type":"received"}
[2025-11-14T14:44:24.409Z] [INFO] [message] Mensaje received {"user":"status@broadcast","message":"","type":"received"}
[2025-11-14T14:44:25.638Z] [INFO] [message] Mensaje received {"user":"status@broadcast","message":"","type":"received"}
[2025-11-14T14:44:27.214Z] [INFO] [message] Mensaje received {"user":"status@broadcast","message":"","type":"received"}
[2025-11-14T14:44:28.310Z] [INFO] [message] Mensaje received {"user":"status@broadcast","message":"","type":"received"}
[2025-11-14T14:44:30.974Z] [INFO] [message] Mensaje received {"user":"status@broadcast","message":"","type":"received"}
[2025-11-14T14:44:33.831Z] [INFO] [message] Mensaje received {"user":"status@broadcast","message":"","type":"received"}
[2025-11-14T14:44:36.358Z] [INFO] [message] Mensaje received {"user":"status@broadcast","message":"","type":"received"}
[2025-11-14T14:44:39.480Z] [INFO] [message] Mensaje received {"user":"status@broadcast","message":"","type":"received"}
[2025-11-14T14:44:40.646Z] [INFO] [message] Mensaje received {"user":"status@broadcast","message":"","type":"received"}
[2025-11-14T14:44:41.845Z] [INFO] [message] Mensaje received {"user":"status@broadcast","message":"","type":"received"}
[2025-11-14T14:44:42.758Z] [INFO] [message] Mensaje received {"user":"status@broadcast","message":"","type":"received"}
[2025-11-14T14:44:43.613Z] [INFO] [message] Mensaje received {"user":"status@broadcast","message":"","type":"received"}
[2025-11-14T14:44:46.676Z] [INFO] [message] Mensaje received {"user":"status@broadcast","message":"","type":"received"}
[2025-11-14T14:44:47.840Z] [INFO] [message] Mensaje received {"user":"status@broadcast","message":"","type":"received"}
[2025-11-14T14:44:49.544Z] [INFO] [message] Mensaje received {"user":"status@broadcast","message":"","type":"received"}
[2025-11-14T14:44:52.509Z] [INFO] [message] Mensaje received {"user":"status@broadcast","message":"","type":"received"}
[2025-11-14T14:45:05.662Z] [INFO] [message] Mensaje received {"user":"status@broadcast","message":"","type":"received"}
[2025-11-14T14:45:06.998Z] [INFO] [message] Mensaje received {"user":"status@broadcast","message":"","type":"received"}
[2025-11-14T14:45:08.478Z] [INFO] [message] Mensaje received {"user":"status@broadcast","message":"","type":"received"}
[2025-11-14T14:45:10.509Z] [INFO] [message] Mensaje received {"user":"status@broadcast","message":"","type":"received"}
[2025-11-14T14:45:11.558Z] [INFO] [message] Mensaje received {"user":"status@broadcast","message":"","type":"received"}
[2025-11-14T14:45:12.379Z] [INFO] [message] Mensaje received {"user":"status@broadcast","message":"","type":"received"}
[2025-11-14T14:45:13.138Z] [INFO] [message] Mensaje received {"user":"status@broadcast","message":"","type":"received"}
[2025-11-14T14:45:13.959Z] [INFO] [message] Mensaje received {"user":"status@broadcast","message":"","type":"received"}
[2025-11-14T14:45:20.588Z] [INFO] [message] Mensaje received {"user":"status@broadcast","message":"","type":"received"}
[2025-11-14T14:45:22.009Z] [INFO] [message] Mensaje received {"user":"status@broadcast","message":"","type":"received"}
[2025-11-14T14:45:24.131Z] [INFO] [message] Mensaje received {"user":"status@broadcast","message":"","type":"received"}
[2025-11-14T14:45:25.902Z] [INFO] [message] Mensaje received {"user":"status@broadcast","message":"","type":"received"}
[2025-11-14T14:45:28.160Z] [INFO] [message] Mensaje received {"user":"status@broadcast","message":"","type":"received"}
[2025-11-14T14:45:28.945Z] [INFO] [message] Mensaje received {"user":"status@broadcast","message":"","type":"received"}
[2025-11-14T14:45:29.987Z] [INFO] [message] Mensaje received {"user":"status@broadcast","message":"","type":"received"}
[2025-11-14T14:45:30.879Z] [INFO] [message] Mensaje received {"user":"status@broadcast","message":"","type":"received"}
[2025-11-14T14:45:31.828Z] [INFO] [message] Mensaje received {"user":"status@broadcast","message":"","type":"received"}
[2025-11-14T14:45:34.844Z] [INFO] [message] Mensaje received {"user":"status@broadcast","message":"","type":"received"}
[2025-11-14T14:51:47.103Z] [INFO] [message] Mensaje received {"user":"status@broadcast","message":"","type":"received"}
[2025-11-14T15:07:31.510Z] [INFO] [message] Mensaje received {"user":"status@broadcast","message":"","type":"received"}
[2025-11-14T15:08:12.644Z] [INFO] [message] Mensaje received {"user":"status@broadcast","message":"","type":"received"}
[2025-11-14T15:39:33.965Z] [INFO] [system] Rotación de logs programada cada 24 horas 
[2025-11-14T15:39:34.098Z] [INFO] [system] Iniciando bot de WhatsApp... 
[2025-11-14T15:39:34.102Z] [INFO] [session] Sesión activa encontrada, manteniendo... 
[2025-11-14T15:39:34.205Z] [INFO] [system] Usando Baileys version: 2.3000.1027934701 
[2025-11-14T15:39:34.217Z] [INFO] [session] Estado de conexión: connecting {"status":"connecting","qr":false}
[2025-11-14T15:39:35.469Z] [INFO] [session] Estado de conexión: connecting... {"qr":false}
[2025-11-14T15:39:35.470Z] [INFO] [session] Estado de conexión: open {"status":"open","qr":false}
[2025-11-14T15:39:35.470Z] [SUCCESS] [session] Conexión exitosa a WhatsApp {"user":"Untrue","id":"584120614314:32@s.whatsapp.net"}
[2025-11-14T15:39:35.589Z] [INFO] [message] Mensaje received {"user":"status@broadcast","message":"","type":"received"}
[2025-11-14T15:39:35.589Z] [INFO] [session] Estado de conexión: connecting... {"qr":false}
[2025-11-14T15:39:35.625Z] [INFO] [message] Mensaje received {"user":"status@broadcast","message":"","type":"received"}
[2025-11-14T15:40:03.973Z] [INFO] [logrotate] 🚀 Iniciando rotación automática de logs... 
[2025-11-14T15:40:03.974Z] [DEBUG] [logrotate] Rotación: No se encontraron archivos para eliminar 
[2025-11-14T15:40:03.979Z] [INFO] [logrotate] Reporte de almacenamiento {"totalFiles":35,"totalSize":664463,"totalSizeMB":"0.63","logFiles":35,"backupFiles":0}
[2025-11-14T15:40:03.979Z] [INFO] [logrotate] ✅ Rotación completada en 6ms {"duration":6,"report":{"totalFiles":35,"totalSize":664463,"totalSizeMB":"0.63","logFiles":35,"backupFiles":0}}
[2025-11-14T15:40:06.715Z] [INFO] [message] Mensaje received {"user":"status@broadcast","message":"","type":"received"}
[2025-11-14T15:40:12.886Z] [INFO] [message] Mensaje received {"user":"120363387470929207@g.us","message":"#ping","type":"received"}
[2025-11-14T15:40:15.315Z] [SUCCESS] [command] Comando ejecutado: ping {"user":"120363387470929207@g.us","command":"ping","args":[],"success":true,"result":null}
[2025-11-14T15:40:20.091Z] [INFO] [message] Mensaje received {"user":"120363387470929207@g.us","message":"#ping","type":"received"}
[2025-11-14T15:40:20.663Z] [SUCCESS] [command] Comando ejecutado: ping {"user":"120363387470929207@g.us","command":"ping","args":[],"success":true,"result":null}
[2025-11-14T15:40:31.154Z] [INFO] [message] Mensaje received {"user":"120363387470929207@g.us","message":"#reel https://www.instagram.com/reel/DObRTvPEXqU/?igsh=dHJscGM1cjV5amJs","type":"received"}
[2025-11-14T15:40:47.113Z] [SUCCESS] [command] Comando ejecutado: reel {"user":"120363387470929207@g.us","command":"reel","args":["https://www.instagram.com/reel/DObRTvPEXqU/?igsh=dHJscGM1cjV5amJs"],"success":true,"result":null}
[2025-11-14T15:40:56.306Z] [INFO] [message] Mensaje received {"user":"120363387470929207@g.us","message":"","type":"received"}
[2025-11-14T15:40:56.637Z] [INFO] [message] Mensaje received {"user":"120363387470929207@g.us","message":"","type":"received"}
[2025-11-14T15:41:11.253Z] [INFO] [message] Mensaje received {"user":"120363387470929207@g.us","message":"#reel https://www.instagram.com/reel/DObRTvPEXqU/?igsh=dHJscGM1cjV5amJs","type":"received"}
[2025-11-14T15:41:29.943Z] [SUCCESS] [command] Comando ejecutado: reel {"user":"120363387470929207@g.us","command":"reel","args":["https://www.instagram.com/reel/DObRTvPEXqU/?igsh=dHJscGM1cjV5amJs"],"success":true,"result":null}
[2025-11-14T15:41:34.848Z] [INFO] [message] Mensaje received {"user":"120363387470929207@g.us","message":"MALDITA LUZ HIJUEPUTA","type":"received"}
[2025-11-14T15:41:45.148Z] [INFO] [message] Mensaje received {"user":"120363387470929207@g.us","message":"me va a quemar la computadora","type":"received"}
[2025-11-14T15:42:04.074Z] [INFO] [message] Mensaje received {"user":"120363387470929207@g.us","message":"","type":"received"}
[2025-11-14T15:42:14.122Z] [INFO] [message] Mensaje received {"user":"120363387470929207@g.us","message":"Que maldito temazo","type":"received"}
[2025-11-14T15:42:14.196Z] [INFO] [message] Mensaje received {"user":"status@broadcast","message":"","type":"received"}
[2025-11-14T15:42:14.286Z] [INFO] [message] Mensaje received {"user":"120363387470929207@g.us","message":"","type":"received"}
[2025-11-14T15:42:15.247Z] [INFO] [message] Mensaje received {"user":"120363387470929207@g.us","message":"Su papá es chavista que se queja","type":"received"}
[2025-11-14T15:42:25.379Z] [INFO] [message] Mensaje received {"user":"120363387470929207@g.us","message":"Que tenia q ver","type":"received"}
[2025-11-14T15:42:27.679Z] [INFO] [message] Mensaje received {"user":"120363387470929207@g.us","message":"JAJSKAKSAKSK","type":"received"}
[2025-11-14T15:42:30.908Z] [INFO] [message] Mensaje received {"user":"120363387470929207@g.us","message":"","type":"received"}
[2025-11-14T15:42:42.959Z] [INFO] [message] Mensaje received {"user":"120363387470929207@g.us","message":"es q había q decir algo pa no dejarme hablando solito","type":"received"}
[2025-11-14T15:42:46.767Z] [INFO] [message] Mensaje received {"user":"120363387470929207@g.us","message":"","type":"received"}
[2025-11-14T15:42:47.877Z] [INFO] [message] Mensaje received {"user":"120363387470929207@g.us","message":"","type":"received"}
[2025-11-14T15:43:11.280Z] [INFO] [message] Mensaje received {"user":"120363387470929207@g.us","message":"","type":"received"}
[2025-11-14T15:43:14.060Z] [INFO] [message] Mensaje received {"user":"120363387470929207@g.us","message":"#smedia","type":"received"}
[2025-11-14T15:43:16.344Z] [SUCCESS] [command] Comando ejecutado: smedia {"user":"120363387470929207@g.us","command":"smedia","args":[],"success":true,"result":null}
[2025-11-14T15:43:30.195Z] [INFO] [message] Mensaje received {"user":"120363387470929207@g.us","message":"","type":"received"}
[2025-11-14T15:43:43.757Z] [INFO] [message] Mensaje received {"user":"120363387470929207@g.us","message":"","type":"received"}
[2025-11-14T15:44:12.648Z] [INFO] [message] Mensaje received {"user":"120363160616746507@g.us","message":"#ping","type":"received"}
[2025-11-14T15:44:13.535Z] [SUCCESS] [command] Comando ejecutado: ping {"user":"120363160616746507@g.us","command":"ping","args":[],"success":true,"result":null}
[2025-11-14T15:44:20.923Z] [INFO] [message] Mensaje received {"user":"30837949124772@lid","message":"#ping","type":"received"}
[2025-11-14T15:44:21.846Z] [SUCCESS] [command] Comando ejecutado: ping {"user":"30837949124772@lid","command":"ping","args":[],"success":true,"result":null}
[2025-11-14T15:44:22.426Z] [INFO] [message] Mensaje received {"user":"30837949124772@lid","message":"#ping","type":"received"}
[2025-11-14T15:44:23.460Z] [SUCCESS] [command] Comando ejecutado: ping {"user":"30837949124772@lid","command":"ping","args":[],"success":true,"result":null}
[2025-11-14T15:44:24.183Z] [INFO] [message] Mensaje received {"user":"30837949124772@lid","message":"#ping","type":"received"}
[2025-11-14T15:44:25.440Z] [SUCCESS] [command] Comando ejecutado: ping {"user":"30837949124772@lid","command":"ping","args":[],"success":true,"result":null}
[2025-11-14T15:45:03.090Z] [INFO] [message] Mensaje received {"user":"120363387470929207@g.us","message":"temazo este","type":"received"}
[2025-11-14T15:45:09.738Z] [INFO] [message] Mensaje received {"user":"120363387470929207@g.us","message":"#ytaud mevadoler riosse","type":"received"}
[2025-11-14T15:45:09.739Z] [INFO] [message] Mensaje received {"user":"120363387470929207@g.us","message":"#ytaudio mevadoler riosse","type":"received"}
[2025-11-14T15:45:21.763Z] [INFO] [message] Mensaje received {"user":"120363387470929207@g.us","message":"Ya lo escuché","type":"received"}
[2025-11-14T15:45:26.665Z] [INFO] [message] Mensaje received {"user":"120363387470929207@g.us","message":"","type":"received"}
[2025-11-14T15:45:29.341Z] [SUCCESS] [command] Comando ejecutado: ytaudio {"user":"120363387470929207@g.us","command":"ytaudio","args":["mevadoler","riosse"],"success":true,"result":{"type":"audio"}}
[2025-11-14T15:45:29.342Z] [INFO] [session] Estado de conexión: connecting... {"qr":false}
[2025-11-14T15:45:29.343Z] [SUCCESS] [command] Comando ejecutado: ytaud {"user":"120363387470929207@g.us","command":"ytaud","args":["mevadoler","riosse"],"success":true,"result":null}
[2025-11-14T15:45:34.573Z] [INFO] [message] Mensaje received {"user":"120363387470929207@g.us","message":"","type":"received"}
[2025-11-14T15:46:02.189Z] [INFO] [message] Mensaje received {"user":"120363387470929207@g.us","message":"pero no está en spotify","type":"received"}
[2025-11-14T15:46:09.162Z] [INFO] [message] Mensaje received {"user":"120363387470929207@g.us","message":"a uste le sale?","type":"received"}
[2025-11-14T15:46:14.368Z] [INFO] [message] Mensaje received {"user":"120363387470929207@g.us","message":"no","type":"received"}
[2025-11-14T15:46:17.702Z] [INFO] [message] Mensaje received {"user":"120363387470929207@g.us","message":"Pero lo escuché ya","type":"received"}
[2025-11-14T15:46:21.308Z] [INFO] [message] Mensaje received {"user":"120363387470929207@g.us","message":"","type":"received"}
[2025-11-14T15:46:26.905Z] [INFO] [message] Mensaje received {"user":"120363387470929207@g.us","message":"","type":"received"}
[2025-11-14T15:47:42.284Z] [INFO] [message] Mensaje received {"user":"120363387470929207@g.us","message":"na sea ni tan marico","type":"received"}
[2025-11-14T15:47:44.770Z] [INFO] [message] Mensaje received {"user":"120363387470929207@g.us","message":"maldita luz","type":"received"}
[2025-11-14T15:47:51.430Z] [INFO] [message] Mensaje received {"user":"120363387470929207@g.us","message":"","type":"received"}
[2025-11-14T15:47:56.450Z] [INFO] [message] Mensaje received {"user":"120363387470929207@g.us","message":"","type":"received"}
[2025-11-14T15:48:41.229Z] [INFO] [message] Mensaje received {"user":"120363387470929207@g.us","message":"El europeo de el dojo soy yo\nEl partido contra usa de Carlitos arroyo","type":"received"}
[2025-11-14T15:48:51.565Z] [INFO] [message] Mensaje received {"user":"120363387470929207@g.us","message":"","type":"received"}
[2025-11-14T15:49:45.199Z] [INFO] [message] Mensaje received {"user":"120363387470929207@g.us","message":"#ping","type":"received"}
[2025-11-14T15:49:45.752Z] [SUCCESS] [command] Comando ejecutado: ping {"user":"120363387470929207@g.us","command":"ping","args":[],"success":true,"result":null}
[2025-11-14T15:50:45.331Z] [INFO] [message] Mensaje received {"user":"status@broadcast","message":"","type":"received"}
[2025-11-14T15:51:35.569Z] [INFO] [message] Mensaje received {"user":"status@broadcast","message":"","type":"received"}
[2025-11-14T15:53:16.768Z] [INFO] [message] Mensaje received {"user":"status@broadcast","message":"","type":"received"}
[2025-11-14T15:53:27.596Z] [INFO] [message] Mensaje received {"user":"status@broadcast","message":"","type":"received"}
[2025-11-14T15:53:34.672Z] [INFO] [message] Mensaje received {"user":"status@broadcast","message":"","type":"received"}
[2025-11-14T17:21:57.207Z] [INFO] [system] Rotación de logs programada cada 24 horas 
[2025-11-14T17:21:57.351Z] [INFO] [system] Iniciando bot de WhatsApp... 
[2025-11-14T17:21:57.355Z] [INFO] [session] Sesión activa encontrada, manteniendo... 
[2025-11-14T17:21:57.434Z] [INFO] [system] Usando Baileys version: 2.3000.1027934701 
[2025-11-14T17:21:57.450Z] [INFO] [session] Estado de conexión: connecting {"status":"connecting","qr":false}
[2025-11-14T17:21:58.189Z] [INFO] [message] Mensaje received {"user":"30837949124772@lid","message":"#ping","type":"received"}
[2025-11-14T17:21:58.190Z] [INFO] [session] Estado de conexión: connecting... {"qr":false}
[2025-11-14T17:21:58.193Z] [INFO] [session] Estado de conexión: connecting... {"qr":false}
[2025-11-14T17:21:58.193Z] [INFO] [session] Estado de conexión: open {"status":"open","qr":false}
[2025-11-14T17:21:58.193Z] [SUCCESS] [session] Conexión exitosa a WhatsApp {"user":"Untrue","id":"584120614314:32@s.whatsapp.net"}
[2025-11-14T17:21:59.345Z] [INFO] [message] Mensaje received {"user":"status@broadcast","message":"Formación permanente \nDerecho Especial ( Educación Ambiental)","type":"received"}
[2025-11-14T17:21:59.590Z] [SUCCESS] [command] Comando ejecutado: ping {"user":"30837949124772@lid","command":"ping","args":[],"success":true,"result":null}
[2025-11-14T17:22:00.097Z] [INFO] [message] Mensaje received {"user":"status@broadcast","message":"","type":"received"}
[2025-11-14T17:22:05.063Z] [INFO] [message] Mensaje received {"user":"120363160616746507@g.us","message":"nada nada la mierda mala es mala","type":"received"}
[2025-11-14T17:22:05.162Z] [INFO] [message] Mensaje received {"user":"120363160616746507@g.us","message":"como reciclar prácticamente","type":"received"}
[2025-11-14T17:22:22.608Z] [INFO] [message] Mensaje received {"user":"120363160616746507@g.us","message":"#ping","type":"received"}
[2025-11-14T17:22:23.034Z] [SUCCESS] [command] Comando ejecutado: ping {"user":"120363160616746507@g.us","command":"ping","args":[],"success":true,"result":null}
[2025-11-14T17:22:27.209Z] [INFO] [logrotate] 🚀 Iniciando rotación automática de logs... 
[2025-11-14T17:22:27.211Z] [DEBUG] [logrotate] Rotación: No se encontraron archivos para eliminar 
[2025-11-14T17:22:27.219Z] [INFO] [logrotate] Reporte de almacenamiento {"totalFiles":35,"totalSize":682656,"totalSizeMB":"0.65","logFiles":35,"backupFiles":0}
[2025-11-14T17:22:27.219Z] [INFO] [logrotate] ✅ Rotación completada en 9ms {"duration":9,"report":{"totalFiles":35,"totalSize":682656,"totalSizeMB":"0.65","logFiles":35,"backupFiles":0}}
[2025-11-14T17:23:36.925Z] [INFO] [message] Mensaje received {"user":"120363160616746507@g.us","message":"disco ahora o q","type":"received"}
[2025-11-14T17:23:37.699Z] [INFO] [message] Mensaje received {"user":"120363160616746507@g.us","message":"habla","type":"received"}
[2025-11-14T17:24:54.938Z] [INFO] [message] Mensaje received {"user":"120363160616746507@g.us","message":"cual","type":"received"}
[2025-11-14T17:28:00.550Z] [INFO] [message] Mensaje received {"user":"120363160616746507@g.us","message":"toxicity","type":"received"}
[2025-11-14T17:28:19.934Z] [INFO] [message] Mensaje received {"user":"120363160616746507@g.us","message":"","type":"received"}
[2025-11-14T17:28:44.268Z] [INFO] [message] Mensaje received {"user":"120363160616746507@g.us","message":"","type":"received"}
[2025-11-14T17:33:54.689Z] [INFO] [message] Mensaje received {"user":"120363160616746507@g.us","message":"no","type":"received"}
[2025-11-14T17:33:59.324Z] [INFO] [message] Mensaje received {"user":"120363160616746507@g.us","message":"uno bueno","type":"received"}
[2025-11-14T17:34:02.578Z] [INFO] [message] Mensaje received {"user":"120363160616746507@g.us","message":"","type":"received"}
[2025-11-14T18:05:00.595Z] [INFO] [message] Mensaje received {"user":"status@broadcast","message":"","type":"received"}
[2025-11-14T18:08:41.544Z] [INFO] [message] Mensaje received {"user":"120363160616746507@g.us","message":"","type":"received"}
[2025-11-14T18:18:02.287Z] [INFO] [message] Mensaje received {"user":"status@broadcast","message":"*Disponibles por encargo*","type":"received"}
[2025-11-14T18:18:06.574Z] [INFO] [message] Mensaje received {"user":"status@broadcast","message":"","type":"received"}
[2025-11-14T18:18:06.813Z] [INFO] [message] Mensaje received {"user":"status@broadcast","message":"","type":"received"}
[2025-11-14T18:18:07.064Z] [INFO] [message] Mensaje received {"user":"status@broadcast","message":"","type":"received"}
[2025-11-14T18:18:19.179Z] [INFO] [message] Mensaje received {"user":"120363160616746507@g.us","message":"","type":"received"}
[2025-11-14T18:18:21.211Z] [INFO] [message] Mensaje received {"user":"120363160616746507@g.us","message":"","type":"received"}
[2025-11-14T18:18:37.609Z] [INFO] [message] Mensaje received {"user":"30837949124772@lid","message":"","type":"received"}
[2025-11-14T18:18:38.752Z] [INFO] [message] Mensaje received {"user":"120363160616746507@g.us","message":"","type":"received"}
[2025-11-14T18:18:39.472Z] [INFO] [message] Mensaje received {"user":"120363160616746507@g.us","message":"","type":"received"}
[2025-11-14T18:18:39.673Z] [INFO] [message] Mensaje received {"user":"30837949124772@lid","message":"#smedia","type":"received"}
[2025-11-14T18:19:13.417Z] [SUCCESS] [command] Comando ejecutado: smedia {"user":"30837949124772@lid","command":"smedia","args":[],"success":true,"result":null}
[2025-11-14T18:19:24.344Z] [INFO] [message] Mensaje received {"user":"120363160616746507@g.us","message":"#smedia","type":"received"}
[2025-11-14T18:19:55.860Z] [SUCCESS] [command] Comando ejecutado: smedia {"user":"120363160616746507@g.us","command":"smedia","args":[],"success":true,"result":null}
[2025-11-14T18:20:31.919Z] [INFO] [message] Mensaje received {"user":"120363160616746507@g.us","message":"Bieen","type":"received"}
[2025-11-14T18:23:51.055Z] [INFO] [message] Mensaje received {"user":"status@broadcast","message":"Atepe atepe","type":"received"}
[2025-11-14T18:31:10.257Z] [INFO] [message] Mensaje received {"user":"120363160616746507@g.us","message":"o sea q ya puedo hacer esto","type":"received"}
[2025-11-14T18:31:16.784Z] [INFO] [message] Mensaje received {"user":"120363160616746507@g.us","message":"","type":"received"}
[2025-11-14T18:31:21.549Z] [INFO] [message] Mensaje received {"user":"120363160616746507@g.us","message":"#smedia","type":"received"}
[2025-11-14T18:31:37.007Z] [SUCCESS] [command] Comando ejecutado: smedia {"user":"120363160616746507@g.us","command":"smedia","args":[],"success":true,"result":null}
[2025-11-14T18:31:38.593Z] [INFO] [message] Mensaje received {"user":"120363160616746507@g.us","message":"JAJAJJAJAJAJAJAJAJ","type":"received"}
[2025-11-14T18:31:55.947Z] [INFO] [message] Mensaje received {"user":"120363160616746507@g.us","message":"10 jun","type":"received"}
[2025-11-14T18:32:01.630Z] [INFO] [message] Mensaje received {"user":"120363160616746507@g.us","message":"pq no se escuchan los gemidos bro","type":"received"}
[2025-11-14T18:32:07.799Z] [INFO] [message] Mensaje received {"user":"120363160616746507@g.us","message":"","type":"received"}
[2025-11-14T18:35:16.436Z] [INFO] [message] Mensaje received {"user":"120363160616746507@g.us","message":"","type":"received"}
[2025-11-14T18:36:28.186Z] [INFO] [message] Mensaje received {"user":"120363160616746507@g.us","message":"","type":"received"}
[2025-11-14T18:36:30.025Z] [INFO] [message] Mensaje received {"user":"120363160616746507@g.us","message":"let me hear both sides","type":"received"}
[2025-11-14T18:36:45.743Z] [INFO] [message] Mensaje received {"user":"120363160616746507@g.us","message":"this is really happening","type":"received"}
[2025-11-14T18:36:49.534Z] [INFO] [message] Mensaje received {"user":"120363160616746507@g.us","message":"el mejor disco de en vivos","type":"received"}
[2025-11-14T18:37:00.440Z] [INFO] [message] Mensaje received {"user":"120363160616746507@g.us","message":"na","type":"received"}
[2025-11-14T18:37:02.905Z] [INFO] [message] Mensaje received {"user":"120363160616746507@g.us","message":"el mejor es este","type":"received"}
[2025-11-14T18:37:20.637Z] [INFO] [message] Mensaje received {"user":"120363160616746507@g.us","message":"apenas he escuchado ese y el de nirvana 🦸‍♂️","type":"received"}
[2025-11-14T18:40:33.481Z] [INFO] [message] Mensaje received {"user":"120363160616746507@g.us","message":"","type":"received"}
[2025-11-14T18:40:44.956Z] [INFO] [message] Mensaje received {"user":"120363160616746507@g.us","message":"tengo q escuchar el de Fishmans","type":"received"}
[2025-11-14T18:40:49.466Z] [INFO] [message] Mensaje received {"user":"120363160616746507@g.us","message":"dicen q es arrechisimo","type":"received"}
[2025-11-14T18:42:33.371Z] [INFO] [message] Mensaje received {"user":"status@broadcast","message":"","type":"received"}
[2025-11-14T18:50:10.124Z] [INFO] [message] Mensaje received {"user":"120363160616746507@g.us","message":"","type":"received"}
[2025-11-14T18:54:23.758Z] [INFO] [message] Mensaje received {"user":"status@broadcast","message":"","type":"received"}
[2025-11-14T18:54:58.059Z] [INFO] [message] Mensaje received {"user":"120363160616746507@g.us","message":"","type":"received"}
[2025-11-14T18:55:22.488Z] [INFO] [message] Mensaje received {"user":"120363160616746507@g.us","message":"","type":"received"}
[2025-11-14T18:55:38.265Z] [INFO] [message] Mensaje received {"user":"120363160616746507@g.us","message":"","type":"received"}
[2025-11-14T18:57:50.777Z] [INFO] [message] Mensaje received {"user":"120363160616746507@g.us","message":"your tiny haaaands","type":"received"}
[2025-11-14T18:57:58.749Z] [INFO] [message] Mensaje received {"user":"120363160616746507@g.us","message":"your crazy kitten smiiiiiile","type":"received"}
[2025-11-14T18:58:02.996Z] [INFO] [message] Mensaje received {"user":"120363160616746507@g.us","message":"JUUUUUUUUUUUUUUUUUUST","type":"received"}
[2025-11-14T18:58:08.790Z] [INFO] [message] Mensaje received {"user":"120363160616746507@g.us","message":"DOOOOOOONT LEAAAAAAAAAAAVE","type":"received"}
[2025-11-14T18:58:14.257Z] [INFO] [message] Mensaje received {"user":"120363160616746507@g.us","message":"DOOOOOOONT LEAAAAAAVE","type":"received"}
[2025-11-14T18:58:18.420Z] [INFO] [message] Mensaje received {"user":"status@broadcast","message":"Manos de señora casada, elegante, trabajadora y con billete…… 🤎✨","type":"received"}
[2025-11-14T18:59:02.771Z] [INFO] [message] Mensaje received {"user":"120363160616746507@g.us","message":"hoy o q","type":"received"}
[2025-11-14T18:59:20.128Z] [INFO] [message] Mensaje received {"user":"120363160616746507@g.us","message":"avisa pa descargarlo temprano","type":"received"}
[2025-11-14T19:00:58.719Z] [INFO] [message] Mensaje received {"user":"120363160616746507@g.us","message":"descargalo bro","type":"received"}
[2025-11-14T19:01:29.677Z] [INFO] [message] Mensaje received {"user":"120363160616746507@g.us","message":"ajá","type":"received"}
[2025-11-14T19:04:23.041Z] [INFO] [message] Mensaje received {"user":"120363160616746507@g.us","message":"","type":"received"}
[2025-11-14T19:04:33.453Z] [INFO] [message] Mensaje received {"user":"120363160616746507@g.us","message":"","type":"received"}
[2025-11-14T19:06:46.597Z] [INFO] [message] Mensaje received {"user":"30837949124772@lid","message":"#ping","type":"received"}
[2025-11-14T19:06:46.838Z] [SUCCESS] [command] Comando ejecutado: ping {"user":"30837949124772@lid","command":"ping","args":[],"success":true,"result":null}
[2025-11-14T19:11:16.876Z] [INFO] [message] Mensaje received {"user":"status@broadcast","message":"","type":"received"}
[2025-11-14T19:11:26.171Z] [INFO] [message] Mensaje received {"user":"status@broadcast","message":"","type":"received"}
[2025-11-14T19:11:28.537Z] [INFO] [message] Mensaje received {"user":"status@broadcast","message":"","type":"received"}
[2025-11-14T19:13:20.963Z] [INFO] [message] Mensaje received {"user":"120363160616746507@g.us","message":"","type":"received"}
[2025-11-14T19:13:22.670Z] [INFO] [message] Mensaje received {"user":"120363160616746507@g.us","message":"buff","type":"received"}
[2025-11-14T19:13:30.474Z] [INFO] [message] Mensaje received {"user":"120363160616746507@g.us","message":"los beats no fallan","type":"received"}
[2025-11-14T19:17:11.623Z] [INFO] [message] Mensaje received {"user":"120363160616746507@g.us","message":"Pa ese esq voy","type":"received"}
[2025-11-14T19:22:24.544Z] [INFO] [message] Mensaje received {"user":"120363160616746507@g.us","message":"","type":"received"}
[2025-11-14T19:22:58.998Z] [INFO] [message] Mensaje received {"user":"120363160616746507@g.us","message":"feid rompe","type":"received"}
[2025-11-14T19:25:42.362Z] [INFO] [message] Mensaje received {"user":"120363160616746507@g.us","message":"","type":"received"}
[2025-11-14T19:25:46.934Z] [INFO] [message] Mensaje received {"user":"120363160616746507@g.us","message":"@30837949124772","type":"received"}
[2025-11-14T19:25:49.357Z] [INFO] [message] Mensaje received {"user":"120363160616746507@g.us","message":"en el tema con feid supa rima arrecho","type":"received"}
[2025-11-14T19:25:56.020Z] [INFO] [message] Mensaje received {"user":"120363160616746507@g.us","message":"sisa","type":"received"}
[2025-11-14T19:26:05.127Z] [INFO] [message] Mensaje received {"user":"120363160616746507@g.us","message":"","type":"received"}
[2025-11-14T19:26:35.704Z] [INFO] [message] Mensaje received {"user":"120363160616746507@g.us","message":".","type":"received"}
[2025-11-14T19:26:35.797Z] [INFO] [message] Mensaje received {"user":"120363160616746507@g.us","message":"mantengo el sueño vivo y tu soñando","type":"received"}
[2025-11-14T19:26:43.092Z] [INFO] [message] Mensaje received {"user":"120363160616746507@g.us","message":"","type":"received"}
[2025-11-14T19:27:07.306Z] [INFO] [message] Mensaje received {"user":"120363160616746507@g.us","message":"quien es","type":"received"}
[2025-11-14T19:27:17.271Z] [INFO] [message] Mensaje received {"user":"120363160616746507@g.us","message":"diganle a esa gente q me siga","type":"received"}
[2025-11-14T19:27:28.560Z] [INFO] [message] Mensaje received {"user":"120363160616746507@g.us","message":"aqui la gente no usa airbuds","type":"received"}
[2025-11-14T19:27:37.311Z] [INFO] [message] Mensaje received {"user":"120363160616746507@g.us","message":"y como lo siguió o q","type":"received"}
[2025-11-14T19:27:47.730Z] [INFO] [message] Mensaje received {"user":"120363160616746507@g.us","message":"Ni idea","type":"received"}
[2025-11-14T19:27:51.361Z] [INFO] [message] Mensaje received {"user":"120363160616746507@g.us","message":"si lo descubrieran se emocionarian pero no tan pendiente de esl","type":"received"}
[2025-11-14T19:27:54.681Z] [INFO] [message] Mensaje received {"user":"120363160616746507@g.us","message":"Entre y vi q tenía solicitud d ella","type":"received"}
[2025-11-14T19:27:57.957Z] [INFO] [message] Mensaje received {"user":"120363160616746507@g.us","message":"puro friki","type":"received"}
[2025-11-14T19:28:07.260Z] [INFO] [message] Mensaje received {"user":"120363160616746507@g.us","message":"","type":"received"}
[2025-11-14T19:28:14.010Z] [INFO] [message] Mensaje received {"user":"120363160616746507@g.us","message":"","type":"received"}
[2025-11-14T19:28:18.147Z] [INFO] [message] Mensaje received {"user":"120363160616746507@g.us","message":"","type":"received"}
[2025-11-14T19:28:20.375Z] [INFO] [message] Mensaje received {"user":"120363160616746507@g.us","message":"allá pura red social de esa normie q sale un mes y luego no la usan más","type":"received"}
[2025-11-14T19:28:22.079Z] [INFO] [message] Mensaje received {"user":"120363160616746507@g.us","message":"","type":"received"}
[2025-11-14T19:28:44.980Z] [INFO] [message] Mensaje received {"user":"120363160616746507@g.us","message":"lince arrechisimo","type":"received"}
[2025-11-14T19:29:06.665Z] [INFO] [message] Mensaje received {"user":"120363160616746507@g.us","message":"","type":"received"}
[2025-11-14T19:29:22.720Z] [INFO] [message] Mensaje received {"user":"120363160616746507@g.us","message":"","type":"received"}
[2025-11-14T19:29:26.867Z] [INFO] [message] Mensaje received {"user":"120363160616746507@g.us","message":"","type":"received"}
[2025-11-14T19:29:40.853Z] [INFO] [message] Mensaje received {"user":"120363160616746507@g.us","message":"","type":"received"}
[2025-11-14T19:29:47.098Z] [INFO] [message] Mensaje received {"user":"120363160616746507@g.us","message":"","type":"received"}
[2025-11-14T19:29:48.861Z] [INFO] [message] Mensaje received {"user":"120363160616746507@g.us","message":"mmgvo uste entra en amigos y ahí le recomienda personas","type":"received"}
[2025-11-14T19:29:58.376Z] [INFO] [message] Mensaje received {"user":"120363160616746507@g.us","message":"como grindr pues","type":"received"}
[2025-11-14T19:30:03.087Z] [INFO] [message] Mensaje received {"user":"120363160616746507@g.us","message":"","type":"received"}
[2025-11-14T19:30:13.413Z] [INFO] [message] Mensaje received {"user":"120363160616746507@g.us","message":"aaaaaaa me hubiera dicho bobo","type":"received"}
[2025-11-14T19:30:18.138Z] [INFO] [message] Mensaje received {"user":"120363160616746507@g.us","message":"","type":"received"}
[2025-11-14T19:30:31.330Z] [INFO] [message] Mensaje received {"user":"120363160616746507@g.us","message":"","type":"received"}
[2025-11-14T19:30:57.273Z] [INFO] [message] Mensaje received {"user":"120363160616746507@g.us","message":"no se sabe cuando te toque partir 💆🏿‍♂️","type":"received"}
[2025-11-14T19:31:05.310Z] [INFO] [message] Mensaje received {"user":"120363160616746507@g.us","message":"pura referencia este bicho","type":"received"}
[2025-11-14T19:31:57.250Z] [INFO] [message] Mensaje received {"user":"120363160616746507@g.us","message":"bro se autoreferencia 🦸‍♂️","type":"received"}
[2025-11-14T19:31:58.239Z] [INFO] [message] Mensaje received {"user":"120363160616746507@g.us","message":"sebasgatito","type":"received"}
[2025-11-14T19:32:30.172Z] [INFO] [message] Mensaje received {"user":"120363160616746507@g.us","message":"mujeres bro... a los hombres ya les mande la solicitud","type":"received"}
[2025-11-14T19:32:58.861Z] [INFO] [message] Mensaje received {"user":"120363160616746507@g.us","message":"tiene q darle todos","type":"received"}
[2025-11-14T19:33:04.584Z] [INFO] [message] Mensaje received {"user":"120363160616746507@g.us","message":"pa q ninguno lo acepte igual","type":"received"}
[2025-11-14T19:33:07.086Z] [INFO] [message] Mensaje received {"user":"120363160616746507@g.us","message":"pero le da pues","type":"received"}
[2025-11-14T19:33:11.724Z] [INFO] [message] Mensaje received {"user":"120363160616746507@g.us","message":"","type":"received"}
[2025-11-14T19:33:42.643Z] [INFO] [message] Mensaje received {"user":"120363160616746507@g.us","message":"","type":"received"}
[2025-11-14T19:33:50.000Z] [INFO] [message] Mensaje received {"user":"120363160616746507@g.us","message":"","type":"received"}
[2025-11-14T19:34:33.190Z] [INFO] [message] Mensaje received {"user":"120363160616746507@g.us","message":"","type":"received"}
[2025-11-14T19:35:35.407Z] [INFO] [message] Mensaje received {"user":"120363160616746507@g.us","message":"veneno temazo","type":"received"}
[2025-11-14T19:36:08.959Z] [INFO] [message] Mensaje received {"user":"120363160616746507@g.us","message":"pero abusa de referencias","type":"received"}
[2025-11-14T19:36:11.623Z] [INFO] [message] Mensaje received {"user":"120363160616746507@g.us","message":"kike","type":"received"}
[2025-11-14T19:36:31.710Z] [INFO] [message] Mensaje received {"user":"120363160616746507@g.us","message":"q escucha zoe?","type":"received"}
[2025-11-14T19:36:33.775Z] [INFO] [message] Mensaje received {"user":"120363160616746507@g.us","message":"habla","type":"received"}
[2025-11-14T19:36:37.519Z] [INFO] [message] Mensaje received {"user":"120363160616746507@g.us","message":"quien es esa gente","type":"received"}
[2025-11-14T19:36:37.787Z] [INFO] [message] Mensaje received {"user":"120363160616746507@g.us","message":"tarantino nanana asesino nanana de niro","type":"received"}
[2025-11-14T19:36:42.871Z] [INFO] [message] Mensaje received {"user":"120363160616746507@g.us","message":"son de socopo?","type":"received"}
[2025-11-14T19:36:43.810Z] [INFO] [message] Mensaje received {"user":"120363160616746507@g.us","message":"cual es esa","type":"received"}
[2025-11-14T19:36:50.811Z] [INFO] [message] Mensaje received {"user":"120363160616746507@g.us","message":"ninguno son de socopó JAJAJAJ","type":"received"}
[2025-11-14T19:36:56.723Z] [INFO] [message] Mensaje received {"user":"120363160616746507@g.us","message":"sapegato","type":"received"}
[2025-11-14T19:36:56.734Z] [INFO] [message] Mensaje received {"user":"120363160616746507@g.us","message":"es","type":"received"}
[2025-11-14T19:37:09.758Z] [INFO] [message] Mensaje received {"user":"120363160616746507@g.us","message":"jajajjj","type":"received"}
[2025-11-14T19:37:55.262Z] [INFO] [message] Mensaje received {"user":"120363160616746507@g.us","message":"habla","type":"received"}
[2025-11-14T19:38:01.575Z] [INFO] [message] Mensaje received {"user":"120363387470929207@g.us","message":"#reel https://www.instagram.com/reel/DNDUhnwOvCK/?igsh=MWd0NzRiaDU2bmNlYQ==","type":"received"}
[2025-11-14T19:38:03.907Z] [INFO] [message] Mensaje received {"user":"120363160616746507@g.us","message":"son mexicanos la mayoría","type":"received"}
[2025-11-14T19:38:17.520Z] [SUCCESS] [command] Comando ejecutado: reel {"user":"120363387470929207@g.us","command":"reel","args":["https://www.instagram.com/reel/DNDUhnwOvCK/?igsh=MWd0NzRiaDU2bmNlYQ=="],"success":true,"result":null}
[2025-11-14T19:39:30.983Z] [INFO] [message] Mensaje received {"user":"120363160616746507@g.us","message":"a mi me sale q escuchar cas, mac de marco, sinatra y childish gambino","type":"received"}
[2025-11-14T19:40:04.793Z] [INFO] [message] Mensaje received {"user":"status@broadcast","message":"","type":"received"}
[2025-11-14T19:40:26.801Z] [INFO] [message] Mensaje received {"user":"30837949124772@lid","message":"#reel https://www.instagram.com/reel/DNDUhnwOvCK/?igsh=MWd0NzRiaDU2bmNlYQ==","type":"received"}
[2025-11-14T19:40:42.619Z] [SUCCESS] [command] Comando ejecutado: reel {"user":"30837949124772@lid","command":"reel","args":["https://www.instagram.com/reel/DNDUhnwOvCK/?igsh=MWd0NzRiaDU2bmNlYQ=="],"success":true,"result":null}
[2025-11-14T19:40:55.188Z] [INFO] [message] Mensaje received {"user":"status@broadcast","message":"","type":"received"}
[2025-11-14T19:40:56.680Z] [INFO] [message] Mensaje received {"user":"120363160616746507@g.us","message":"y como les llegaron a esa gente","type":"received"}
[2025-11-14T19:41:02.922Z] [INFO] [message] Mensaje received {"user":"120363160616746507@g.us","message":"a traves de q redes","type":"received"}
[2025-11-14T19:41:09.322Z] [INFO] [message] Mensaje received {"user":"120363160616746507@g.us","message":"WhatsApp","type":"received"}
[2025-11-14T19:41:13.216Z] [INFO] [message] Mensaje received {"user":"120363160616746507@g.us","message":"sapegato","type":"received"}
[2025-11-14T19:41:15.004Z] [INFO] [message] Mensaje received {"user":"120363160616746507@g.us","message":"como","type":"received"}
[2025-11-14T19:41:29.281Z] [INFO] [message] Mensaje received {"user":"120363160616746507@g.us","message":"pues así","type":"received"}
[2025-11-14T19:41:39.420Z] [INFO] [message] Mensaje received {"user":"120363160616746507@g.us","message":"pero como whatsapp","type":"received"}
[2025-11-14T19:41:41.051Z] [INFO] [message] Mensaje received {"user":"120363160616746507@g.us","message":"así pues","type":"received"}
[2025-11-14T19:41:50.433Z] [INFO] [message] Mensaje received {"user":"120363160616746507@g.us","message":"q si un grupo de minecraft o q jajajjaja","type":"received"}
[2025-11-14T19:42:02.437Z] [INFO] [message] Mensaje received {"user":"120363160616746507@g.us","message":"eso","type":"received"}
[2025-11-14T19:42:08.438Z] [INFO] [message] Mensaje received {"user":"120363160616746507@g.us","message":"bueno yo sí","type":"received"}
[2025-11-14T19:42:17.951Z] [INFO] [message] Mensaje received {"user":"120363160616746507@g.us","message":"y por uno de nsqk","type":"received"}
[2025-11-14T19:42:19.330Z] [INFO] [message] Mensaje received {"user":"120363160616746507@g.us","message":"","type":"received"}
[2025-11-14T19:42:31.623Z] [INFO] [message] Mensaje received {"user":"120363160616746507@g.us","message":"por eso son mexicanos","type":"received"}
[2025-11-14T19:42:37.402Z] [INFO] [message] Mensaje received {"user":"120363160616746507@g.us","message":"","type":"received"}
[2025-11-14T19:42:48.553Z] [INFO] [message] Mensaje received {"user":"120363160616746507@g.us","message":"","type":"received"}
[2025-11-14T19:43:13.273Z] [INFO] [message] Mensaje received {"user":"120363160616746507@g.us","message":"","type":"received"}
[2025-11-14T19:43:43.416Z] [INFO] [message] Mensaje received {"user":"120363160616746507@g.us","message":"","type":"received"}
[2025-11-14T19:44:12.438Z] [INFO] [message] Mensaje received {"user":"120363160616746507@g.us","message":"","type":"received"}
[2025-11-14T19:45:08.359Z] [INFO] [message] Mensaje received {"user":"120363160616746507@g.us","message":"","type":"received"}
[2025-11-14T19:45:31.201Z] [INFO] [message] Mensaje received {"user":"120363160616746507@g.us","message":"","type":"received"}
[2025-11-14T19:46:29.971Z] [INFO] [message] Mensaje received {"user":"120363160616746507@g.us","message":"sapegato el tema con dano","type":"received"}
[2025-11-14T19:50:47.689Z] [INFO] [message] Mensaje received {"user":"120363160616746507@g.us","message":"los ultimos temas chimbos","type":"received"}
[2025-11-14T19:50:51.398Z] [INFO] [message] Mensaje received {"user":"120363160616746507@g.us","message":"todo electro ahí","type":"received"}
[2025-11-14T19:50:58.371Z] [INFO] [message] Mensaje received {"user":"120363160616746507@g.us","message":"","type":"received"}
[2025-11-14T19:51:02.208Z] [INFO] [message] Mensaje received {"user":"120363160616746507@g.us","message":"igual q en yeyo","type":"received"}
[2025-11-14T19:51:19.065Z] [INFO] [message] Mensaje received {"user":"120363160616746507@g.us","message":"serio es el único q comienza arriba y ahí se queda","type":"received"}
[2025-11-14T19:55:22.071Z] [INFO] [message] Mensaje received {"user":"120363160616746507@g.us","message":"Acabo de vender mis usdt","type":"received"}
[2025-11-14T19:55:54.052Z] [INFO] [message] Mensaje received {"user":"120363160616746507@g.us","message":"Vendí 8,9 usdt y me dieron 12","type":"received"}
[2025-11-14T19:55:59.210Z] [INFO] [message] Mensaje received {"user":"120363160616746507@g.us","message":"12 dólares","type":"received"}
[2025-11-14T19:56:00.535Z] [INFO] [message] Mensaje received {"user":"120363160616746507@g.us","message":"","type":"received"}
[2025-11-14T19:56:05.125Z] [INFO] [message] Mensaje received {"user":"120363160616746507@g.us","message":"A BCV","type":"received"}
[2025-11-14T19:56:13.153Z] [INFO] [message] Mensaje received {"user":"120363160616746507@g.us","message":"","type":"received"}
[2025-11-14T19:59:56.377Z] [INFO] [message] Mensaje received {"user":"120363387470929207@g.us","message":"#reel https://www.instagram.com/reel/DOmexMvDu2Q/?igsh=ems1Mjg1YzFxdmls","type":"received"}
[2025-11-14T20:00:12.320Z] [SUCCESS] [command] Comando ejecutado: reel {"user":"120363387470929207@g.us","command":"reel","args":["https://www.instagram.com/reel/DOmexMvDu2Q/?igsh=ems1Mjg1YzFxdmls"],"success":true,"result":null}
[2025-11-14T20:15:55.301Z] [INFO] [message] Mensaje received {"user":"status@broadcast","message":"","type":"received"}
[2025-11-14T20:16:14.062Z] [INFO] [message] Mensaje received {"user":"status@broadcast","message":"","type":"received"}
[2025-11-14T20:18:37.688Z] [INFO] [message] Mensaje received {"user":"120363387470929207@g.us","message":"#post https://www.instagram.com/p/DQzHZ7JEZIk/?igsh=MXR0OWl6Z25sMmJwYQ==","type":"received"}
[2025-11-14T20:19:10.954Z] [SUCCESS] [command] Comando ejecutado: post {"user":"120363387470929207@g.us","command":"post","args":["https://www.instagram.com/p/DQzHZ7JEZIk/?igsh=MXR0OWl6Z25sMmJwYQ=="],"success":true,"result":null}
[2025-11-14T20:19:18.799Z] [INFO] [message] Mensaje received {"user":"120363387470929207@g.us","message":"Diavlo","type":"received"}
[2025-11-14T20:19:51.035Z] [INFO] [message] Mensaje received {"user":"status@broadcast","message":"","type":"received"}
[2025-11-14T20:25:03.224Z] [INFO] [message] Mensaje received {"user":"120363387470929207@g.us","message":"#reel https://www.instagram.com/reel/DQXhYwfgFN8/?igsh=N3h6dDBlMHg4NTI0","type":"received"}
[2025-11-14T20:25:19.190Z] [SUCCESS] [command] Comando ejecutado: reel {"user":"120363387470929207@g.us","command":"reel","args":["https://www.instagram.com/reel/DQXhYwfgFN8/?igsh=N3h6dDBlMHg4NTI0"],"success":true,"result":null}
[2025-11-14T20:34:41.345Z] [INFO] [message] Mensaje received {"user":"120363387470929207@g.us","message":"#tt https://vm.tiktok.com/ZMAvF4pe2/","type":"received"}
[2025-11-14T20:34:46.050Z] [INFO] [session] Estado de conexión: connecting... {"qr":false}
[2025-11-14T20:34:46.050Z] [SUCCESS] [command] Comando ejecutado: tt {"user":"120363387470929207@g.us","command":"tt","args":["https://vm.tiktok.com/ZMAvF4pe2/"],"success":true,"result":null}
[2025-11-14T20:34:56.195Z] [INFO] [message] Mensaje received {"user":"status@broadcast","message":"","type":"received"}
[2025-11-14T20:35:05.497Z] [INFO] [message] Mensaje received {"user":"status@broadcast","message":"","type":"received"}
[2025-11-14T20:58:37.707Z] [INFO] [message] Mensaje received {"user":"status@broadcast","message":"","type":"received"}
[2025-11-14T21:50:08.207Z] [INFO] [message] Mensaje received {"user":"30837949124772@lid","message":"#ping","type":"received"}
[2025-11-14T21:50:08.461Z] [SUCCESS] [command] Comando ejecutado: ping {"user":"30837949124772@lid","command":"ping","args":[],"success":true,"result":null}
[2025-11-14T21:50:21.191Z] [INFO] [message] Mensaje received {"user":"30837949124772@lid","message":"#reel https://www.instagram.com/reel/DNDUhnwOvCK/?igsh=MWd0NzRiaDU2bmNlYQ==","type":"received"}
[2025-11-14T21:50:39.943Z] [SUCCESS] [command] Comando ejecutado: reel {"user":"30837949124772@lid","command":"reel","args":["https://www.instagram.com/reel/DNDUhnwOvCK/?igsh=MWd0NzRiaDU2bmNlYQ=="],"success":true,"result":null}
[2025-11-14T21:50:42.270Z] [INFO] [message] Mensaje received {"user":"30837949124772@lid","message":"#post https://www.instagram.com/reel/DQXhYwfgFN8/?igsh=N3h6dDBlMHg4NTI0","type":"received"}
[2025-11-14T21:51:02.435Z] [SUCCESS] [command] Comando ejecutado: post {"user":"30837949124772@lid","command":"post","args":["https://www.instagram.com/reel/DQXhYwfgFN8/?igsh=N3h6dDBlMHg4NTI0"],"success":true,"result":null}
[2025-11-14T21:54:01.317Z] [INFO] [message] Mensaje received {"user":"120363160616746507@g.us","message":"eso me lo gano yo pidiendo en el puente un día","type":"received"}
[2025-11-14T21:54:04.966Z] [INFO] [message] Mensaje received {"user":"120363160616746507@g.us","message":"","type":"received"}
[2025-11-14T21:54:08.167Z] [INFO] [message] Mensaje received {"user":"120363160616746507@g.us","message":"","type":"received"}
[2025-11-14T21:56:27.303Z] [INFO] [message] Mensaje received {"user":"120363160616746507@g.us","message":"https://www.reddit.com/r/KingCrimson/s/TA53aCw91O","type":"received"}
[2025-11-14T22:26:10.101Z] [INFO] [message] Mensaje received {"user":"status@broadcast","message":"","type":"received"}
[2025-11-14T22:28:54.530Z] [INFO] [message] Mensaje received {"user":"30837949124772@lid","message":"#reel https://www.instagram.com/reel/DPlnSOwDAqR/?igsh=em9tdWFlN3ZzMTFp","type":"received"}
[2025-11-14T22:29:11.262Z] [SUCCESS] [command] Comando ejecutado: reel {"user":"30837949124772@lid","command":"reel","args":["https://www.instagram.com/reel/DPlnSOwDAqR/?igsh=em9tdWFlN3ZzMTFp"],"success":true,"result":null}
[2025-11-14T22:29:34.571Z] [INFO] [message] Mensaje received {"user":"120363387470929207@g.us","message":"#reel https://www.instagram.com/reel/DPlnSOwDAqR/?igsh=em9tdWFlN3ZzMTFp","type":"received"}
[2025-11-14T22:29:48.523Z] [SUCCESS] [command] Comando ejecutado: reel {"user":"120363387470929207@g.us","command":"reel","args":["https://www.instagram.com/reel/DPlnSOwDAqR/?igsh=em9tdWFlN3ZzMTFp"],"success":true,"result":null}
[2025-11-14T22:33:58.376Z] [INFO] [message] Mensaje received {"user":"status@broadcast","message":"","type":"received"}
[2025-11-14T22:40:51.243Z] [INFO] [message] Mensaje received {"user":"status@broadcast","message":"","type":"received"}
[2025-11-14T22:44:50.595Z] [INFO] [message] Mensaje received {"user":"120363387470929207@g.us","message":"","type":"received"}
[2025-11-14T22:44:52.496Z] [INFO] [message] Mensaje received {"user":"120363387470929207@g.us","message":"#s","type":"received"}
[2025-11-14T22:44:53.215Z] [SUCCESS] [command] Comando ejecutado: s {"user":"120363387470929207@g.us","command":"s","args":[],"success":true,"result":null}
[2025-11-14T23:00:52.233Z] [INFO] [message] Mensaje received {"user":"status@broadcast","message":"","type":"received"}
[2025-11-14T23:21:09.982Z] [INFO] [system] Rotación de logs programada cada 24 horas 
[2025-11-14T23:21:10.101Z] [INFO] [system] Iniciando bot de WhatsApp... 
[2025-11-14T23:21:10.103Z] [INFO] [session] Sesión activa encontrada, manteniendo... 
[2025-11-14T23:21:10.185Z] [INFO] [system] Usando Baileys version: 2.3000.1027934701 
[2025-11-14T23:21:10.204Z] [INFO] [session] Estado de conexión: connecting {"status":"connecting","qr":false}
[2025-11-14T23:21:10.714Z] [INFO] [session] Estado de conexión: connecting... {"qr":false}
[2025-11-14T23:21:11.131Z] [INFO] [session] Estado de conexión: connecting... {"qr":false}
[2025-11-14T23:21:11.131Z] [SUCCESS] [session] Conexión exitosa a WhatsApp {"user":"Untrue","id":"584120614314:32@s.whatsapp.net"}
[2025-11-14T23:21:11.131Z] [INFO] [session] Estado de conexión: open {"status":"open","qr":false}
[2025-11-14T23:21:11.701Z] [INFO] [message] Mensaje received {"user":"120363160616746507@g.us","message":"habla","type":"received"}
[2025-11-14T23:21:15.604Z] [INFO] [message] Mensaje received {"user":"120363160616746507@g.us","message":"ya va","type":"received"}
[2025-11-14T23:21:17.368Z] [INFO] [message] Mensaje received {"user":"status@broadcast","message":"Esa portada es cultura general","type":"received"}
[2025-11-14T23:21:18.685Z] [INFO] [message] Mensaje received {"user":"120363160616746507@g.us","message":"repetitivo pq es bueno","type":"received"}
[2025-11-14T23:21:19.594Z] [INFO] [message] Mensaje received {"user":"120363160616746507@g.us","message":"me voy a bañar","type":"received"}
[2025-11-14T23:21:39.987Z] [INFO] [logrotate] 🚀 Iniciando rotación automática de logs... 
[2025-11-14T23:21:39.987Z] [DEBUG] [logrotate] Rotación: No se encontraron archivos para eliminar 
[2025-11-14T23:21:39.995Z] [INFO] [logrotate] Reporte de almacenamiento {"totalFiles":35,"totalSize":733355,"totalSizeMB":"0.70","logFiles":35,"backupFiles":0}
[2025-11-14T23:21:39.996Z] [INFO] [logrotate] ✅ Rotación completada en 9ms {"duration":9,"report":{"totalFiles":35,"totalSize":733355,"totalSizeMB":"0.70","logFiles":35,"backupFiles":0}}
[2025-11-14T23:21:46.207Z] [INFO] [message] Mensaje received {"user":"120363160616746507@g.us","message":"si la mayoria de la musica se basa en la repeticion","type":"received"}
[2025-11-14T23:21:54.752Z] [INFO] [message] Mensaje received {"user":"120363160616746507@g.us","message":"","type":"received"}
[2025-11-14T23:22:07.760Z] [INFO] [message] Mensaje received {"user":"120363160616746507@g.us","message":"do re fa\ndo re fa\ndo re fa\ndo re fa","type":"received"}
[2025-11-14T23:23:18.668Z] [INFO] [message] Mensaje received {"user":"120363160616746507@g.us","message":"","type":"received"}
[2025-11-14T23:28:06.723Z] [INFO] [message] Mensaje received {"user":"30837949124772@lid","message":"#reel https://www.instagram.com/reel/DLFVBuvN8Z2/?igsh=MW01Z3FmZTZldXV3Ng==","type":"received"}
[2025-11-14T23:28:22.753Z] [SUCCESS] [command] Comando ejecutado: reel {"user":"30837949124772@lid","command":"reel","args":["https://www.instagram.com/reel/DLFVBuvN8Z2/?igsh=MW01Z3FmZTZldXV3Ng=="],"success":true,"result":null}
[2025-11-14T23:51:51.843Z] [INFO] [message] Mensaje received {"user":"120363160616746507@g.us","message":"habla","type":"received"}
[2025-11-14T23:51:54.713Z] [INFO] [message] Mensaje received {"user":"120363160616746507@g.us","message":"pajuo","type":"received"}
