[2025-11-13T00:11:37.339Z] [INFO] [message] Mensaje received {"user":"120363387470929207@g.us","message":"#ttaud https://vm.tiktok.com/ZMA7ybTPW/","type":"received"}
[2025-11-13T00:11:42.641Z] [INFO] [session] Estado de conexión: connecting... {"qr":false}
[2025-11-13T00:11:42.642Z] [SUCCESS] [command] Comando ejecutado: ttaud {"user":"120363387470929207@g.us","command":"ttaud","args":["https://vm.tiktok.com/ZMA7ybTPW/"],"success":true,"result":null}
[2025-11-13T00:27:43.415Z] [INFO] [message] Mensaje received {"user":"status@broadcast","message":"","type":"received"}
[2025-11-13T00:30:19.781Z] [INFO] [message] Mensaje received {"user":"120363387470929207@g.us","message":"Qn tiene zelle","type":"received"}
[2025-11-13T01:44:35.697Z] [INFO] [system] Rotación de logs programada cada 24 horas 
[2025-11-13T01:44:35.847Z] [INFO] [system] Iniciando bot de WhatsApp... 
[2025-11-13T01:44:35.849Z] [INFO] [session] Sesión activa encontrada, manteniendo... 
[2025-11-13T01:44:35.933Z] [INFO] [session] Estado de conexión: connecting {"status":"connecting","qr":false}
[2025-11-13T01:44:35.923Z] [INFO] [system] Usando Baileys version: 2.3000.1027934701 
[2025-11-13T01:44:37.162Z] [INFO] [message] Mensaje received {"user":"120363387470929207@g.us","message":"Yo","type":"received"}
[2025-11-13T01:44:37.163Z] [INFO] [session] Estado de conexión: connecting... {"qr":false}
[2025-11-13T01:44:37.166Z] [INFO] [session] Estado de conexión: connecting... {"qr":false}
[2025-11-13T01:44:37.167Z] [INFO] [session] Estado de conexión: open {"status":"open","qr":false}
[2025-11-13T01:44:37.167Z] [SUCCESS] [session] Conexión exitosa a WhatsApp {"user":"Untrue","id":"584120614314:32@s.whatsapp.net"}
[2025-11-13T01:44:38.078Z] [INFO] [message] Mensaje received {"user":"120363387470929207@g.us","message":"","type":"received"}
[2025-11-13T01:45:05.711Z] [INFO] [logrotate] 🚀 Iniciando rotación automática de logs... 
[2025-11-13T01:45:05.712Z] [DEBUG] [logrotate] Rotación: No se encontraron archivos para eliminar 
[2025-11-13T01:45:05.718Z] [INFO] [logrotate] Reporte de almacenamiento {"totalFiles":22,"totalSize":302923,"totalSizeMB":"0.29","logFiles":22,"backupFiles":0}
[2025-11-13T01:45:05.718Z] [INFO] [logrotate] ✅ Rotación completada en 7ms {"duration":7,"report":{"totalFiles":22,"totalSize":302923,"totalSizeMB":"0.29","logFiles":22,"backupFiles":0}}
[2025-11-13T01:48:02.892Z] [INFO] [message] Mensaje received {"user":"120363387470929207@g.us","message":"cuanto me va a mandar?","type":"received"}
[2025-11-13T01:54:51.575Z] [INFO] [message] Mensaje received {"user":"status@broadcast","message":"🎸🎤Ruta Alternativa🎤🎸\n                  Barinas\n\n🥁No se trata de un simple concierto. La visión ...","type":"received"}
[2025-11-13T02:02:34.584Z] [INFO] [message] Mensaje received {"user":"status@broadcast","message":"","type":"received"}
[2025-11-13T02:08:06.211Z] [INFO] [message] Mensaje received {"user":"status@broadcast","message":"","type":"received"}
[2025-11-13T03:45:07.392Z] [INFO] [system] Rotación de logs programada cada 24 horas 
[2025-11-13T03:45:07.502Z] [INFO] [system] Iniciando bot de WhatsApp... 
[2025-11-13T03:45:07.507Z] [INFO] [session] Sesión activa encontrada, manteniendo... 
[2025-11-13T03:45:07.605Z] [INFO] [system] Usando Baileys version: 2.3000.1027934701 
[2025-11-13T03:45:07.618Z] [INFO] [session] Estado de conexión: connecting {"status":"connecting","qr":false}
[2025-11-13T03:45:08.159Z] [INFO] [session] Estado de conexión: connecting... {"qr":false}
[2025-11-13T03:45:08.206Z] [INFO] [session] Estado de conexión: connecting... {"qr":false}
[2025-11-13T03:45:08.207Z] [INFO] [session] Estado de conexión: open {"status":"open","qr":false}
[2025-11-13T03:45:08.207Z] [SUCCESS] [session] Conexión exitosa a WhatsApp {"user":"Untrue","id":"584120614314:32@s.whatsapp.net"}
[2025-11-13T03:45:37.408Z] [INFO] [logrotate] 🚀 Iniciando rotación automática de logs... 
[2025-11-13T03:45:37.409Z] [DEBUG] [logrotate] Rotación: No se encontraron archivos para eliminar 
[2025-11-13T03:45:37.412Z] [INFO] [logrotate] Reporte de almacenamiento {"totalFiles":22,"totalSize":305937,"totalSizeMB":"0.29","logFiles":22,"backupFiles":0}
[2025-11-13T03:45:37.412Z] [INFO] [logrotate] ✅ Rotación completada en 3ms {"duration":3,"report":{"totalFiles":22,"totalSize":305937,"totalSizeMB":"0.29","logFiles":22,"backupFiles":0}}
[2025-11-13T04:25:14.492Z] [INFO] [message] Mensaje received {"user":"status@broadcast","message":"","type":"received"}
[2025-11-13T04:25:16.528Z] [INFO] [message] Mensaje received {"user":"30837949124772@lid","message":"#ping","type":"received"}
[2025-11-13T04:25:17.570Z] [SUCCESS] [command] Comando ejecutado: ping {"user":"30837949124772@lid","command":"ping","args":[],"success":true,"result":null}
[2025-11-13T04:25:24.759Z] [INFO] [message] Mensaje received {"user":"30837949124772@lid","message":"#help","type":"received"}
[2025-11-13T04:25:24.869Z] [SUCCESS] [command] Comando ejecutado: help {"user":"30837949124772@lid","command":"help","args":[],"success":true,"result":null}
[2025-11-13T04:25:57.414Z] [INFO] [message] Mensaje received {"user":"30837949124772@lid","message":"#ttaud","type":"received"}
[2025-11-13T04:25:58.407Z] [SUCCESS] [command] Comando ejecutado: ttaud {"user":"30837949124772@lid","command":"ttaud","args":[],"success":true,"result":null}
[2025-11-13T04:26:00.224Z] [INFO] [message] Mensaje received {"user":"30837949124772@lid","message":"#tt","type":"received"}
[2025-11-13T04:26:01.125Z] [SUCCESS] [command] Comando ejecutado: tt {"user":"30837949124772@lid","command":"tt","args":[],"success":true,"result":null}
[2025-11-13T04:26:11.870Z] [INFO] [message] Mensaje received {"user":"30837949124772@lid","message":"#yt","type":"received"}
[2025-11-13T04:26:11.978Z] [SUCCESS] [command] Comando ejecutado: yt {"user":"30837949124772@lid","command":"yt","args":[],"success":true,"result":null}
[2025-11-13T04:26:15.475Z] [INFO] [message] Mensaje received {"user":"30837949124772@lid","message":"#ytvid","type":"received"}
[2025-11-13T04:26:15.591Z] [SUCCESS] [command] Comando ejecutado: ytvid {"user":"30837949124772@lid","command":"ytvid","args":[],"success":true,"result":null}
[2025-11-13T04:26:22.898Z] [INFO] [message] Mensaje received {"user":"30837949124772@lid","message":"#yt","type":"received"}
[2025-11-13T04:26:23.004Z] [SUCCESS] [command] Comando ejecutado: yt {"user":"30837949124772@lid","command":"yt","args":[],"success":true,"result":null}
[2025-11-13T04:26:25.675Z] [INFO] [message] Mensaje received {"user":"30837949124772@lid","message":"#ytvideo","type":"received"}
[2025-11-13T04:26:25.782Z] [SUCCESS] [command] Comando ejecutado: ytvideo {"user":"30837949124772@lid","command":"ytvideo","args":[],"success":true,"result":null}
[2025-11-13T04:26:33.965Z] [INFO] [message] Mensaje received {"user":"30837949124772@lid","message":"#yt radiohead airba","type":"received"}
[2025-11-13T04:26:34.071Z] [SUCCESS] [command] Comando ejecutado: yt {"user":"30837949124772@lid","command":"yt","args":["radiohead","airba"],"success":true,"result":null}
[2025-11-13T04:26:42.651Z] [INFO] [message] Mensaje received {"user":"30837949124772@lid","message":"#ytaudio radiohead airbag","type":"received"}
[2025-11-13T04:26:42.652Z] [INFO] [message] Mensaje received {"user":"30837949124772@lid","message":"#ytaudio radiohead airbag","type":"received"}
[2025-11-13T04:26:58.050Z] [SUCCESS] [command] Comando ejecutado: ytaudio {"user":"30837949124772@lid","command":"ytaudio","args":["radiohead","airbag"],"success":true,"result":{"type":"audio"}}
[2025-11-13T04:26:58.052Z] [INFO] [session] Estado de conexión: connecting... {"qr":false}
[2025-11-13T04:26:58.052Z] [SUCCESS] [command] Comando ejecutado: ytaudio {"user":"30837949124772@lid","command":"ytaudio","args":["radiohead","airbag"],"success":true,"result":null}
[2025-11-13T04:30:44.200Z] [INFO] [message] Mensaje received {"user":"120363160616746507@g.us","message":"#ytaudio radiohead treefingers","type":"received"}
[2025-11-13T04:30:44.201Z] [INFO] [message] Mensaje received {"user":"120363160616746507@g.us","message":"#ytaudio radiohead treefingers","type":"received"}
[2025-11-13T04:30:58.357Z] [SUCCESS] [command] Comando ejecutado: ytaudio {"user":"120363160616746507@g.us","command":"ytaudio","args":["radiohead","treefingers"],"success":true,"result":{"type":"audio"}}
[2025-11-13T04:30:58.359Z] [INFO] [session] Estado de conexión: connecting... {"qr":false}
[2025-11-13T04:30:58.359Z] [SUCCESS] [command] Comando ejecutado: ytaudio {"user":"120363160616746507@g.us","command":"ytaudio","args":["radiohead","treefingers"],"success":true,"result":null}
[2025-11-13T04:51:01.332Z] [INFO] [message] Mensaje received {"user":"status@broadcast","message":"😮‍💨","type":"received"}
[2025-11-13T04:56:33.624Z] [INFO] [message] Mensaje received {"user":"status@broadcast","message":"","type":"received"}
[2025-11-13T05:00:30.165Z] [INFO] [message] Mensaje received {"user":"120363160616746507@g.us","message":"","type":"received"}
[2025-11-13T05:00:32.009Z] [INFO] [message] Mensaje received {"user":"120363160616746507@g.us","message":"#s","type":"received"}
[2025-11-13T05:00:32.837Z] [INFO] [session] Estado de conexión: connecting... {"qr":false}
[2025-11-13T05:00:32.840Z] [SUCCESS] [command] Comando ejecutado: s {"user":"120363160616746507@g.us","command":"s","args":[],"success":true,"result":null}
[2025-11-13T05:18:44.304Z] [INFO] [message] Mensaje received {"user":"30837949124772@lid","message":"#tt https://vm.tiktok.com/ZMA7mkcCU/","type":"received"}
[2025-11-13T05:18:48.622Z] [INFO] [session] Estado de conexión: connecting... {"qr":false}
[2025-11-13T05:18:48.623Z] [SUCCESS] [command] Comando ejecutado: tt {"user":"30837949124772@lid","command":"tt","args":["https://vm.tiktok.com/ZMA7mkcCU/"],"success":true,"result":null}
[2025-11-13T05:24:06.019Z] [INFO] [message] Mensaje received {"user":"30837949124772@lid","message":"#ytaudio suei si te miro más voy a morir","type":"received"}
[2025-11-13T05:24:06.020Z] [INFO] [message] Mensaje received {"user":"30837949124772@lid","message":"#ytaudio suei si te miro más voy a morir","type":"received"}
[2025-11-13T05:24:19.030Z] [SUCCESS] [command] Comando ejecutado: ytaudio {"user":"30837949124772@lid","command":"ytaudio","args":["suei","si","te","miro","más","voy","a","morir"],"success":true,"result":{"type":"audio"}}
[2025-11-13T05:24:19.031Z] [INFO] [session] Estado de conexión: connecting... {"qr":false}
[2025-11-13T05:24:19.031Z] [SUCCESS] [command] Comando ejecutado: ytaudio {"user":"30837949124772@lid","command":"ytaudio","args":["suei","si","te","miro","más","voy","a","morir"],"success":true,"result":null}
[2025-11-13T10:21:16.722Z] [INFO] [session] Estado de conexión: close {"status":"close","qr":false}
[2025-11-13T10:21:16.723Z] [ERROR] [session] Conexión cerrada {"statusCode":428}
[2025-11-13T10:21:16.723Z] [INFO] [session] Reconectando en 5 segundos... 
[2025-11-13T10:21:21.728Z] [INFO] [system] Iniciando bot de WhatsApp... 
[2025-11-13T10:21:21.728Z] [INFO] [session] Sesión activa encontrada, manteniendo... 
[2025-11-13T10:21:21.773Z] [INFO] [system] Usando Baileys version: 2.3000.1027934701 
[2025-11-13T10:21:21.781Z] [INFO] [session] Estado de conexión: connecting {"status":"connecting","qr":false}
[2025-11-13T10:21:22.234Z] [INFO] [session] Estado de conexión: connecting... {"qr":false}
[2025-11-13T10:21:22.248Z] [INFO] [session] Estado de conexión: connecting... {"qr":false}
[2025-11-13T10:21:22.250Z] [SUCCESS] [session] Conexión exitosa a WhatsApp {"user":"Untrue","id":"584120614314:32@s.whatsapp.net"}
[2025-11-13T10:21:22.249Z] [INFO] [session] Estado de conexión: open {"status":"open","qr":false}
[2025-11-13T10:37:17.511Z] [INFO] [message] Mensaje received {"user":"status@broadcast","message":"","type":"received"}
[2025-11-13T10:44:55.272Z] [INFO] [message] Mensaje received {"user":"status@broadcast","message":"","type":"received"}
[2025-11-13T10:45:20.950Z] [INFO] [message] Mensaje received {"user":"status@broadcast","message":"","type":"received"}
[2025-11-13T10:45:44.725Z] [INFO] [message] Mensaje received {"user":"status@broadcast","message":"","type":"received"}
[2025-11-13T10:48:39.912Z] [INFO] [message] Mensaje received {"user":"status@broadcast","message":"","type":"received"}
[2025-11-13T10:48:59.276Z] [INFO] [message] Mensaje received {"user":"status@broadcast","message":"","type":"received"}
[2025-11-13T10:49:05.434Z] [INFO] [message] Mensaje received {"user":"status@broadcast","message":"","type":"received"}
[2025-11-13T10:49:10.444Z] [INFO] [message] Mensaje received {"user":"status@broadcast","message":"","type":"received"}
[2025-11-13T10:49:15.506Z] [INFO] [message] Mensaje received {"user":"status@broadcast","message":"","type":"received"}
[2025-11-13T10:49:23.881Z] [INFO] [message] Mensaje received {"user":"status@broadcast","message":"","type":"received"}
[2025-11-13T10:49:46.444Z] [INFO] [message] Mensaje received {"user":"status@broadcast","message":"","type":"received"}
[2025-11-13T10:51:21.137Z] [INFO] [message] Mensaje received {"user":"status@broadcast","message":"","type":"received"}
[2025-11-13T10:51:53.858Z] [INFO] [message] Mensaje received {"user":"status@broadcast","message":"","type":"received"}
[2025-11-13T10:52:28.517Z] [INFO] [message] Mensaje received {"user":"status@broadcast","message":"","type":"received"}
[2025-11-13T10:53:17.177Z] [INFO] [message] Mensaje received {"user":"status@broadcast","message":"","type":"received"}
[2025-11-13T10:53:26.814Z] [INFO] [message] Mensaje received {"user":"status@broadcast","message":"","type":"received"}
[2025-11-13T10:53:56.125Z] [INFO] [message] Mensaje received {"user":"status@broadcast","message":"","type":"received"}
[2025-11-13T10:55:17.472Z] [INFO] [message] Mensaje received {"user":"status@broadcast","message":"","type":"received"}
[2025-11-13T10:55:30.461Z] [INFO] [message] Mensaje received {"user":"status@broadcast","message":"","type":"received"}
[2025-11-13T10:56:30.770Z] [INFO] [message] Mensaje received {"user":"status@broadcast","message":"","type":"received"}
[2025-11-13T10:58:33.231Z] [INFO] [message] Mensaje received {"user":"status@broadcast","message":"","type":"received"}
[2025-11-13T10:59:48.019Z] [INFO] [message] Mensaje received {"user":"status@broadcast","message":"","type":"received"}
[2025-11-13T11:02:08.245Z] [INFO] [message] Mensaje received {"user":"status@broadcast","message":"","type":"received"}
[2025-11-13T11:03:26.379Z] [INFO] [message] Mensaje received {"user":"status@broadcast","message":"","type":"received"}
[2025-11-13T11:07:01.029Z] [INFO] [message] Mensaje received {"user":"status@broadcast","message":"","type":"received"}
[2025-11-13T11:07:28.837Z] [INFO] [message] Mensaje received {"user":"status@broadcast","message":"","type":"received"}
[2025-11-13T11:08:03.114Z] [INFO] [message] Mensaje received {"user":"status@broadcast","message":"","type":"received"}
[2025-11-13T11:17:24.038Z] [INFO] [message] Mensaje received {"user":"status@broadcast","message":"","type":"received"}
[2025-11-13T11:18:33.907Z] [INFO] [message] Mensaje received {"user":"status@broadcast","message":"","type":"received"}
[2025-11-13T11:22:42.485Z] [INFO] [message] Mensaje received {"user":"status@broadcast","message":"","type":"received"}
[2025-11-13T12:09:04.619Z] [INFO] [message] Mensaje received {"user":"status@broadcast","message":"Buenos días!!☀️ Consulta activa 🙌🏻","type":"received"}
[2025-11-13T12:54:23.404Z] [INFO] [message] Mensaje received {"user":"status@broadcast","message":"Delicateses Nohely 🤤🫠al lado de PDV","type":"received"}
[2025-11-13T13:34:00.473Z] [INFO] [message] Mensaje received {"user":"30837949124772@lid","message":"#ping","type":"received"}
[2025-11-13T13:34:00.721Z] [SUCCESS] [command] Comando ejecutado: ping {"user":"30837949124772@lid","command":"ping","args":[],"success":true,"result":null}
[2025-11-13T14:47:40.310Z] [INFO] [message] Mensaje received {"user":"status@broadcast","message":"","type":"received"}
[2025-11-13T14:49:56.229Z] [INFO] [message] Mensaje received {"user":"status@broadcast","message":"","type":"received"}
[2025-11-13T14:52:12.576Z] [INFO] [message] Mensaje received {"user":"status@broadcast","message":"","type":"received"}
[2025-11-13T14:53:51.460Z] [INFO] [message] Mensaje received {"user":"120363160616746507@g.us","message":"Agarran buenos gustos sioq","type":"received"}
[2025-11-13T14:54:26.031Z] [INFO] [message] Mensaje received {"user":"120363160616746507@g.us","message":"Epa @30837949124772","type":"received"}
[2025-11-13T14:54:26.607Z] [INFO] [message] Mensaje received {"user":"status@broadcast","message":"","type":"received"}
[2025-11-13T14:54:45.567Z] [INFO] [message] Mensaje received {"user":"120363160616746507@g.us","message":"q","type":"received"}
[2025-11-13T14:55:14.296Z] [INFO] [message] Mensaje received {"user":"120363160616746507@g.us","message":"Primero","type":"received"}
[2025-11-13T14:55:24.758Z] [INFO] [message] Mensaje received {"user":"120363160616746507@g.us","message":"segundo","type":"received"}
[2025-11-13T14:55:42.492Z] [INFO] [message] Mensaje received {"user":"120363160616746507@g.us","message":"","type":"received"}
[2025-11-13T14:56:12.162Z] [INFO] [message] Mensaje received {"user":"120363160616746507@g.us","message":"Porq su foto de perfil parece de artista underground q saca puro ambient","type":"received"}
[2025-11-13T14:56:15.506Z] [INFO] [message] Mensaje received {"user":"120363160616746507@g.us","message":"Segundo","type":"received"}
[2025-11-13T14:56:24.861Z] [INFO] [message] Mensaje received {"user":"120363160616746507@g.us","message":"Ya puede mantener el bot vivo 24/7 o no","type":"received"}
[2025-11-13T14:56:41.908Z] [INFO] [message] Mensaje received {"user":"120363160616746507@g.us","message":"#s","type":"received"}
[2025-11-13T14:56:42.075Z] [SUCCESS] [command] Comando ejecutado: s {"user":"120363160616746507@g.us","command":"s","args":[],"success":true,"result":null}
[2025-11-13T14:56:46.420Z] [INFO] [message] Mensaje received {"user":"120363160616746507@g.us","message":"#s","type":"received"}
[2025-11-13T14:56:46.981Z] [INFO] [session] Estado de conexión: connecting... {"qr":false}
[2025-11-13T14:56:46.981Z] [SUCCESS] [command] Comando ejecutado: s {"user":"120363160616746507@g.us","command":"s","args":[],"success":true,"result":null}
[2025-11-13T14:57:15.716Z] [INFO] [message] Mensaje received {"user":"120363160616746507@g.us","message":"es un mensaje a la humanidad para q cuidemos nuestro habitad y dejemos de talar los árboles que nos ...","type":"received"}
[2025-11-13T14:57:25.896Z] [INFO] [message] Mensaje received {"user":"120363160616746507@g.us","message":"","type":"received"}
[2025-11-13T14:57:26.560Z] [INFO] [message] Mensaje received {"user":"120363160616746507@g.us","message":"","type":"received"}
[2025-11-13T14:57:36.497Z] [INFO] [message] Mensaje received {"user":"120363160616746507@g.us","message":"O un mensaje a Andreíta","type":"received"}
[2025-11-13T14:57:40.411Z] [INFO] [message] Mensaje received {"user":"120363160616746507@g.us","message":"pues la computadora tiene 2 días prendida","type":"received"}
[2025-11-13T14:57:41.613Z] [INFO] [message] Mensaje received {"user":"120363160616746507@g.us","message":"","type":"received"}
[2025-11-13T14:57:53.669Z] [INFO] [message] Mensaje received {"user":"120363160616746507@g.us","message":"Y uste nada q le mete el guevo ?","type":"received"}
[2025-11-13T14:57:54.593Z] [INFO] [message] Mensaje received {"user":"120363160616746507@g.us","message":"Nahh","type":"received"}
[2025-11-13T14:58:02.525Z] [INFO] [message] Mensaje received {"user":"120363160616746507@g.us","message":"La tiene prendida y no le mete el guevo","type":"received"}
[2025-11-13T14:58:14.069Z] [INFO] [message] Mensaje received {"user":"120363160616746507@g.us","message":"Eso es porq la computadora tiene HDMI","type":"received"}
[2025-11-13T14:58:15.688Z] [INFO] [message] Mensaje received {"user":"120363160616746507@g.us","message":"Verda","type":"received"}
[2025-11-13T14:58:31.021Z] [INFO] [message] Mensaje received {"user":"120363160616746507@g.us","message":"","type":"received"}
[2025-11-13T14:58:42.304Z] [INFO] [message] Mensaje received {"user":"120363160616746507@g.us","message":"Sirve todo?","type":"received"}
[2025-11-13T14:58:45.093Z] [INFO] [message] Mensaje received {"user":"120363160616746507@g.us","message":"#tt","type":"received"}
[2025-11-13T14:58:45.938Z] [SUCCESS] [command] Comando ejecutado: tt {"user":"120363160616746507@g.us","command":"tt","args":[],"success":true,"result":null}
[2025-11-13T14:58:51.001Z] [INFO] [message] Mensaje received {"user":"120363160616746507@g.us","message":"#ttaud","type":"received"}
[2025-11-13T14:58:51.693Z] [SUCCESS] [command] Comando ejecutado: ttaud {"user":"120363160616746507@g.us","command":"ttaud","args":[],"success":true,"result":null}
[2025-11-13T14:58:57.064Z] [INFO] [message] Mensaje received {"user":"120363160616746507@g.us","message":"Aaa","type":"received"}
[2025-11-13T14:58:58.743Z] [INFO] [message] Mensaje received {"user":"120363160616746507@g.us","message":"Ahora si","type":"received"}
[2025-11-13T14:59:00.400Z] [INFO] [message] Mensaje received {"user":"120363160616746507@g.us","message":"el instagram no sirve pq marc sucrebu me tiene bloqueado","type":"received"}
[2025-11-13T14:59:11.984Z] [INFO] [message] Mensaje received {"user":"120363160616746507@g.us","message":"pero lo voy a arreglar pues","type":"received"}
[2025-11-13T14:59:17.117Z] [INFO] [message] Mensaje received {"user":"120363160616746507@g.us","message":"el cree q es más arrecho q yo","type":"received"}
[2025-11-13T14:59:20.943Z] [INFO] [message] Mensaje received {"user":"120363160616746507@g.us","message":"","type":"received"}
[2025-11-13T14:59:37.581Z] [INFO] [message] Mensaje received {"user":"120363160616746507@g.us","message":"#ttaud https://vm.tiktok.com/ZMA74MfMP/","type":"received"}
[2025-11-13T14:59:42.314Z] [INFO] [session] Estado de conexión: connecting... {"qr":false}
[2025-11-13T14:59:42.315Z] [SUCCESS] [command] Comando ejecutado: ttaud {"user":"120363160616746507@g.us","command":"ttaud","args":["https://vm.tiktok.com/ZMA74MfMP/"],"success":true,"result":null}
[2025-11-13T14:59:47.824Z] [INFO] [message] Mensaje received {"user":"120363160616746507@g.us","message":"Andrea justificándole la infidelidad","type":"received"}
[2025-11-13T15:00:20.636Z] [INFO] [message] Mensaje received {"user":"120363160616746507@g.us","message":"habla hasta parecido","type":"received"}
[2025-11-13T15:00:23.392Z] [INFO] [message] Mensaje received {"user":"120363160616746507@g.us","message":"","type":"received"}
[2025-11-13T15:00:25.413Z] [INFO] [message] Mensaje received {"user":"120363160616746507@g.us","message":"JAJAJAJAJAJ","type":"received"}
[2025-11-13T15:00:45.755Z] [INFO] [message] Mensaje received {"user":"120363160616746507@g.us","message":"","type":"received"}
[2025-11-13T15:01:02.580Z] [INFO] [message] Mensaje received {"user":"120363160616746507@g.us","message":"#tt https://vm.tiktok.com/ZMA74N1yk/","type":"received"}
[2025-11-13T15:01:08.391Z] [INFO] [session] Estado de conexión: connecting... {"qr":false}
[2025-11-13T15:01:08.392Z] [SUCCESS] [command] Comando ejecutado: tt {"user":"120363160616746507@g.us","command":"tt","args":["https://vm.tiktok.com/ZMA74N1yk/"],"success":true,"result":null}
[2025-11-13T15:01:21.475Z] [INFO] [message] Mensaje received {"user":"120363160616746507@g.us","message":"No descarga imágenes","type":"received"}
[2025-11-13T15:01:34.584Z] [INFO] [message] Mensaje received {"user":"120363160616746507@g.us","message":"#tt https://vm.tiktok.com/ZMA74AAhG/","type":"received"}
[2025-11-13T15:01:38.814Z] [INFO] [session] Estado de conexión: connecting... {"qr":false}
[2025-11-13T15:01:38.815Z] [SUCCESS] [command] Comando ejecutado: tt {"user":"120363160616746507@g.us","command":"tt","args":["https://vm.tiktok.com/ZMA74AAhG/"],"success":true,"result":null}
[2025-11-13T15:02:48.987Z] [INFO] [message] Mensaje received {"user":"120363160616746507@g.us","message":"no","type":"received"}
[2025-11-13T15:03:11.338Z] [INFO] [message] Mensaje received {"user":"120363160616746507@g.us","message":"porq me hablas seco","type":"received"}
[2025-11-13T15:03:16.771Z] [INFO] [message] Mensaje received {"user":"120363160616746507@g.us","message":"","type":"received"}
[2025-11-13T15:03:19.063Z] [INFO] [message] Mensaje received {"user":"120363160616746507@g.us","message":"","type":"received"}
[2025-11-13T15:03:20.552Z] [INFO] [message] Mensaje received {"user":"120363160616746507@g.us","message":"JAKSKAKSKAKSKSKS","type":"received"}
[2025-11-13T15:04:02.432Z] [INFO] [message] Mensaje received {"user":"120363160616746507@g.us","message":"#tt https://vm.tiktok.com/ZMA74dxoC/","type":"received"}
[2025-11-13T15:04:08.596Z] [INFO] [session] Estado de conexión: connecting... {"qr":false}
[2025-11-13T15:04:08.597Z] [SUCCESS] [command] Comando ejecutado: tt {"user":"120363160616746507@g.us","command":"tt","args":["https://vm.tiktok.com/ZMA74dxoC/"],"success":true,"result":null}
[2025-11-13T15:04:11.757Z] [INFO] [message] Mensaje received {"user":"120363160616746507@g.us","message":"@236347956666463","type":"received"}
[2025-11-13T15:04:57.072Z] [INFO] [message] Mensaje received {"user":"120363160616746507@g.us","message":"soyese bro","type":"received"}
[2025-11-13T15:05:24.880Z] [INFO] [message] Mensaje received {"user":"120363160616746507@g.us","message":"el bicho haciendo el bernabeu en la canaima a 10fps","type":"received"}
[2025-11-13T15:05:29.037Z] [INFO] [message] Mensaje received {"user":"120363160616746507@g.us","message":"a ver qlq","type":"received"}
[2025-11-13T15:05:40.653Z] [INFO] [message] Mensaje received {"user":"120363160616746507@g.us","message":"el primero temazo","type":"received"}
[2025-11-13T15:05:47.819Z] [INFO] [message] Mensaje received {"user":"120363160616746507@g.us","message":"sapegato","type":"received"}
[2025-11-13T15:06:13.597Z] [INFO] [message] Mensaje received {"user":"120363160616746507@g.us","message":"","type":"received"}
[2025-11-13T15:06:29.704Z] [INFO] [message] Mensaje received {"user":"status@broadcast","message":"","type":"received"}
[2025-11-13T15:11:07.708Z] [INFO] [message] Mensaje received {"user":"120363160616746507@g.us","message":"@30837949124772","type":"received"}
[2025-11-13T15:11:40.186Z] [INFO] [message] Mensaje received {"user":"120363160616746507@g.us","message":"sapegato mmgvo no eche barro a la poceta","type":"received"}
[2025-11-13T15:11:44.763Z] [INFO] [message] Mensaje received {"user":"120363160616746507@g.us","message":"","type":"received"}
[2025-11-13T15:11:50.920Z] [INFO] [message] Mensaje received {"user":"120363160616746507@g.us","message":"","type":"received"}
[2025-11-13T15:11:54.009Z] [INFO] [message] Mensaje received {"user":"120363160616746507@g.us","message":"el bicho cagando arcilla pues","type":"received"}
[2025-11-13T15:12:08.408Z] [INFO] [message] Mensaje received {"user":"120363160616746507@g.us","message":"","type":"received"}
[2025-11-13T15:12:08.644Z] [INFO] [message] Mensaje received {"user":"120363160616746507@g.us","message":"saca la mierda y se hace unas tazas pa café","type":"received"}
[2025-11-13T15:12:12.534Z] [INFO] [message] Mensaje received {"user":"120363160616746507@g.us","message":"","type":"received"}
[2025-11-13T15:12:15.873Z] [INFO] [message] Mensaje received {"user":"120363160616746507@g.us","message":"JAJSKAKSKAKKSAKKS","type":"received"}
[2025-11-13T15:12:22.064Z] [INFO] [message] Mensaje received {"user":"120363160616746507@g.us","message":"","type":"received"}
[2025-11-13T15:15:03.831Z] [INFO] [message] Mensaje received {"user":"120363160616746507@g.us","message":"Ni los pelos del culo aguantaron esa arcilla","type":"received"}
[2025-11-13T15:30:25.834Z] [INFO] [system] Rotación de logs programada cada 24 horas 
[2025-11-13T15:30:25.948Z] [INFO] [system] Iniciando bot de WhatsApp... 
[2025-11-13T15:30:25.951Z] [INFO] [session] Sesión activa encontrada, manteniendo... 
[2025-11-13T15:30:26.017Z] [INFO] [system] Usando Baileys version: 2.3000.1027934701 
[2025-11-13T15:30:26.028Z] [INFO] [session] Estado de conexión: connecting {"status":"connecting","qr":false}
[2025-11-13T15:30:26.859Z] [INFO] [session] Estado de conexión: connecting... {"qr":false}
[2025-11-13T15:30:27.502Z] [INFO] [session] Estado de conexión: connecting... {"qr":false}
[2025-11-13T15:30:27.502Z] [INFO] [session] Estado de conexión: open {"status":"open","qr":false}
[2025-11-13T15:30:27.502Z] [SUCCESS] [session] Conexión exitosa a WhatsApp {"user":"Untrue","id":"584120614314:32@s.whatsapp.net"}
[2025-11-13T15:30:27.623Z] [INFO] [message] Mensaje received {"user":"120363160616746507@g.us","message":"La cagada fue tan arrecha q tape la poseta","type":"received"}
[2025-11-13T15:30:55.849Z] [INFO] [logrotate] 🚀 Iniciando rotación automática de logs... 
[2025-11-13T15:30:55.851Z] [DEBUG] [logrotate] Rotación: No se encontraron archivos para eliminar 
[2025-11-13T15:30:55.854Z] [INFO] [logrotate] Reporte de almacenamiento {"totalFiles":23,"totalSize":344892,"totalSizeMB":"0.33","logFiles":23,"backupFiles":0}
[2025-11-13T15:30:55.854Z] [INFO] [logrotate] ✅ Rotación completada en 5ms {"duration":5,"report":{"totalFiles":23,"totalSize":344892,"totalSizeMB":"0.33","logFiles":23,"backupFiles":0}}
[2025-11-13T15:32:21.237Z] [INFO] [message] Mensaje received {"user":"120363160616746507@g.us","message":"","type":"received"}
[2025-11-13T15:32:28.663Z] [INFO] [message] Mensaje received {"user":"120363160616746507@g.us","message":"cagó un sapo el mgmv","type":"received"}
[2025-11-13T15:32:47.881Z] [INFO] [message] Mensaje received {"user":"120363160616746507@g.us","message":"Quede flaco de todo lo q cague","type":"received"}
[2025-11-13T15:32:52.064Z] [INFO] [message] Mensaje received {"user":"120363160616746507@g.us","message":"Lolia pansha","type":"received"}
[2025-11-13T15:32:58.540Z] [INFO] [message] Mensaje received {"user":"120363160616746507@g.us","message":"🥺🥺🥺","type":"received"}
[2025-11-13T15:33:14.789Z] [INFO] [message] Mensaje received {"user":"120363160616746507@g.us","message":"","type":"received"}
[2025-11-13T15:33:22.263Z] [INFO] [message] Mensaje received {"user":"120363160616746507@g.us","message":"el bicho se abrió el culo así pa q saliera","type":"received"}
[2025-11-13T15:33:33.824Z] [INFO] [message] Mensaje received {"user":"120363160616746507@g.us","message":"pacheco escuchando gemidos desde el baño y era este bicho cagando","type":"received"}
[2025-11-13T15:33:40.461Z] [INFO] [message] Mensaje received {"user":"120363160616746507@g.us","message":"","type":"received"}
[2025-11-13T15:33:56.471Z] [INFO] [message] Mensaje received {"user":"120363160616746507@g.us","message":"","type":"received"}
[2025-11-13T15:34:09.016Z] [INFO] [message] Mensaje received {"user":"120363160616746507@g.us","message":"Ni los pelos del culo filtraron esa vaina","type":"received"}
[2025-11-13T15:36:20.458Z] [INFO] [message] Mensaje received {"user":"status@broadcast","message":"Preparándome para la vejez 🤭","type":"received"}
[2025-11-13T15:39:39.805Z] [INFO] [message] Mensaje received {"user":"120363160616746507@g.us","message":"","type":"received"}
[2025-11-13T15:39:55.168Z] [INFO] [message] Mensaje received {"user":"120363160616746507@g.us","message":"","type":"received"}
[2025-11-13T15:40:12.955Z] [INFO] [message] Mensaje received {"user":"120363160616746507@g.us","message":"","type":"received"}
[2025-11-13T15:43:57.648Z] [INFO] [system] Rotación de logs programada cada 24 horas 
[2025-11-13T15:43:57.694Z] [INFO] [system] Iniciando bot de WhatsApp... 
[2025-11-13T15:43:57.696Z] [INFO] [session] Sesión activa encontrada, manteniendo... 
[2025-11-13T15:43:57.804Z] [INFO] [system] Usando Baileys version: 2.3000.1027934701 
[2025-11-13T15:43:57.813Z] [INFO] [session] Estado de conexión: connecting {"status":"connecting","qr":false}
[2025-11-13T15:43:58.250Z] [INFO] [session] Estado de conexión: connecting... {"qr":false}
[2025-11-13T15:43:58.300Z] [INFO] [session] Estado de conexión: connecting... {"qr":false}
[2025-11-13T15:43:58.301Z] [SUCCESS] [session] Conexión exitosa a WhatsApp {"user":"Untrue","id":"584120614314:32@s.whatsapp.net"}
[2025-11-13T15:43:58.301Z] [INFO] [session] Estado de conexión: open {"status":"open","qr":false}
[2025-11-13T15:43:59.137Z] [INFO] [message] Mensaje received {"user":"120363160616746507@g.us","message":"","type":"received"}
[2025-11-13T15:44:27.668Z] [INFO] [logrotate] 🚀 Iniciando rotación automática de logs... 
[2025-11-13T15:44:27.669Z] [DEBUG] [logrotate] Rotación: No se encontraron archivos para eliminar 
[2025-11-13T15:44:27.672Z] [INFO] [logrotate] Reporte de almacenamiento {"totalFiles":23,"totalSize":350467,"totalSizeMB":"0.33","logFiles":23,"backupFiles":0}
[2025-11-13T15:44:27.672Z] [INFO] [logrotate] ✅ Rotación completada en 4ms {"duration":4,"report":{"totalFiles":23,"totalSize":350467,"totalSizeMB":"0.33","logFiles":23,"backupFiles":0}}
[2025-11-13T15:44:43.264Z] [INFO] [message] Mensaje received {"user":"120363160616746507@g.us","message":"","type":"received"}
[2025-11-13T15:45:19.206Z] [INFO] [message] Mensaje received {"user":"120363160616746507@g.us","message":"3 q porquería","type":"received"}
[2025-11-13T15:45:33.711Z] [INFO] [message] Mensaje received {"user":"120363160616746507@g.us","message":"#ping","type":"received"}
[2025-11-13T15:45:34.701Z] [SUCCESS] [command] Comando ejecutado: ping {"user":"120363160616746507@g.us","command":"ping","args":[],"success":true,"result":null}
[2025-11-13T15:45:49.101Z] [INFO] [message] Mensaje received {"user":"30837949124772@lid","message":"#reel https://www.instagram.com/reel/DQOPVImjd8b/?igsh=MWdyc2Z3NzFncjFnaQ==","type":"received"}
[2025-11-13T15:46:01.839Z] [SUCCESS] [command] Comando ejecutado: reel {"user":"30837949124772@lid","command":"reel","args":["https://www.instagram.com/reel/DQOPVImjd8b/?igsh=MWdyc2Z3NzFncjFnaQ=="],"success":true,"result":null}
[2025-11-13T15:46:19.504Z] [INFO] [message] Mensaje received {"user":"120363160616746507@g.us","message":"pq es casi q todo igual","type":"received"}
[2025-11-13T15:46:22.234Z] [INFO] [message] Mensaje received {"user":"120363160616746507@g.us","message":"pero ta bien","type":"received"}
[2025-11-13T15:46:32.915Z] [INFO] [message] Mensaje received {"user":"120363160616746507@g.us","message":"@39106298044576 tan listos los reels","type":"received"}
[2025-11-13T15:46:34.079Z] [INFO] [message] Mensaje received {"user":"120363160616746507@g.us","message":"no raspa","type":"received"}
[2025-11-13T15:46:38.179Z] [INFO] [message] Mensaje received {"user":"120363160616746507@g.us","message":"#reel https://www.instagram.com/reel/DPVCbHzjopx/?igsh=MW1tdnBwZWg1eno1NA==","type":"received"}
[2025-11-13T15:46:48.560Z] [SUCCESS] [command] Comando ejecutado: reel {"user":"120363160616746507@g.us","command":"reel","args":["https://www.instagram.com/reel/DPVCbHzjopx/?igsh=MW1tdnBwZWg1eno1NA=="],"success":true,"result":null}
[2025-11-13T15:47:15.102Z] [INFO] [message] Mensaje received {"user":"120363160616746507@g.us","message":"#reel https://www.instagram.com/reel/DN1iiaRwnIN/?igsh=em9zdGdncWIxbnZ6","type":"received"}
[2025-11-13T15:47:21.582Z] [SUCCESS] [command] Comando ejecutado: reel {"user":"120363160616746507@g.us","command":"reel","args":["https://www.instagram.com/reel/DN1iiaRwnIN/?igsh=em9zdGdncWIxbnZ6"],"success":true,"result":null}
[2025-11-13T15:47:55.616Z] [INFO] [message] Mensaje received {"user":"120363160616746507@g.us","message":"","type":"received"}
[2025-11-13T15:48:42.946Z] [INFO] [message] Mensaje received {"user":"120363160616746507@g.us","message":"#reel https://www.instagram.com/p/DQxi2vqD48e/?igsh=Z2NtNWMzaHhwZ2Mx","type":"received"}
[2025-11-13T15:48:49.262Z] [SUCCESS] [command] Comando ejecutado: reel {"user":"120363160616746507@g.us","command":"reel","args":["https://www.instagram.com/p/DQxi2vqD48e/?igsh=Z2NtNWMzaHhwZ2Mx"],"success":true,"result":null}
[2025-11-13T15:51:25.502Z] [INFO] [message] Mensaje received {"user":"120363160616746507@g.us","message":"","type":"received"}
[2025-11-13T15:51:40.233Z] [INFO] [message] Mensaje received {"user":"120363160616746507@g.us","message":"","type":"received"}
[2025-11-13T15:52:47.103Z] [INFO] [message] Mensaje received {"user":"120363160616746507@g.us","message":"futjobs lleva futbolistas al extranjero pero pa meterlos de cajeros en un mcdonalds","type":"received"}
[2025-11-13T15:52:55.970Z] [INFO] [message] Mensaje received {"user":"120363160616746507@g.us","message":"","type":"received"}
[2025-11-13T15:53:17.325Z] [INFO] [message] Mensaje received {"user":"120363160616746507@g.us","message":"el viaje todo pago 🥹","type":"received"}
[2025-11-13T15:53:29.209Z] [INFO] [message] Mensaje received {"user":"120363160616746507@g.us","message":"todo pago anteriormente por la persona","type":"received"}
[2025-11-13T15:53:33.583Z] [INFO] [message] Mensaje received {"user":"120363160616746507@g.us","message":"","type":"received"}
[2025-11-13T15:53:41.625Z] [INFO] [message] Mensaje received {"user":"120363160616746507@g.us","message":"","type":"received"}
[2025-11-13T15:54:46.221Z] [INFO] [message] Mensaje received {"user":"120363160616746507@g.us","message":"tan peor q maestre","type":"received"}
[2025-11-13T15:54:56.283Z] [INFO] [message] Mensaje received {"user":"120363160616746507@g.us","message":"pero maestre los lleva es pa segunda","type":"received"}
[2025-11-13T15:55:13.648Z] [INFO] [message] Mensaje received {"user":"120363160616746507@g.us","message":"","type":"received"}
[2025-11-13T15:58:15.291Z] [INFO] [message] Mensaje received {"user":"status@broadcast","message":"","type":"received"}
[2025-11-13T16:00:13.573Z] [INFO] [message] Mensaje received {"user":"120363160616746507@g.us","message":"","type":"received"}
[2025-11-13T16:00:19.732Z] [INFO] [message] Mensaje received {"user":"120363160616746507@g.us","message":"discazo","type":"received"}
[2025-11-13T16:00:22.152Z] [INFO] [message] Mensaje received {"user":"120363160616746507@g.us","message":"","type":"received"}
[2025-11-13T16:01:34.869Z] [INFO] [message] Mensaje received {"user":"30837949124772@lid","message":"#ping","type":"received"}
[2025-11-13T16:01:35.088Z] [SUCCESS] [command] Comando ejecutado: ping {"user":"30837949124772@lid","command":"ping","args":[],"success":true,"result":null}
[2025-11-13T16:01:37.909Z] [INFO] [message] Mensaje received {"user":"30837949124772@lid","message":"#ping","type":"received"}
[2025-11-13T16:01:38.123Z] [SUCCESS] [command] Comando ejecutado: ping {"user":"30837949124772@lid","command":"ping","args":[],"success":true,"result":null}
[2025-11-13T16:01:40.548Z] [INFO] [message] Mensaje received {"user":"30837949124772@lid","message":"#ping","type":"received"}
[2025-11-13T16:01:40.774Z] [SUCCESS] [command] Comando ejecutado: ping {"user":"30837949124772@lid","command":"ping","args":[],"success":true,"result":null}
[2025-11-13T16:01:48.641Z] [INFO] [message] Mensaje received {"user":"30837949124772@lid","message":"#ping","type":"received"}
[2025-11-13T16:01:48.859Z] [SUCCESS] [command] Comando ejecutado: ping {"user":"30837949124772@lid","command":"ping","args":[],"success":true,"result":null}
[2025-11-13T16:01:50.281Z] [INFO] [message] Mensaje received {"user":"30837949124772@lid","message":"#ping","type":"received"}
[2025-11-13T16:01:50.520Z] [SUCCESS] [command] Comando ejecutado: ping {"user":"30837949124772@lid","command":"ping","args":[],"success":true,"result":null}
[2025-11-13T16:01:52.532Z] [INFO] [message] Mensaje received {"user":"30837949124772@lid","message":"#ping","type":"received"}
[2025-11-13T16:01:52.742Z] [SUCCESS] [command] Comando ejecutado: ping {"user":"30837949124772@lid","command":"ping","args":[],"success":true,"result":null}
[2025-11-13T16:02:49.724Z] [INFO] [message] Mensaje received {"user":"120363160616746507@g.us","message":"#ttaud https://vm.tiktok.com/ZMA7VHe1n/","type":"received"}
[2025-11-13T16:02:55.890Z] [INFO] [session] Estado de conexión: connecting... {"qr":false}
[2025-11-13T16:02:55.890Z] [SUCCESS] [command] Comando ejecutado: ttaud {"user":"120363160616746507@g.us","command":"ttaud","args":["https://vm.tiktok.com/ZMA7VHe1n/"],"success":true,"result":null}
[2025-11-13T16:03:22.674Z] [INFO] [message] Mensaje received {"user":"120363160616746507@g.us","message":"#ttaud https://vm.tiktok.com/ZMA7VHe1n/","type":"received"}
[2025-11-13T16:03:27.658Z] [INFO] [session] Estado de conexión: connecting... {"qr":false}
[2025-11-13T16:03:27.659Z] [SUCCESS] [command] Comando ejecutado: ttaud {"user":"120363160616746507@g.us","command":"ttaud","args":["https://vm.tiktok.com/ZMA7VHe1n/"],"success":true,"result":null}
[2025-11-13T16:03:36.271Z] [INFO] [message] Mensaje received {"user":"120363160616746507@g.us","message":"mmgvo es una imagen o q","type":"received"}
[2025-11-13T16:03:44.920Z] [INFO] [message] Mensaje received {"user":"120363160616746507@g.us","message":"#ttaud https://vm.tiktok.com/ZMA7VxBgb/","type":"received"}
[2025-11-13T16:03:47.050Z] [INFO] [message] Mensaje received {"user":"120363160616746507@g.us","message":"No","type":"received"}
[2025-11-13T16:03:48.095Z] [INFO] [session] Estado de conexión: connecting... {"qr":false}
[2025-11-13T16:03:48.096Z] [SUCCESS] [command] Comando ejecutado: ttaud {"user":"120363160616746507@g.us","command":"ttaud","args":["https://vm.tiktok.com/ZMA7VxBgb/"],"success":true,"result":null}
[2025-11-13T16:03:57.938Z] [INFO] [message] Mensaje received {"user":"120363160616746507@g.us","message":"#tt https://vm.tiktok.com/ZMA7VxBgb/","type":"received"}
[2025-11-13T16:04:01.652Z] [INFO] [session] Estado de conexión: connecting... {"qr":false}
[2025-11-13T16:04:01.654Z] [SUCCESS] [command] Comando ejecutado: tt {"user":"120363160616746507@g.us","command":"tt","args":["https://vm.tiktok.com/ZMA7VxBgb/"],"success":true,"result":null}
[2025-11-13T16:04:09.834Z] [INFO] [message] Mensaje received {"user":"120363160616746507@g.us","message":"#ttaud https://vm.tiktok.com/ZMA7VV1wk/","type":"received"}
[2025-11-13T16:04:10.472Z] [INFO] [message] Mensaje received {"user":"120363160616746507@g.us","message":"yo creo q es pq se me jue la lu","type":"received"}
[2025-11-13T16:04:14.886Z] [INFO] [message] Mensaje received {"user":"120363160616746507@g.us","message":"","type":"received"}
[2025-11-13T16:04:15.853Z] [INFO] [session] Estado de conexión: connecting... {"qr":false}
[2025-11-13T16:04:15.854Z] [SUCCESS] [command] Comando ejecutado: ttaud {"user":"120363160616746507@g.us","command":"ttaud","args":["https://vm.tiktok.com/ZMA7VV1wk/"],"success":true,"result":null}
[2025-11-13T16:04:35.336Z] [INFO] [message] Mensaje received {"user":"120363160616746507@g.us","message":"#ping","type":"received"}
[2025-11-13T16:04:35.572Z] [SUCCESS] [command] Comando ejecutado: ping {"user":"120363160616746507@g.us","command":"ping","args":[],"success":true,"result":null}
[2025-11-13T16:04:53.099Z] [INFO] [message] Mensaje received {"user":"120363160616746507@g.us","message":"Con Dorian","type":"received"}
[2025-11-13T16:05:00.559Z] [INFO] [message] Mensaje received {"user":"120363160616746507@g.us","message":"monda pa su jopo maricón","type":"received"}
[2025-11-13T16:32:49.966Z] [INFO] [system] Rotación de logs programada cada 24 horas 
[2025-11-13T16:32:50.091Z] [INFO] [system] Iniciando bot de WhatsApp... 
[2025-11-13T16:32:50.109Z] [INFO] [session] Sesión activa encontrada, manteniendo... 
[2025-11-13T16:32:50.209Z] [INFO] [system] Usando Baileys version: 2.3000.1027934701 
[2025-11-13T16:32:50.222Z] [INFO] [session] Estado de conexión: connecting {"status":"connecting","qr":false}
[2025-11-13T16:32:51.565Z] [INFO] [message] Mensaje received {"user":"120363160616746507@g.us","message":"#tt https://vm.tiktok.com/ZMA7qY2Lg/","type":"received"}
[2025-11-13T16:32:51.566Z] [INFO] [session] Estado de conexión: connecting... {"qr":false}
[2025-11-13T16:32:51.569Z] [INFO] [session] Estado de conexión: connecting... {"qr":false}
[2025-11-13T16:32:51.569Z] [INFO] [session] Estado de conexión: open {"status":"open","qr":false}
[2025-11-13T16:32:51.570Z] [SUCCESS] [session] Conexión exitosa a WhatsApp {"user":"Untrue","id":"584120614314:32@s.whatsapp.net"}
[2025-11-13T16:32:58.637Z] [INFO] [session] Estado de conexión: connecting... {"qr":false}
[2025-11-13T16:32:58.638Z] [SUCCESS] [command] Comando ejecutado: tt {"user":"120363160616746507@g.us","command":"tt","args":["https://vm.tiktok.com/ZMA7qY2Lg/"],"success":true,"result":null}
[2025-11-13T16:32:59.527Z] [INFO] [message] Mensaje received {"user":"120363160616746507@g.us","message":"ya va q se me había ido la luz","type":"received"}
[2025-11-13T16:33:19.973Z] [INFO] [logrotate] 🚀 Iniciando rotación automática de logs... 
[2025-11-13T16:33:19.974Z] [DEBUG] [logrotate] Rotación: No se encontraron archivos para eliminar 
[2025-11-13T16:33:19.980Z] [INFO] [logrotate] Reporte de almacenamiento {"totalFiles":23,"totalSize":369531,"totalSizeMB":"0.35","logFiles":23,"backupFiles":0}
[2025-11-13T16:33:19.980Z] [INFO] [logrotate] ✅ Rotación completada en 7ms {"duration":7,"report":{"totalFiles":23,"totalSize":369531,"totalSizeMB":"0.35","logFiles":23,"backupFiles":0}}
[2025-11-13T16:33:27.272Z] [INFO] [message] Mensaje received {"user":"120363160616746507@g.us","message":"#rotate","type":"received"}
[2025-11-13T16:33:27.523Z] [INFO] [logrotate] 🚀 Iniciando rotación automática de logs... 
[2025-11-13T16:33:27.523Z] [DEBUG] [logrotate] Rotación: No se encontraron archivos para eliminar 
[2025-11-13T16:33:27.527Z] [INFO] [logrotate] Reporte de almacenamiento {"totalFiles":23,"totalSize":370281,"totalSizeMB":"0.35","logFiles":23,"backupFiles":0}
[2025-11-13T16:33:27.527Z] [INFO] [logrotate] ✅ Rotación completada en 4ms {"duration":4,"report":{"totalFiles":23,"totalSize":370281,"totalSizeMB":"0.35","logFiles":23,"backupFiles":0}}
[2025-11-13T16:33:27.839Z] [SUCCESS] [command] Comando ejecutado: rotate {"user":"120363160616746507@g.us","command":"rotate","args":[],"success":true,"result":null}
[2025-11-13T16:33:48.744Z] [INFO] [message] Mensaje received {"user":"status@broadcast","message":"","type":"received"}
[2025-11-13T16:35:15.918Z] [INFO] [message] Mensaje received {"user":"status@broadcast","message":"","type":"received"}
[2025-11-13T16:37:41.677Z] [INFO] [message] Mensaje received {"user":"120363160616746507@g.us","message":"","type":"received"}
[2025-11-13T16:37:43.704Z] [INFO] [message] Mensaje received {"user":"120363160616746507@g.us","message":"","type":"received"}
[2025-11-13T16:40:00.559Z] [INFO] [message] Mensaje received {"user":"status@broadcast","message":"Nos formamos de la mano de los mejores profesores de nuestra Unellez, para demostrar la calidad de p...","type":"received"}
[2025-11-13T16:48:28.199Z] [INFO] [message] Mensaje received {"user":"status@broadcast","message":"","type":"received"}
[2025-11-13T17:08:46.739Z] [INFO] [message] Mensaje received {"user":"120363160616746507@g.us","message":"#tt https://vm.tiktok.com/ZMA7q7APY/","type":"received"}
[2025-11-13T17:08:51.556Z] [INFO] [session] Estado de conexión: connecting... {"qr":false}
[2025-11-13T17:08:51.559Z] [SUCCESS] [command] Comando ejecutado: tt {"user":"120363160616746507@g.us","command":"tt","args":["https://vm.tiktok.com/ZMA7q7APY/"],"success":true,"result":null}
[2025-11-13T17:08:56.574Z] [INFO] [message] Mensaje received {"user":"120363160616746507@g.us","message":"@39106298044576","type":"received"}
[2025-11-13T17:19:04.426Z] [INFO] [message] Mensaje received {"user":"status@broadcast","message":"el stun de los stun","type":"received"}
[2025-11-13T17:31:04.737Z] [INFO] [message] Mensaje received {"user":"30837949124772@lid","message":"#ping","type":"received"}
[2025-11-13T17:31:05.767Z] [SUCCESS] [command] Comando ejecutado: ping {"user":"30837949124772@lid","command":"ping","args":[],"success":true,"result":null}
[2025-11-13T18:22:44.330Z] [INFO] [message] Mensaje received {"user":"120363160616746507@g.us","message":"","type":"received"}
[2025-11-13T18:23:29.884Z] [INFO] [message] Mensaje received {"user":"120363160616746507@g.us","message":"","type":"received"}
[2025-11-13T18:24:25.848Z] [INFO] [message] Mensaje received {"user":"120363160616746507@g.us","message":"","type":"received"}
[2025-11-13T18:31:15.948Z] [INFO] [message] Mensaje received {"user":"120363160616746507@g.us","message":"","type":"received"}
[2025-11-13T18:31:45.364Z] [INFO] [message] Mensaje received {"user":"120363160616746507@g.us","message":"","type":"received"}
[2025-11-13T18:32:32.172Z] [INFO] [message] Mensaje received {"user":"120363160616746507@g.us","message":"","type":"received"}
[2025-11-13T18:32:39.757Z] [INFO] [message] Mensaje received {"user":"120363160616746507@g.us","message":"","type":"received"}
[2025-11-13T18:32:42.180Z] [INFO] [message] Mensaje received {"user":"120363160616746507@g.us","message":"just exactly","type":"received"}
[2025-11-13T18:32:45.206Z] [INFO] [message] Mensaje received {"user":"120363160616746507@g.us","message":"as i remember","type":"received"}
[2025-11-13T18:32:49.214Z] [INFO] [message] Mensaje received {"user":"120363160616746507@g.us","message":"every woooord","type":"received"}
[2025-11-13T18:32:52.067Z] [INFO] [message] Mensaje received {"user":"120363160616746507@g.us","message":"every gesture","type":"received"}
[2025-11-13T18:34:03.687Z] [INFO] [message] Mensaje received {"user":"120363160616746507@g.us","message":"","type":"received"}
[2025-11-13T18:35:25.284Z] [INFO] [message] Mensaje received {"user":"120363160616746507@g.us","message":"","type":"received"}
[2025-11-13T18:35:29.022Z] [INFO] [message] Mensaje received {"user":"120363160616746507@g.us","message":"#s","type":"received"}
[2025-11-13T18:35:30.634Z] [INFO] [session] Estado de conexión: connecting... {"qr":false}
[2025-11-13T18:35:30.635Z] [SUCCESS] [command] Comando ejecutado: s {"user":"120363160616746507@g.us","command":"s","args":[],"success":true,"result":null}
[2025-11-13T18:35:56.292Z] [INFO] [message] Mensaje received {"user":"120363160616746507@g.us","message":"","type":"received"}
[2025-11-13T18:35:59.428Z] [INFO] [message] Mensaje received {"user":"120363160616746507@g.us","message":"#s","type":"received"}
[2025-11-13T18:36:00.303Z] [INFO] [session] Estado de conexión: connecting... {"qr":false}
[2025-11-13T18:36:00.310Z] [SUCCESS] [command] Comando ejecutado: s {"user":"120363160616746507@g.us","command":"s","args":[],"success":true,"result":null}
[2025-11-13T18:36:04.539Z] [INFO] [message] Mensaje received {"user":"120363160616746507@g.us","message":"","type":"received"}
[2025-11-13T18:36:40.419Z] [INFO] [message] Mensaje received {"user":"120363160616746507@g.us","message":"","type":"received"}
[2025-11-13T18:36:42.872Z] [INFO] [message] Mensaje received {"user":"120363160616746507@g.us","message":"#s","type":"received"}
[2025-11-13T18:36:43.817Z] [INFO] [session] Estado de conexión: connecting... {"qr":false}
[2025-11-13T18:36:43.818Z] [SUCCESS] [command] Comando ejecutado: s {"user":"120363160616746507@g.us","command":"s","args":[],"success":true,"result":null}
[2025-11-13T18:36:49.286Z] [INFO] [message] Mensaje received {"user":"120363160616746507@g.us","message":"","type":"received"}
[2025-11-13T18:37:11.312Z] [INFO] [message] Mensaje received {"user":"120363160616746507@g.us","message":"","type":"received"}
[2025-11-13T18:37:14.114Z] [INFO] [message] Mensaje received {"user":"120363160616746507@g.us","message":"q temazo separator laputamadre","type":"received"}
[2025-11-13T18:37:14.537Z] [INFO] [message] Mensaje received {"user":"120363160616746507@g.us","message":"#s","type":"received"}
[2025-11-13T18:37:15.497Z] [INFO] [session] Estado de conexión: connecting... {"qr":false}
[2025-11-13T18:37:15.497Z] [SUCCESS] [command] Comando ejecutado: s {"user":"120363160616746507@g.us","command":"s","args":[],"success":true,"result":null}
[2025-11-13T18:37:17.783Z] [INFO] [message] Mensaje received {"user":"120363160616746507@g.us","message":"ahh vaina","type":"received"}
[2025-11-13T18:37:20.030Z] [INFO] [message] Mensaje received {"user":"120363160616746507@g.us","message":"","type":"received"}
[2025-11-13T18:37:41.691Z] [INFO] [message] Mensaje received {"user":"120363160616746507@g.us","message":"","type":"received"}
[2025-11-13T18:37:44.194Z] [INFO] [message] Mensaje received {"user":"120363160616746507@g.us","message":"","type":"received"}
[2025-11-13T18:37:44.570Z] [INFO] [message] Mensaje received {"user":"120363160616746507@g.us","message":"#s","type":"received"}
[2025-11-13T18:37:45.279Z] [INFO] [session] Estado de conexión: connecting... {"qr":false}
[2025-11-13T18:37:45.284Z] [SUCCESS] [command] Comando ejecutado: s {"user":"120363160616746507@g.us","command":"s","args":[],"success":true,"result":null}
[2025-11-13T18:37:48.690Z] [INFO] [message] Mensaje received {"user":"120363160616746507@g.us","message":"#s","type":"received"}
[2025-11-13T18:37:49.464Z] [INFO] [session] Estado de conexión: connecting... {"qr":false}
[2025-11-13T18:37:49.467Z] [SUCCESS] [command] Comando ejecutado: s {"user":"120363160616746507@g.us","command":"s","args":[],"success":true,"result":null}
[2025-11-13T18:38:03.615Z] [INFO] [message] Mensaje received {"user":"120363160616746507@g.us","message":"","type":"received"}
[2025-11-13T18:38:04.429Z] [INFO] [message] Mensaje received {"user":"120363160616746507@g.us","message":"","type":"received"}
[2025-11-13T18:38:05.583Z] [INFO] [message] Mensaje received {"user":"120363160616746507@g.us","message":"","type":"received"}
[2025-11-13T18:38:06.331Z] [INFO] [message] Mensaje received {"user":"120363160616746507@g.us","message":"","type":"received"}
[2025-11-13T18:38:16.427Z] [INFO] [message] Mensaje received {"user":"120363160616746507@g.us","message":"","type":"received"}
[2025-11-13T18:38:59.550Z] [INFO] [message] Mensaje received {"user":"120363160616746507@g.us","message":"","type":"received"}
[2025-11-13T18:39:01.227Z] [INFO] [message] Mensaje received {"user":"120363160616746507@g.us","message":"#s","type":"received"}
[2025-11-13T18:39:01.505Z] [INFO] [session] Estado de conexión: connecting... {"qr":false}
[2025-11-13T18:39:01.506Z] [SUCCESS] [command] Comando ejecutado: s {"user":"120363160616746507@g.us","command":"s","args":[],"success":true,"result":null}
[2025-11-13T18:39:10.505Z] [INFO] [message] Mensaje received {"user":"120363160616746507@g.us","message":"","type":"received"}
[2025-11-13T18:39:35.221Z] [INFO] [message] Mensaje received {"user":"120363160616746507@g.us","message":"","type":"received"}
[2025-11-13T18:39:36.409Z] [INFO] [message] Mensaje received {"user":"120363160616746507@g.us","message":"","type":"received"}
[2025-11-13T18:40:12.994Z] [INFO] [message] Mensaje received {"user":"120363160616746507@g.us","message":"#s","type":"received"}
[2025-11-13T18:40:17.514Z] [INFO] [session] Estado de conexión: connecting... {"qr":false}
[2025-11-13T18:40:17.515Z] [SUCCESS] [command] Comando ejecutado: s {"user":"120363160616746507@g.us","command":"s","args":[],"success":true,"result":null}
[2025-11-13T18:40:25.256Z] [INFO] [message] Mensaje received {"user":"120363160616746507@g.us","message":"mrd","type":"received"}
[2025-11-13T18:40:32.194Z] [INFO] [message] Mensaje received {"user":"120363160616746507@g.us","message":"pa cuando le pasen los yatusabe","type":"received"}
[2025-11-13T18:40:58.934Z] [INFO] [message] Mensaje received {"user":"120363160616746507@g.us","message":"un webote grande","type":"received"}
[2025-11-13T18:41:14.926Z] [INFO] [message] Mensaje received {"user":"120363160616746507@g.us","message":"o una cucota grande uno no sabe ps","type":"received"}
[2025-11-13T18:42:22.855Z] [INFO] [message] Mensaje received {"user":"120363160616746507@g.us","message":"","type":"received"}
[2025-11-13T18:42:24.360Z] [INFO] [message] Mensaje received {"user":"120363160616746507@g.us","message":"#s","type":"received"}
[2025-11-13T18:42:25.728Z] [INFO] [session] Estado de conexión: connecting... {"qr":false}
[2025-11-13T18:42:25.729Z] [SUCCESS] [command] Comando ejecutado: s {"user":"120363160616746507@g.us","command":"s","args":[],"success":true,"result":null}
[2025-11-13T18:43:36.050Z] [INFO] [message] Mensaje received {"user":"120363160616746507@g.us","message":"disco o q habla","type":"received"}
[2025-11-13T18:44:26.553Z] [INFO] [message] Mensaje received {"user":"120363160616746507@g.us","message":"mas tarse","type":"received"}
[2025-11-13T18:44:30.465Z] [INFO] [message] Mensaje received {"user":"120363160616746507@g.us","message":"pero cual","type":"received"}
[2025-11-13T18:44:36.294Z] [INFO] [message] Mensaje received {"user":"120363160616746507@g.us","message":"no sé","type":"received"}
[2025-11-13T18:44:39.011Z] [INFO] [message] Mensaje received {"user":"120363160616746507@g.us","message":"diga","type":"received"}
[2025-11-13T18:45:13.455Z] [INFO] [message] Mensaje received {"user":"120363160616746507@g.us","message":"islands esa mrd","type":"received"}
[2025-11-13T18:45:23.038Z] [INFO] [message] Mensaje received {"user":"120363160616746507@g.us","message":"listo pues","type":"received"}
[2025-11-13T18:45:35.055Z] [INFO] [message] Mensaje received {"user":"120363160616746507@g.us","message":"","type":"received"}
[2025-11-13T19:42:02.057Z] [INFO] [message] Mensaje received {"user":"120363160616746507@g.us","message":"","type":"received"}
[2025-11-13T19:42:13.633Z] [INFO] [message] Mensaje received {"user":"120363160616746507@g.us","message":"en la última estaba meando cuando me tumbó la torre","type":"received"}
[2025-11-13T19:43:30.279Z] [INFO] [message] Mensaje received {"user":"120363160616746507@g.us","message":"nada nada","type":"received"}
[2025-11-13T19:43:33.443Z] [INFO] [message] Mensaje received {"user":"120363160616746507@g.us","message":"lo tengo papiao","type":"received"}
[2025-11-13T19:43:43.270Z] [INFO] [message] Mensaje received {"user":"120363160616746507@g.us","message":"la ultima q me gano la cague con el tronco","type":"received"}
[2025-11-13T19:43:49.952Z] [INFO] [message] Mensaje received {"user":"120363160616746507@g.us","message":"lo lancé sin querer al medio","type":"received"}
[2025-11-13T19:43:57.743Z] [INFO] [message] Mensaje received {"user":"120363160616746507@g.us","message":"5a 2 mmgvo","type":"received"}
[2025-11-13T19:44:04.936Z] [INFO] [message] Mensaje received {"user":"120363160616746507@g.us","message":"y esa última vez taba meando","type":"received"}
[2025-11-13T19:44:14.810Z] [INFO] [message] Mensaje received {"user":"120363160616746507@g.us","message":"","type":"received"}
[2025-11-13T19:49:42.539Z] [INFO] [system] Iniciando bot de WhatsApp... 
[2025-11-13T19:49:42.544Z] [INFO] [session] Sesión activa encontrada, manteniendo... 
[2025-11-13T19:49:42.481Z] [INFO] [system] Rotación de logs programada cada 24 horas 
[2025-11-13T19:49:42.629Z] [INFO] [system] Usando Baileys version: 2.3000.1027934701 
[2025-11-13T19:49:42.643Z] [INFO] [session] Estado de conexión: connecting {"status":"connecting","qr":false}
[2025-11-13T19:49:43.209Z] [INFO] [session] Estado de conexión: connecting... {"qr":false}
[2025-11-13T19:49:43.237Z] [INFO] [session] Estado de conexión: connecting... {"qr":false}
[2025-11-13T19:49:43.239Z] [SUCCESS] [session] Conexión exitosa a WhatsApp {"user":"Untrue","id":"584120614314:32@s.whatsapp.net"}
[2025-11-13T19:49:43.237Z] [INFO] [session] Estado de conexión: open {"status":"open","qr":false}
[2025-11-13T19:50:08.189Z] [INFO] [message] Mensaje received {"user":"30837949124772@lid","message":"#ping","type":"received"}
[2025-11-13T19:50:08.442Z] [SUCCESS] [command] Comando ejecutado: ping {"user":"30837949124772@lid","command":"ping","args":[],"success":true,"result":null}
[2025-11-13T19:50:12.485Z] [INFO] [logrotate] 🚀 Iniciando rotación automática de logs... 
[2025-11-13T19:50:12.485Z] [DEBUG] [logrotate] Rotación: No se encontraron archivos para eliminar 
[2025-11-13T19:50:12.489Z] [INFO] [logrotate] Reporte de almacenamiento {"totalFiles":23,"totalSize":392451,"totalSizeMB":"0.37","logFiles":23,"backupFiles":0}
[2025-11-13T19:50:12.490Z] [INFO] [logrotate] ✅ Rotación completada en 5ms {"duration":5,"report":{"totalFiles":23,"totalSize":392451,"totalSizeMB":"0.37","logFiles":23,"backupFiles":0}}
[2025-11-13T19:50:17.682Z] [INFO] [message] Mensaje received {"user":"30837949124772@lid","message":"#reel","type":"received"}
[2025-11-13T19:50:19.349Z] [SUCCESS] [command] Comando ejecutado: reel {"user":"30837949124772@lid","command":"reel","args":[],"success":true,"result":null}
[2025-11-13T19:50:27.897Z] [INFO] [message] Mensaje received {"user":"30837949124772@lid","message":"#reel https://www.instagram.com/reel/DQOPVImjd8b/?igsh=MWdyc2Z3NzFncjFnaQ==","type":"received"}
[2025-11-13T19:50:37.511Z] [SUCCESS] [command] Comando ejecutado: reel {"user":"30837949124772@lid","command":"reel","args":["https://www.instagram.com/reel/DQOPVImjd8b/?igsh=MWdyc2Z3NzFncjFnaQ=="],"success":true,"result":null}
[2025-11-13T19:53:50.704Z] [INFO] [system] Rotación de logs programada cada 24 horas 
[2025-11-13T19:53:50.767Z] [INFO] [system] Iniciando bot de WhatsApp... 
[2025-11-13T19:53:50.769Z] [INFO] [session] Sesión activa encontrada, manteniendo... 
[2025-11-13T19:53:50.891Z] [INFO] [system] Usando Baileys version: 2.3000.1027934701 
[2025-11-13T19:53:50.905Z] [INFO] [session] Estado de conexión: connecting {"status":"connecting","qr":false}
[2025-11-13T19:53:51.248Z] [INFO] [session] Estado de conexión: connecting... {"qr":false}
[2025-11-13T19:53:51.325Z] [INFO] [session] Estado de conexión: open {"status":"open","qr":false}
[2025-11-13T19:53:51.324Z] [INFO] [session] Estado de conexión: connecting... {"qr":false}
[2025-11-13T19:53:51.325Z] [SUCCESS] [session] Conexión exitosa a WhatsApp {"user":"Untrue","id":"584120614314:32@s.whatsapp.net"}
[2025-11-13T19:54:20.722Z] [INFO] [logrotate] 🚀 Iniciando rotación automática de logs... 
[2025-11-13T19:54:20.723Z] [DEBUG] [logrotate] Rotación: No se encontraron archivos para eliminar 
[2025-11-13T19:54:20.726Z] [INFO] [logrotate] Reporte de almacenamiento {"totalFiles":23,"totalSize":395580,"totalSizeMB":"0.38","logFiles":23,"backupFiles":0}
[2025-11-13T19:54:20.727Z] [INFO] [logrotate] ✅ Rotación completada en 5ms {"duration":5,"report":{"totalFiles":23,"totalSize":395580,"totalSizeMB":"0.38","logFiles":23,"backupFiles":0}}
[2025-11-13T19:54:53.765Z] [INFO] [message] Mensaje received {"user":"120363160616746507@g.us","message":"que vaya y lo mee o q","type":"received"}
[2025-11-13T19:55:27.125Z] [INFO] [message] Mensaje received {"user":"30837949124772@lid","message":"#ping","type":"received"}
[2025-11-13T19:55:27.390Z] [SUCCESS] [command] Comando ejecutado: ping {"user":"30837949124772@lid","command":"ping","args":[],"success":true,"result":null}
[2025-11-13T19:55:35.672Z] [INFO] [message] Mensaje received {"user":"30837949124772@lid","message":"#reel https://www.instagram.com/reel/DPVCbHzjopx/?igsh=MW1tdnBwZWg1eno1NA==","type":"received"}
[2025-11-13T19:55:42.281Z] [SUCCESS] [command] Comando ejecutado: reel {"user":"30837949124772@lid","command":"reel","args":["https://www.instagram.com/reel/DPVCbHzjopx/?igsh=MW1tdnBwZWg1eno1NA=="],"success":true,"result":null}
[2025-11-13T19:56:59.341Z] [INFO] [system] Rotación de logs programada cada 24 horas 
[2025-11-13T19:56:59.396Z] [INFO] [system] Iniciando bot de WhatsApp... 
[2025-11-13T19:56:59.399Z] [INFO] [session] Sesión activa encontrada, manteniendo... 
[2025-11-13T19:56:59.512Z] [INFO] [system] Usando Baileys version: 2.3000.1027934701 
[2025-11-13T19:56:59.524Z] [INFO] [session] Estado de conexión: connecting {"status":"connecting","qr":false}
[2025-11-13T19:56:59.936Z] [INFO] [session] Estado de conexión: connecting... {"qr":false}
[2025-11-13T19:56:59.943Z] [INFO] [session] Estado de conexión: connecting... {"qr":false}
[2025-11-13T19:56:59.944Z] [INFO] [session] Estado de conexión: open {"status":"open","qr":false}
[2025-11-13T19:56:59.944Z] [SUCCESS] [session] Conexión exitosa a WhatsApp {"user":"Untrue","id":"584120614314:32@s.whatsapp.net"}
[2025-11-13T19:57:16.403Z] [INFO] [message] Mensaje received {"user":"status@broadcast","message":"","type":"received"}
[2025-11-13T19:57:24.734Z] [INFO] [message] Mensaje received {"user":"120363387470929207@g.us","message":"#ping","type":"received"}
[2025-11-13T19:57:25.103Z] [SUCCESS] [command] Comando ejecutado: ping {"user":"120363387470929207@g.us","command":"ping","args":[],"success":true,"result":null}
[2025-11-13T19:57:29.343Z] [INFO] [logrotate] 🚀 Iniciando rotación automática de logs... 
[2025-11-13T19:57:29.344Z] [DEBUG] [logrotate] Rotación: No se encontraron archivos para eliminar 
[2025-11-13T19:57:29.347Z] [INFO] [logrotate] Reporte de almacenamiento {"totalFiles":23,"totalSize":399554,"totalSizeMB":"0.38","logFiles":23,"backupFiles":0}
[2025-11-13T19:57:29.347Z] [INFO] [logrotate] ✅ Rotación completada en 4ms {"duration":4,"report":{"totalFiles":23,"totalSize":399554,"totalSizeMB":"0.38","logFiles":23,"backupFiles":0}}
[2025-11-13T19:57:29.963Z] [INFO] [message] Mensaje received {"user":"120363387470929207@g.us","message":"#reel https://www.instagram.com/reel/DQLOuRKDuvc/?igsh=M3NnZ3NxbDAzMXNx","type":"received"}
[2025-11-13T19:57:40.500Z] [SUCCESS] [command] Comando ejecutado: reel {"user":"120363387470929207@g.us","command":"reel","args":["https://www.instagram.com/reel/DQLOuRKDuvc/?igsh=M3NnZ3NxbDAzMXNx"],"success":true,"result":null}
[2025-11-13T19:59:14.549Z] [INFO] [message] Mensaje received {"user":"status@broadcast","message":"","type":"received"}
[2025-11-13T19:59:53.310Z] [INFO] [message] Mensaje received {"user":"status@broadcast","message":"","type":"received"}
[2025-11-13T20:03:49.257Z] [INFO] [message] Mensaje received {"user":"120363387470929207@g.us","message":"Yo","type":"received"}
[2025-11-13T20:04:50.831Z] [INFO] [message] Mensaje received {"user":"120363160616746507@g.us","message":"","type":"received"}
[2025-11-13T20:06:48.745Z] [INFO] [system] Rotación de logs programada cada 24 horas 
[2025-11-13T20:06:48.792Z] [INFO] [system] Iniciando bot de WhatsApp... 
[2025-11-13T20:06:48.794Z] [INFO] [session] Sesión activa encontrada, manteniendo... 
[2025-11-13T20:06:48.903Z] [INFO] [system] Usando Baileys version: 2.3000.1027934701 
[2025-11-13T20:06:48.917Z] [INFO] [session] Estado de conexión: connecting {"status":"connecting","qr":false}
[2025-11-13T20:06:49.831Z] [INFO] [session] Estado de conexión: connecting... {"qr":false}
[2025-11-13T20:06:50.128Z] [INFO] [session] Estado de conexión: connecting... {"qr":false}
[2025-11-13T20:06:50.129Z] [INFO] [session] Estado de conexión: open {"status":"open","qr":false}
[2025-11-13T20:06:50.129Z] [SUCCESS] [session] Conexión exitosa a WhatsApp {"user":"Untrue","id":"584120614314:32@s.whatsapp.net"}
[2025-11-13T20:07:18.767Z] [INFO] [logrotate] 🚀 Iniciando rotación automática de logs... 
[2025-11-13T20:07:18.768Z] [DEBUG] [logrotate] Rotación: No se encontraron archivos para eliminar 
[2025-11-13T20:07:18.773Z] [INFO] [logrotate] Reporte de almacenamiento {"totalFiles":23,"totalSize":403012,"totalSizeMB":"0.38","logFiles":23,"backupFiles":0}
[2025-11-13T20:07:18.773Z] [INFO] [logrotate] ✅ Rotación completada en 6ms {"duration":6,"report":{"totalFiles":23,"totalSize":403012,"totalSizeMB":"0.38","logFiles":23,"backupFiles":0}}
[2025-11-13T20:07:49.453Z] [INFO] [message] Mensaje received {"user":"30837949124772@lid","message":"#ping","type":"received"}
[2025-11-13T20:07:50.588Z] [SUCCESS] [command] Comando ejecutado: ping {"user":"30837949124772@lid","command":"ping","args":[],"success":true,"result":null}
[2025-11-13T20:07:54.881Z] [INFO] [message] Mensaje received {"user":"30837949124772@lid","message":"#post https://www.instagram.com/p/DQZ60rujvjS/?igsh=M3hsdW5ranQxY3Z0","type":"received"}
[2025-11-13T20:08:03.446Z] [SUCCESS] [command] Comando ejecutado: post {"user":"30837949124772@lid","command":"post","args":["https://www.instagram.com/p/DQZ60rujvjS/?igsh=M3hsdW5ranQxY3Z0"],"success":true,"result":null}
[2025-11-13T20:08:20.965Z] [INFO] [message] Mensaje received {"user":"30837949124772@lid","message":"#reel https://www.instagram.com/p/DQZ60rujvjS/?igsh=M3hsdW5ranQxY3Z0","type":"received"}
[2025-11-13T20:08:27.306Z] [SUCCESS] [command] Comando ejecutado: reel {"user":"30837949124772@lid","command":"reel","args":["https://www.instagram.com/p/DQZ60rujvjS/?igsh=M3hsdW5ranQxY3Z0"],"success":true,"result":null}
[2025-11-13T20:13:37.633Z] [INFO] [system] Rotación de logs programada cada 24 horas 
[2025-11-13T20:13:37.678Z] [INFO] [system] Iniciando bot de WhatsApp... 
[2025-11-13T20:13:37.680Z] [INFO] [session] Sesión activa encontrada, manteniendo... 
[2025-11-13T20:13:37.752Z] [INFO] [system] Usando Baileys version: 2.3000.1027934701 
[2025-11-13T20:13:37.764Z] [INFO] [session] Estado de conexión: connecting {"status":"connecting","qr":false}
[2025-11-13T20:13:38.122Z] [INFO] [session] Estado de conexión: connecting... {"qr":false}
[2025-11-13T20:13:38.197Z] [INFO] [session] Estado de conexión: connecting... {"qr":false}
[2025-11-13T20:13:38.198Z] [INFO] [session] Estado de conexión: open {"status":"open","qr":false}
[2025-11-13T20:13:38.198Z] [SUCCESS] [session] Conexión exitosa a WhatsApp {"user":"Untrue","id":"584120614314:32@s.whatsapp.net"}
[2025-11-13T20:14:07.654Z] [INFO] [logrotate] 🚀 Iniciando rotación automática de logs... 
[2025-11-13T20:14:07.655Z] [DEBUG] [logrotate] Rotación: No se encontraron archivos para eliminar 
[2025-11-13T20:14:07.659Z] [INFO] [logrotate] Reporte de almacenamiento {"totalFiles":24,"totalSize":406782,"totalSizeMB":"0.39","logFiles":24,"backupFiles":0}
[2025-11-13T20:14:07.659Z] [INFO] [logrotate] ✅ Rotación completada en 5ms {"duration":5,"report":{"totalFiles":24,"totalSize":406782,"totalSizeMB":"0.39","logFiles":24,"backupFiles":0}}
[2025-11-13T20:14:12.084Z] [INFO] [message] Mensaje received {"user":"30837949124772@lid","message":"#pin","type":"received"}
[2025-11-13T20:14:12.233Z] [SUCCESS] [command] Comando ejecutado: pin {"user":"30837949124772@lid","command":"pin","args":[],"success":true,"result":null}
[2025-11-13T20:14:15.910Z] [INFO] [message] Mensaje received {"user":"30837949124772@lid","message":"#ping","type":"received"}
[2025-11-13T20:14:16.115Z] [SUCCESS] [command] Comando ejecutado: ping {"user":"30837949124772@lid","command":"ping","args":[],"success":true,"result":null}
[2025-11-13T20:14:35.206Z] [INFO] [message] Mensaje received {"user":"30837949124772@lid","message":"#post https://www.instagram.com/p/DQZ60rujvjS/?igsh=M3hsdW5ranQxY3Z0","type":"received"}
[2025-11-13T20:14:41.095Z] [SUCCESS] [command] Comando ejecutado: post {"user":"30837949124772@lid","command":"post","args":["https://www.instagram.com/p/DQZ60rujvjS/?igsh=M3hsdW5ranQxY3Z0"],"success":true,"result":null}
[2025-11-13T20:15:03.407Z] [INFO] [message] Mensaje received {"user":"120363387470929207@g.us","message":"#post https://www.instagram.com/p/DQZ60rujvjS/?igsh=M3hsdW5ranQxY3Z0","type":"received"}
[2025-11-13T20:15:10.586Z] [SUCCESS] [command] Comando ejecutado: post {"user":"120363387470929207@g.us","command":"post","args":["https://www.instagram.com/p/DQZ60rujvjS/?igsh=M3hsdW5ranQxY3Z0"],"success":true,"result":null}
[2025-11-13T20:15:12.738Z] [INFO] [message] Mensaje received {"user":"120363387470929207@g.us","message":"jai papá","type":"received"}
[2025-11-13T20:15:14.750Z] [INFO] [message] Mensaje received {"user":"120363387470929207@g.us","message":"ahora si","type":"received"}
[2025-11-13T20:15:21.585Z] [INFO] [message] Mensaje received {"user":"120363387470929207@g.us","message":"","type":"received"}
[2025-11-13T20:15:28.898Z] [INFO] [message] Mensaje received {"user":"status@broadcast","message":"","type":"received"}
[2025-11-13T20:15:34.154Z] [INFO] [message] Mensaje received {"user":"120363387470929207@g.us","message":"","type":"received"}
[2025-11-13T20:15:36.608Z] [INFO] [message] Mensaje received {"user":"120363387470929207@g.us","message":"Yo","type":"received"}
[2025-11-13T20:15:49.866Z] [INFO] [message] Mensaje received {"user":"120363387470929207@g.us","message":"reels y post","type":"received"}
[2025-11-13T20:15:55.497Z] [INFO] [message] Mensaje received {"user":"120363387470929207@g.us","message":"falta historias","type":"received"}
[2025-11-13T20:15:58.716Z] [INFO] [message] Mensaje received {"user":"120363387470929207@g.us","message":"","type":"received"}
[2025-11-13T20:16:49.960Z] [INFO] [message] Mensaje received {"user":"120363387470929207@g.us","message":"#post https://www.instagram.com/p/DQ-sr-gEZgW/?img_index=1&igsh=anBqMnJydXE3Yno1","type":"received"}
[2025-11-13T20:17:10.614Z] [SUCCESS] [command] Comando ejecutado: post {"user":"120363387470929207@g.us","command":"post","args":["https://www.instagram.com/p/DQ-sr-gEZgW/?img_index=1&igsh=anBqMnJydXE3Yno1"],"success":true,"result":null}
[2025-11-13T20:22:16.288Z] [INFO] [message] Mensaje received {"user":"120363387470929207@g.us","message":"#post https://www.instagram.com/p/DQRbyWfDoz0/?igsh=ZGE3OHFmdWkwM3g1","type":"received"}
[2025-11-13T20:22:24.230Z] [SUCCESS] [command] Comando ejecutado: post {"user":"120363387470929207@g.us","command":"post","args":["https://www.instagram.com/p/DQRbyWfDoz0/?igsh=ZGE3OHFmdWkwM3g1"],"success":true,"result":null}
[2025-11-13T20:22:44.770Z] [INFO] [message] Mensaje received {"user":"120363387470929207@g.us","message":"#s","type":"received"}
[2025-11-13T20:22:45.743Z] [INFO] [session] Estado de conexión: connecting... {"qr":false}
[2025-11-13T20:22:45.744Z] [SUCCESS] [command] Comando ejecutado: s {"user":"120363387470929207@g.us","command":"s","args":[],"success":true,"result":null}
[2025-11-13T20:24:40.735Z] [INFO] [system] Rotación de logs programada cada 24 horas 
[2025-11-13T20:24:40.780Z] [INFO] [system] Iniciando bot de WhatsApp... 
[2025-11-13T20:24:40.783Z] [INFO] [session] Sesión activa encontrada, manteniendo... 
[2025-11-13T20:24:40.876Z] [INFO] [system] Usando Baileys version: 2.3000.1027934701 
[2025-11-13T20:24:40.890Z] [INFO] [session] Estado de conexión: connecting {"status":"connecting","qr":false}
[2025-11-13T20:24:41.804Z] [INFO] [session] Estado de conexión: connecting... {"qr":false}
[2025-11-13T20:24:41.926Z] [INFO] [session] Estado de conexión: connecting... {"qr":false}
[2025-11-13T20:24:41.927Z] [INFO] [session] Estado de conexión: open {"status":"open","qr":false}
[2025-11-13T20:24:41.927Z] [SUCCESS] [session] Conexión exitosa a WhatsApp {"user":"Untrue","id":"584120614314:32@s.whatsapp.net"}
[2025-11-13T20:25:10.757Z] [INFO] [logrotate] 🚀 Iniciando rotación automática de logs... 
[2025-11-13T20:25:10.758Z] [DEBUG] [logrotate] Rotación: No se encontraron archivos para eliminar 
[2025-11-13T20:25:10.761Z] [INFO] [logrotate] Reporte de almacenamiento {"totalFiles":24,"totalSize":414809,"totalSizeMB":"0.40","logFiles":24,"backupFiles":0}
[2025-11-13T20:25:10.761Z] [INFO] [logrotate] ✅ Rotación completada en 4ms {"duration":4,"report":{"totalFiles":24,"totalSize":414809,"totalSizeMB":"0.40","logFiles":24,"backupFiles":0}}
[2025-11-13T20:25:50.184Z] [INFO] [message] Mensaje received {"user":"30837949124772@lid","message":"#post 4 https://www.instagram.com/p/DQbFfgzDho4/?igsh=MXhocDN1MTMxZnU4dA==","type":"received"}
[2025-11-13T20:25:56.431Z] [SUCCESS] [command] Comando ejecutado: post {"user":"30837949124772@lid","command":"post","args":["4","https://www.instagram.com/p/DQbFfgzDho4/?igsh=MXhocDN1MTMxZnU4dA=="],"success":true,"result":null}
[2025-11-13T20:28:17.513Z] [INFO] [message] Mensaje received {"user":"30837949124772@lid","message":"#post 8 https://www.instagram.com/p/DQbFfgzDho4/?igsh=MXhocDN1MTMxZnU4dA==","type":"received"}
[2025-11-13T20:28:22.659Z] [SUCCESS] [command] Comando ejecutado: post {"user":"30837949124772@lid","command":"post","args":["8","https://www.instagram.com/p/DQbFfgzDho4/?igsh=MXhocDN1MTMxZnU4dA=="],"success":true,"result":null}
[2025-11-13T20:28:39.723Z] [INFO] [message] Mensaje received {"user":"120363387470929207@g.us","message":"pillen","type":"received"}
[2025-11-13T20:29:04.479Z] [INFO] [message] Mensaje received {"user":"120363387470929207@g.us","message":"A","type":"received"}
[2025-11-13T20:29:11.422Z] [INFO] [message] Mensaje received {"user":"120363387470929207@g.us","message":"si quieren descargar un post pero tiene varias imagenes y solo quieren descargar una en específico l...","type":"received"}
[2025-11-13T20:29:13.323Z] [INFO] [message] Mensaje received {"user":"120363387470929207@g.us","message":"tipo","type":"received"}
[2025-11-13T20:29:18.235Z] [INFO] [message] Mensaje received {"user":"120363387470929207@g.us","message":"#post 5 https://www.instagram.com/p/DQbFfgzDho4/?igsh=MXhocDN1MTMxZnU4dA==","type":"received"}
[2025-11-13T20:29:24.461Z] [SUCCESS] [command] Comando ejecutado: post {"user":"120363387470929207@g.us","command":"post","args":["5","https://www.instagram.com/p/DQbFfgzDho4/?igsh=MXhocDN1MTMxZnU4dA=="],"success":true,"result":null}
[2025-11-13T20:29:30.284Z] [INFO] [message] Mensaje received {"user":"120363387470929207@g.us","message":"y ya","type":"received"}
[2025-11-13T20:29:33.367Z] [INFO] [message] Mensaje received {"user":"status@broadcast","message":"","type":"received"}
[2025-11-13T20:30:01.095Z] [INFO] [message] Mensaje received {"user":"120363387470929207@g.us","message":"Okei","type":"received"}
[2025-11-13T20:30:53.968Z] [INFO] [message] Mensaje received {"user":"status@broadcast","message":"","type":"received"}
[2025-11-13T20:31:56.442Z] [INFO] [message] Mensaje received {"user":"120363387470929207@g.us","message":"#post 12 https://www.instagram.com/p/DQ5cVqikaOy/?img_index=11&igsh=MTdxbnVpM3lyMTF2aw==","type":"received"}
[2025-11-13T20:32:04.917Z] [SUCCESS] [command] Comando ejecutado: post {"user":"120363387470929207@g.us","command":"post","args":["12","https://www.instagram.com/p/DQ5cVqikaOy/?img_index=11&igsh=MTdxbnVpM3lyMTF2aw=="],"success":true,"result":null}
[2025-11-13T20:32:22.635Z] [INFO] [message] Mensaje received {"user":"120363387470929207@g.us","message":"","type":"received"}
[2025-11-13T20:39:18.288Z] [INFO] [system] Rotación de logs programada cada 24 horas 
[2025-11-13T20:39:18.356Z] [INFO] [system] Iniciando bot de WhatsApp... 
[2025-11-13T20:39:18.358Z] [INFO] [session] Sesión activa encontrada, manteniendo... 
[2025-11-13T20:39:18.467Z] [INFO] [system] Usando Baileys version: 2.3000.1027934701 
[2025-11-13T20:39:18.482Z] [INFO] [session] Estado de conexión: connecting {"status":"connecting","qr":false}
[2025-11-13T20:39:19.561Z] [INFO] [session] Estado de conexión: connecting... {"qr":false}
[2025-11-13T20:39:19.689Z] [INFO] [session] Estado de conexión: connecting... {"qr":false}
[2025-11-13T20:39:19.690Z] [INFO] [session] Estado de conexión: open {"status":"open","qr":false}
[2025-11-13T20:39:19.690Z] [SUCCESS] [session] Conexión exitosa a WhatsApp {"user":"Untrue","id":"584120614314:32@s.whatsapp.net"}
[2025-11-13T20:39:48.310Z] [INFO] [logrotate] 🚀 Iniciando rotación automática de logs... 
[2025-11-13T20:39:48.312Z] [DEBUG] [logrotate] Rotación: No se encontraron archivos para eliminar 
[2025-11-13T20:39:48.319Z] [INFO] [logrotate] Reporte de almacenamiento {"totalFiles":24,"totalSize":421647,"totalSizeMB":"0.40","logFiles":24,"backupFiles":0}
[2025-11-13T20:39:48.319Z] [INFO] [logrotate] ✅ Rotación completada en 8ms {"duration":8,"report":{"totalFiles":24,"totalSize":421647,"totalSizeMB":"0.40","logFiles":24,"backupFiles":0}}
[2025-11-13T20:40:06.457Z] [INFO] [message] Mensaje received {"user":"30837949124772@lid","message":"#story https://www.instagram.com/stories/nsqkk/3765101148832383397?utm_source=ig_story_item_share&ig...","type":"received"}
[2025-11-13T20:40:28.155Z] [SUCCESS] [command] Comando ejecutado: story {"user":"30837949124772@lid","command":"story","args":["https://www.instagram.com/stories/nsqkk/3765101148832383397?utm_source=ig_story_item_share&igsh=MWM4OG55cWtid3h6eA=="],"success":true,"result":null}
[2025-11-13T20:43:38.142Z] [INFO] [system] Iniciando bot de WhatsApp... 
[2025-11-13T20:43:38.144Z] [INFO] [session] Sesión activa encontrada, manteniendo... 
[2025-11-13T20:43:38.079Z] [INFO] [system] Rotación de logs programada cada 24 horas 
[2025-11-13T20:43:38.223Z] [INFO] [system] Usando Baileys version: 2.3000.1027934701 
[2025-11-13T20:43:38.234Z] [INFO] [session] Estado de conexión: connecting {"status":"connecting","qr":false}
[2025-11-13T20:43:38.593Z] [INFO] [session] Estado de conexión: connecting... {"qr":false}
[2025-11-13T20:43:38.630Z] [INFO] [session] Estado de conexión: open {"status":"open","qr":false}
[2025-11-13T20:43:38.629Z] [INFO] [session] Estado de conexión: connecting... {"qr":false}
[2025-11-13T20:43:38.630Z] [SUCCESS] [session] Conexión exitosa a WhatsApp {"user":"Untrue","id":"584120614314:32@s.whatsapp.net"}
[2025-11-13T20:44:08.083Z] [INFO] [logrotate] 🚀 Iniciando rotación automática de logs... 
[2025-11-13T20:44:08.083Z] [DEBUG] [logrotate] Rotación: No se encontraron archivos para eliminar 
[2025-11-13T20:44:08.087Z] [INFO] [logrotate] Reporte de almacenamiento {"totalFiles":25,"totalSize":424514,"totalSizeMB":"0.40","logFiles":25,"backupFiles":0}
[2025-11-13T20:44:08.087Z] [INFO] [logrotate] ✅ Rotación completada en 4ms {"duration":4,"report":{"totalFiles":25,"totalSize":424514,"totalSizeMB":"0.40","logFiles":25,"backupFiles":0}}
[2025-11-13T20:44:16.126Z] [INFO] [message] Mensaje received {"user":"30837949124772@lid","message":"#ping","type":"received"}
[2025-11-13T20:44:16.376Z] [SUCCESS] [command] Comando ejecutado: ping {"user":"30837949124772@lid","command":"ping","args":[],"success":true,"result":null}
[2025-11-13T20:44:33.076Z] [INFO] [message] Mensaje received {"user":"30837949124772@lid","message":"#story https://www.instagram.com/stories/nsqkk/3765101148832383397?utm_source=ig_story_item_share&ig...","type":"received"}
[2025-11-13T20:44:34.532Z] [SUCCESS] [command] Comando ejecutado: story {"user":"30837949124772@lid","command":"story","args":["https://www.instagram.com/stories/nsqkk/3765101148832383397?utm_source=ig_story_item_share&igsh=MWM4OG55cWtid3h6eA=="],"success":true,"result":null}
[2025-11-13T20:51:48.531Z] [INFO] [system] Rotación de logs programada cada 24 horas 
[2025-11-13T20:51:48.608Z] [INFO] [system] Iniciando bot de WhatsApp... 
[2025-11-13T20:51:48.613Z] [INFO] [session] Sesión activa encontrada, manteniendo... 
[2025-11-13T20:51:48.718Z] [INFO] [system] Usando Baileys version: 2.3000.1027934701 
[2025-11-13T20:51:48.730Z] [INFO] [session] Estado de conexión: connecting {"status":"connecting","qr":false}
[2025-11-13T20:51:49.102Z] [INFO] [session] Estado de conexión: connecting... {"qr":false}
[2025-11-13T20:51:49.138Z] [INFO] [session] Estado de conexión: connecting... {"qr":false}
[2025-11-13T20:51:49.139Z] [INFO] [session] Estado de conexión: open {"status":"open","qr":false}
[2025-11-13T20:51:49.139Z] [SUCCESS] [session] Conexión exitosa a WhatsApp {"user":"Untrue","id":"584120614314:32@s.whatsapp.net"}
[2025-11-13T20:52:17.331Z] [INFO] [message] Mensaje received {"user":"30837949124772@lid","message":"#ping","type":"received"}
[2025-11-13T20:52:17.598Z] [SUCCESS] [command] Comando ejecutado: ping {"user":"30837949124772@lid","command":"ping","args":[],"success":true,"result":null}
[2025-11-13T20:52:18.531Z] [INFO] [logrotate] 🚀 Iniciando rotación automática de logs... 
[2025-11-13T20:52:18.533Z] [DEBUG] [logrotate] Rotación: No se encontraron archivos para eliminar 
[2025-11-13T20:52:18.538Z] [INFO] [logrotate] Reporte de almacenamiento {"totalFiles":25,"totalSize":428211,"totalSizeMB":"0.41","logFiles":25,"backupFiles":0}
[2025-11-13T20:52:18.539Z] [INFO] [logrotate] ✅ Rotación completada en 7ms {"duration":7,"report":{"totalFiles":25,"totalSize":428211,"totalSizeMB":"0.41","logFiles":25,"backupFiles":0}}
[2025-11-13T20:52:26.091Z] [INFO] [message] Mensaje received {"user":"30837949124772@lid","message":"#story nsqkk","type":"received"}
[2025-11-13T20:52:26.997Z] [SUCCESS] [command] Comando ejecutado: story {"user":"30837949124772@lid","command":"story","args":["nsqkk"],"success":true,"result":null}
[2025-11-13T20:54:07.026Z] [INFO] [message] Mensaje received {"user":"status@broadcast","message":"Cada día menos músculo","type":"received"}
[2025-11-13T20:55:43.882Z] [INFO] [system] Rotación de logs programada cada 24 horas 
[2025-11-13T20:55:43.931Z] [INFO] [system] Iniciando bot de WhatsApp... 
[2025-11-13T20:55:43.933Z] [INFO] [session] Sesión activa encontrada, manteniendo... 
[2025-11-13T20:55:44.015Z] [INFO] [system] Usando Baileys version: 2.3000.1027934701 
[2025-11-13T20:55:44.026Z] [INFO] [session] Estado de conexión: connecting {"status":"connecting","qr":false}
[2025-11-13T20:55:44.943Z] [INFO] [session] Estado de conexión: connecting... {"qr":false}
[2025-11-13T20:55:45.214Z] [INFO] [session] Estado de conexión: connecting... {"qr":false}
[2025-11-13T20:55:45.215Z] [INFO] [session] Estado de conexión: open {"status":"open","qr":false}
[2025-11-13T20:55:45.215Z] [SUCCESS] [session] Conexión exitosa a WhatsApp {"user":"Untrue","id":"584120614314:32@s.whatsapp.net"}
[2025-11-13T20:56:13.903Z] [INFO] [logrotate] 🚀 Iniciando rotación automática de logs... 
[2025-11-13T20:56:13.904Z] [DEBUG] [logrotate] Rotación: No se encontraron archivos para eliminar 
[2025-11-13T20:56:13.912Z] [INFO] [logrotate] Reporte de almacenamiento {"totalFiles":25,"totalSize":430899,"totalSizeMB":"0.41","logFiles":25,"backupFiles":0}
[2025-11-13T20:56:13.912Z] [INFO] [logrotate] ✅ Rotación completada en 9ms {"duration":9,"report":{"totalFiles":25,"totalSize":430899,"totalSizeMB":"0.41","logFiles":25,"backupFiles":0}}
[2025-11-13T20:56:36.103Z] [INFO] [message] Mensaje received {"user":"30837949124772@lid","message":"#ping","type":"received"}
[2025-11-13T20:56:37.148Z] [SUCCESS] [command] Comando ejecutado: ping {"user":"30837949124772@lid","command":"ping","args":[],"success":true,"result":null}
[2025-11-13T20:56:40.145Z] [INFO] [message] Mensaje received {"user":"30837949124772@lid","message":"#story nsqkk","type":"received"}
[2025-11-13T20:56:41.416Z] [SUCCESS] [command] Comando ejecutado: story {"user":"30837949124772@lid","command":"story","args":["nsqkk"],"success":true,"result":null}
[2025-11-13T20:56:47.335Z] [INFO] [message] Mensaje received {"user":"30837949124772@lid","message":"#story https://www.instagram.com/stories/nsqkk/3765101148832383397?utm_source=ig_story_item_share&ig...","type":"received"}
[2025-11-13T20:56:48.650Z] [SUCCESS] [command] Comando ejecutado: story {"user":"30837949124772@lid","command":"story","args":["https://www.instagram.com/stories/nsqkk/3765101148832383397?utm_source=ig_story_item_share&igsh=MWM4OG55cWtid3h6eA=="],"success":true,"result":null}
[2025-11-13T20:58:48.477Z] [INFO] [system] Rotación de logs programada cada 24 horas 
[2025-11-13T20:58:48.525Z] [INFO] [system] Iniciando bot de WhatsApp... 
[2025-11-13T20:58:48.530Z] [INFO] [session] Sesión activa encontrada, manteniendo... 
[2025-11-13T20:58:48.612Z] [INFO] [system] Usando Baileys version: 2.3000.1027934701 
[2025-11-13T20:58:48.623Z] [INFO] [session] Estado de conexión: connecting {"status":"connecting","qr":false}
[2025-11-13T20:58:49.134Z] [INFO] [session] Estado de conexión: connecting... {"qr":false}
[2025-11-13T20:58:49.138Z] [INFO] [session] Estado de conexión: connecting... {"qr":false}
[2025-11-13T20:58:49.139Z] [INFO] [session] Estado de conexión: open {"status":"open","qr":false}
[2025-11-13T20:58:49.139Z] [SUCCESS] [session] Conexión exitosa a WhatsApp {"user":"Untrue","id":"584120614314:32@s.whatsapp.net"}
[2025-11-13T20:58:50.397Z] [INFO] [message] Mensaje received {"user":"120363160616746507@g.us","message":"","type":"received"}
[2025-11-13T20:59:18.491Z] [INFO] [logrotate] 🚀 Iniciando rotación automática de logs... 
[2025-11-13T20:59:18.491Z] [DEBUG] [logrotate] Rotación: No se encontraron archivos para eliminar 
[2025-11-13T20:59:18.495Z] [INFO] [logrotate] Reporte de almacenamiento {"totalFiles":25,"totalSize":434818,"totalSizeMB":"0.41","logFiles":25,"backupFiles":0}
[2025-11-13T20:59:18.495Z] [INFO] [logrotate] ✅ Rotación completada en 4ms {"duration":4,"report":{"totalFiles":25,"totalSize":434818,"totalSizeMB":"0.41","logFiles":25,"backupFiles":0}}
[2025-11-13T20:59:23.912Z] [INFO] [message] Mensaje received {"user":"120363160616746507@g.us","message":"","type":"received"}
[2025-11-13T20:59:28.779Z] [INFO] [message] Mensaje received {"user":"120363160616746507@g.us","message":"habla","type":"received"}
[2025-11-13T20:59:37.594Z] [INFO] [message] Mensaje received {"user":"120363160616746507@g.us","message":"ya va","type":"received"}
[2025-11-13T20:59:45.078Z] [INFO] [message] Mensaje received {"user":"120363160616746507@g.us","message":"voy a cargar los audífonos","type":"received"}
[2025-11-13T20:59:52.677Z] [INFO] [message] Mensaje received {"user":"120363160616746507@g.us","message":"aja","type":"received"}
[2025-11-13T21:10:13.383Z] [INFO] [message] Mensaje received {"user":"120363160616746507@g.us","message":"#reel https://www.instagram.com/reel/DQRqv0ajR-T/?igsh=MXI1ZDN0aGQxNTludQ==","type":"received"}
[2025-11-13T21:10:21.199Z] [SUCCESS] [command] Comando ejecutado: reel {"user":"120363160616746507@g.us","command":"reel","args":["https://www.instagram.com/reel/DQRqv0ajR-T/?igsh=MXI1ZDN0aGQxNTludQ=="],"success":true,"result":null}
[2025-11-13T21:10:36.615Z] [INFO] [message] Mensaje received {"user":"120363160616746507@g.us","message":"q le puedo meter al bot así q sea útil","type":"received"}
[2025-11-13T21:10:47.302Z] [INFO] [message] Mensaje received {"user":"120363160616746507@g.us","message":"?","type":"received"}
[2025-11-13T21:11:09.179Z] [INFO] [message] Mensaje received {"user":"120363160616746507@g.us","message":"Porno","type":"received"}
[2025-11-13T21:11:41.678Z] [INFO] [message] Mensaje received {"user":"120363160616746507@g.us","message":"pa q si alonso tiene todo pornhub respaldado en el huawei por si se cae la página","type":"received"}
[2025-11-13T21:11:44.491Z] [INFO] [message] Mensaje received {"user":"120363160616746507@g.us","message":"","type":"received"}
[2025-11-13T21:12:27.323Z] [INFO] [message] Mensaje received {"user":"120363160616746507@g.us","message":"hombre prevenido no se ha venido","type":"received"}
[2025-11-13T21:13:33.793Z] [INFO] [system] Rotación de logs programada cada 24 horas 
[2025-11-13T21:13:33.846Z] [INFO] [system] Iniciando bot de WhatsApp... 
[2025-11-13T21:13:33.854Z] [INFO] [session] Sesión activa encontrada, manteniendo... 
[2025-11-13T21:13:33.928Z] [INFO] [system] Usando Baileys version: 2.3000.1027934701 
[2025-11-13T21:13:33.940Z] [INFO] [session] Estado de conexión: connecting {"status":"connecting","qr":false}
[2025-11-13T21:13:34.314Z] [INFO] [session] Estado de conexión: connecting... {"qr":false}
[2025-11-13T21:13:34.439Z] [INFO] [session] Estado de conexión: connecting... {"qr":false}
[2025-11-13T21:13:34.440Z] [INFO] [session] Estado de conexión: open {"status":"open","qr":false}
[2025-11-13T21:13:34.440Z] [SUCCESS] [session] Conexión exitosa a WhatsApp {"user":"Untrue","id":"584120614314:32@s.whatsapp.net"}
[2025-11-13T21:13:38.485Z] [INFO] [message] Mensaje received {"user":"120363160616746507@g.us","message":"maldita sea malditos mejicanos del diablo","type":"received"}
[2025-11-13T21:13:47.594Z] [INFO] [message] Mensaje received {"user":"120363160616746507@g.us","message":"JAJQJAJAJAJAJ","type":"received"}
[2025-11-13T21:14:03.806Z] [INFO] [logrotate] 🚀 Iniciando rotación automática de logs... 
[2025-11-13T21:14:03.807Z] [DEBUG] [logrotate] Rotación: No se encontraron archivos para eliminar 
[2025-11-13T21:14:03.815Z] [INFO] [logrotate] Reporte de almacenamiento {"totalFiles":25,"totalSize":440543,"totalSizeMB":"0.42","logFiles":25,"backupFiles":0}
[2025-11-13T21:14:03.816Z] [INFO] [logrotate] ✅ Rotación completada en 9ms {"duration":9,"report":{"totalFiles":25,"totalSize":440543,"totalSizeMB":"0.42","logFiles":25,"backupFiles":0}}
[2025-11-13T21:14:13.478Z] [INFO] [message] Mensaje received {"user":"30837949124772@lid","message":"#ping","type":"received"}
[2025-11-13T21:14:13.750Z] [SUCCESS] [command] Comando ejecutado: ping {"user":"30837949124772@lid","command":"ping","args":[],"success":true,"result":null}
[2025-11-13T21:15:10.466Z] [INFO] [message] Mensaje received {"user":"30837949124772@lid","message":"#spotify https://open.spotify.com/track/6ttYF5VadzTssGV2i1Q08T?si=RwtQkJ57RVGYUIZJTQp2LA","type":"received"}
[2025-11-13T21:15:10.579Z] [SUCCESS] [command] Comando ejecutado: spotify {"user":"30837949124772@lid","command":"spotify","args":["https://open.spotify.com/track/6ttYF5VadzTssGV2i1Q08T?si=RwtQkJ57RVGYUIZJTQp2LA"],"success":true,"result":null}
[2025-11-13T21:15:42.928Z] [INFO] [message] Mensaje received {"user":"120363160616746507@g.us","message":"habla","type":"received"}
[2025-11-13T21:15:57.355Z] [INFO] [message] Mensaje received {"user":"120363160616746507@g.us","message":"ya va","type":"received"}
[2025-11-13T21:16:00.162Z] [INFO] [message] Mensaje received {"user":"120363160616746507@g.us","message":"5 minutos","type":"received"}
[2025-11-13T21:16:37.850Z] [INFO] [message] Mensaje received {"user":"120363160616746507@g.us","message":"#post https://www.instagram.com/p/DQ9xEihkeDP/?igsh=dWFqNTkwOWNxMjJ4","type":"received"}
[2025-11-13T21:16:46.267Z] [SUCCESS] [command] Comando ejecutado: post {"user":"120363160616746507@g.us","command":"post","args":["https://www.instagram.com/p/DQ9xEihkeDP/?igsh=dWFqNTkwOWNxMjJ4"],"success":true,"result":null}
[2025-11-13T21:17:09.209Z] [INFO] [message] Mensaje received {"user":"120363160616746507@g.us","message":"no vale","type":"received"}
[2025-11-13T21:17:19.752Z] [INFO] [message] Mensaje received {"user":"120363160616746507@g.us","message":"apague el bot si va a tar mandando memes de mrd","type":"received"}
[2025-11-13T21:17:21.993Z] [INFO] [message] Mensaje received {"user":"120363160616746507@g.us","message":"jajajjjajaja","type":"received"}
[2025-11-13T21:17:27.961Z] [INFO] [message] Mensaje received {"user":"120363160616746507@g.us","message":"","type":"received"}
[2025-11-13T21:17:28.410Z] [INFO] [message] Mensaje received {"user":"120363160616746507@g.us","message":"JAJAJAJAJAJ","type":"received"}
[2025-11-13T21:17:34.761Z] [INFO] [message] Mensaje received {"user":"120363160616746507@g.us","message":"toy probando becerro","type":"received"}
[2025-11-13T21:17:46.351Z] [INFO] [message] Mensaje received {"user":"120363160616746507@g.us","message":"toy metiendo pa descargar de spotify","type":"received"}
[2025-11-13T21:17:50.723Z] [INFO] [message] Mensaje received {"user":"120363160616746507@g.us","message":"en flac","type":"received"}
[2025-11-13T21:19:35.896Z] [INFO] [system] Rotación de logs programada cada 24 horas 
[2025-11-13T21:19:35.957Z] [INFO] [system] Iniciando bot de WhatsApp... 
[2025-11-13T21:19:35.960Z] [INFO] [session] Sesión activa encontrada, manteniendo... 
[2025-11-13T21:19:36.029Z] [INFO] [system] Usando Baileys version: 2.3000.1027934701 
[2025-11-13T21:19:36.039Z] [INFO] [session] Estado de conexión: connecting {"status":"connecting","qr":false}
[2025-11-13T21:19:36.401Z] [INFO] [session] Estado de conexión: connecting... {"qr":false}
[2025-11-13T21:19:36.482Z] [INFO] [session] Estado de conexión: connecting... {"qr":false}
[2025-11-13T21:19:36.483Z] [INFO] [session] Estado de conexión: open {"status":"open","qr":false}
[2025-11-13T21:19:36.483Z] [SUCCESS] [session] Conexión exitosa a WhatsApp {"user":"Untrue","id":"584120614314:32@s.whatsapp.net"}
[2025-11-13T21:20:05.917Z] [INFO] [logrotate] 🚀 Iniciando rotación automática de logs... 
[2025-11-13T21:20:05.918Z] [DEBUG] [logrotate] Rotación: No se encontraron archivos para eliminar 
[2025-11-13T21:20:05.922Z] [INFO] [logrotate] Reporte de almacenamiento {"totalFiles":26,"totalSize":446835,"totalSizeMB":"0.43","logFiles":26,"backupFiles":0}
[2025-11-13T21:20:05.922Z] [INFO] [logrotate] ✅ Rotación completada en 5ms {"duration":5,"report":{"totalFiles":26,"totalSize":446835,"totalSizeMB":"0.43","logFiles":26,"backupFiles":0}}
[2025-11-13T21:20:09.612Z] [INFO] [message] Mensaje received {"user":"30837949124772@lid","message":"#ping","type":"received"}
[2025-11-13T21:20:09.899Z] [SUCCESS] [command] Comando ejecutado: ping {"user":"30837949124772@lid","command":"ping","args":[],"success":true,"result":null}
[2025-11-13T21:20:15.488Z] [INFO] [message] Mensaje received {"user":"30837949124772@lid","message":"#spotify https://www.instagram.com/p/DQ9xEihkeDP/?igsh=dWFqNTkwOWNxMjJ4","type":"received"}
[2025-11-13T21:20:15.891Z] [SUCCESS] [command] Comando ejecutado: spotify {"user":"30837949124772@lid","command":"spotify","args":["https://www.instagram.com/p/DQ9xEihkeDP/?igsh=dWFqNTkwOWNxMjJ4"],"success":true,"result":null}
[2025-11-13T21:20:25.955Z] [INFO] [message] Mensaje received {"user":"30837949124772@lid","message":"#spotify https://open.spotify.com/track/6ttYF5VadzTssGV2i1Q08T?si=RwtQkJ57RVGYUIZJTQp2LA","type":"received"}
[2025-11-13T21:20:27.677Z] [SUCCESS] [command] Comando ejecutado: spotify {"user":"30837949124772@lid","command":"spotify","args":["https://open.spotify.com/track/6ttYF5VadzTssGV2i1Q08T?si=RwtQkJ57RVGYUIZJTQp2LA"],"success":true,"result":null}
[2025-11-13T21:25:05.757Z] [INFO] [system] Rotación de logs programada cada 24 horas 
[2025-11-13T21:25:05.829Z] [INFO] [system] Iniciando bot de WhatsApp... 
[2025-11-13T21:25:05.831Z] [INFO] [session] Sesión activa encontrada, manteniendo... 
[2025-11-13T21:25:05.919Z] [INFO] [system] Usando Baileys version: 2.3000.1027934701 
[2025-11-13T21:25:05.929Z] [INFO] [session] Estado de conexión: connecting {"status":"connecting","qr":false}
[2025-11-13T21:25:06.443Z] [INFO] [session] Estado de conexión: connecting... {"qr":false}
[2025-11-13T21:25:06.447Z] [INFO] [session] Estado de conexión: open {"status":"open","qr":false}
[2025-11-13T21:25:06.446Z] [INFO] [session] Estado de conexión: connecting... {"qr":false}
[2025-11-13T21:25:06.447Z] [SUCCESS] [session] Conexión exitosa a WhatsApp {"user":"Untrue","id":"584120614314:32@s.whatsapp.net"}
[2025-11-13T21:25:25.744Z] [INFO] [message] Mensaje received {"user":"30837949124772@lid","message":"#ping","type":"received"}
[2025-11-13T21:25:26.005Z] [SUCCESS] [command] Comando ejecutado: ping {"user":"30837949124772@lid","command":"ping","args":[],"success":true,"result":null}
[2025-11-13T21:25:32.599Z] [INFO] [message] Mensaje received {"user":"30837949124772@lid","message":"#spotify https://open.spotify.com/track/6ttYF5VadzTssGV2i1Q08T?si=RwtQkJ57RVGYUIZJTQp2LA","type":"received"}
[2025-11-13T21:25:33.062Z] [SUCCESS] [command] Comando ejecutado: spotify {"user":"30837949124772@lid","command":"spotify","args":["https://open.spotify.com/track/6ttYF5VadzTssGV2i1Q08T?si=RwtQkJ57RVGYUIZJTQp2LA"],"success":true,"result":null}
[2025-11-13T21:25:35.759Z] [INFO] [logrotate] 🚀 Iniciando rotación automática de logs... 
[2025-11-13T21:25:35.760Z] [DEBUG] [logrotate] Rotación: No se encontraron archivos para eliminar 
[2025-11-13T21:25:35.764Z] [INFO] [logrotate] Reporte de almacenamiento {"totalFiles":26,"totalSize":451870,"totalSizeMB":"0.43","logFiles":26,"backupFiles":0}
[2025-11-13T21:25:35.764Z] [INFO] [logrotate] ✅ Rotación completada en 4ms {"duration":4,"report":{"totalFiles":26,"totalSize":451870,"totalSizeMB":"0.43","logFiles":26,"backupFiles":0}}
[2025-11-13T21:29:03.403Z] [INFO] [system] Rotación de logs programada cada 24 horas 
[2025-11-13T21:29:03.473Z] [INFO] [system] Iniciando bot de WhatsApp... 
[2025-11-13T21:29:03.475Z] [INFO] [session] Sesión activa encontrada, manteniendo... 
[2025-11-13T21:29:03.560Z] [INFO] [system] Usando Baileys version: 2.3000.1027934701 
[2025-11-13T21:29:03.573Z] [INFO] [session] Estado de conexión: connecting {"status":"connecting","qr":false}
[2025-11-13T21:29:04.656Z] [INFO] [session] Estado de conexión: connecting... {"qr":false}
[2025-11-13T21:29:04.765Z] [INFO] [session] Estado de conexión: connecting... {"qr":false}
[2025-11-13T21:29:04.766Z] [INFO] [session] Estado de conexión: open {"status":"open","qr":false}
[2025-11-13T21:29:04.766Z] [SUCCESS] [session] Conexión exitosa a WhatsApp {"user":"Untrue","id":"584120614314:32@s.whatsapp.net"}
[2025-11-13T21:29:33.415Z] [INFO] [logrotate] 🚀 Iniciando rotación automática de logs... 
[2025-11-13T21:29:33.417Z] [DEBUG] [logrotate] Rotación: No se encontraron archivos para eliminar 
[2025-11-13T21:29:33.425Z] [INFO] [logrotate] Reporte de almacenamiento {"totalFiles":26,"totalSize":453887,"totalSizeMB":"0.43","logFiles":26,"backupFiles":0}
[2025-11-13T21:29:33.426Z] [INFO] [logrotate] ✅ Rotación completada en 9ms {"duration":9,"report":{"totalFiles":26,"totalSize":453887,"totalSizeMB":"0.43","logFiles":26,"backupFiles":0}}
[2025-11-13T21:29:40.022Z] [INFO] [message] Mensaje received {"user":"120363160616746507@g.us","message":"aja","type":"received"}
[2025-11-13T21:29:41.411Z] [INFO] [message] Mensaje received {"user":"120363160616746507@g.us","message":"voy","type":"received"}
[2025-11-13T21:29:45.119Z] [INFO] [message] Mensaje received {"user":"120363160616746507@g.us","message":"formentera","type":"received"}
[2025-11-13T21:29:56.238Z] [INFO] [message] Mensaje received {"user":"120363160616746507@g.us","message":"","type":"received"}
[2025-11-13T21:30:04.830Z] [INFO] [message] Mensaje received {"user":"30837949124772@lid","message":"#spotify https://open.spotify.com/track/6ttYF5VadzTssGV2i1Q08T?si=RwtQkJ57RVGYUIZJTQp2LA","type":"received"}
[2025-11-13T21:30:06.662Z] [SUCCESS] [command] Comando ejecutado: spotify {"user":"30837949124772@lid","command":"spotify","args":["https://open.spotify.com/track/6ttYF5VadzTssGV2i1Q08T?si=RwtQkJ57RVGYUIZJTQp2LA"],"success":true,"result":null}
[2025-11-13T21:30:18.732Z] [INFO] [message] Mensaje received {"user":"120363160616746507@g.us","message":"","type":"received"}
[2025-11-13T21:30:39.219Z] [INFO] [message] Mensaje received {"user":"120363160616746507@g.us","message":"","type":"received"}
[2025-11-13T21:30:44.618Z] [INFO] [message] Mensaje received {"user":"120363160616746507@g.us","message":"no ese no","type":"received"}
[2025-11-13T21:30:47.705Z] [INFO] [message] Mensaje received {"user":"120363160616746507@g.us","message":"ese es pa sailor","type":"received"}
[2025-11-13T21:30:56.037Z] [INFO] [message] Mensaje received {"user":"120363160616746507@g.us","message":"","type":"received"}
[2025-11-13T21:30:56.540Z] [INFO] [message] Mensaje received {"user":"120363160616746507@g.us","message":"","type":"received"}
[2025-11-13T21:30:59.555Z] [INFO] [message] Mensaje received {"user":"120363160616746507@g.us","message":"","type":"received"}
[2025-11-13T21:31:28.357Z] [INFO] [message] Mensaje received {"user":"120363160616746507@g.us","message":"","type":"received"}
[2025-11-13T21:32:23.301Z] [INFO] [message] Mensaje received {"user":"status@broadcast","message":"","type":"received"}
[2025-11-13T21:35:10.455Z] [INFO] [system] Iniciando bot de WhatsApp... 
[2025-11-13T21:35:10.388Z] [INFO] [system] Rotación de logs programada cada 24 horas 
[2025-11-13T21:35:10.457Z] [INFO] [session] Sesión activa encontrada, manteniendo... 
[2025-11-13T21:35:10.540Z] [INFO] [system] Usando Baileys version: 2.3000.1027934701 
[2025-11-13T21:35:10.558Z] [INFO] [session] Estado de conexión: connecting {"status":"connecting","qr":false}
[2025-11-13T21:35:10.956Z] [INFO] [session] Estado de conexión: connecting... {"qr":false}
[2025-11-13T21:35:11.029Z] [INFO] [session] Estado de conexión: connecting... {"qr":false}
[2025-11-13T21:35:11.029Z] [INFO] [session] Estado de conexión: open {"status":"open","qr":false}
[2025-11-13T21:35:11.029Z] [SUCCESS] [session] Conexión exitosa a WhatsApp {"user":"Untrue","id":"584120614314:32@s.whatsapp.net"}
[2025-11-13T21:35:40.402Z] [INFO] [logrotate] 🚀 Iniciando rotación automática de logs... 
[2025-11-13T21:35:40.403Z] [DEBUG] [logrotate] Rotación: No se encontraron archivos para eliminar 
[2025-11-13T21:35:40.407Z] [INFO] [logrotate] Reporte de almacenamiento {"totalFiles":26,"totalSize":459207,"totalSizeMB":"0.44","logFiles":26,"backupFiles":0}
[2025-11-13T21:35:40.408Z] [INFO] [logrotate] ✅ Rotación completada en 5ms {"duration":5,"report":{"totalFiles":26,"totalSize":459207,"totalSizeMB":"0.44","logFiles":26,"backupFiles":0}}
[2025-11-13T21:35:54.738Z] [INFO] [message] Mensaje received {"user":"120363160616746507@g.us","message":"#s","type":"received"}
[2025-11-13T21:35:56.168Z] [SUCCESS] [command] Comando ejecutado: s {"user":"120363160616746507@g.us","command":"s","args":[],"success":true,"result":null}
[2025-11-13T21:35:56.167Z] [INFO] [session] Estado de conexión: connecting... {"qr":false}
[2025-11-13T21:36:07.991Z] [INFO] [message] Mensaje received {"user":"120363160616746507@g.us","message":"","type":"received"}
[2025-11-13T21:36:11.165Z] [INFO] [message] Mensaje received {"user":"120363160616746507@g.us","message":"","type":"received"}
[2025-11-13T21:36:25.243Z] [INFO] [message] Mensaje received {"user":"120363160616746507@g.us","message":"#s 🦸‍♂️","type":"received"}
[2025-11-13T21:36:25.289Z] [INFO] [session] Estado de conexión: connecting... {"qr":false}
[2025-11-13T21:36:25.290Z] [SUCCESS] [command] Comando ejecutado: s {"user":"120363160616746507@g.us","command":"s","args":["🦸‍♂️"],"success":true,"result":null}
[2025-11-13T21:37:42.295Z] [INFO] [message] Mensaje received {"user":"120363160616746507@g.us","message":"#music intrumental the microphones","type":"received"}
[2025-11-13T21:37:42.296Z] [INFO] [message] Mensaje received {"user":"120363160616746507@g.us","message":"#ytaudio intrumental the microphones","type":"received"}
[2025-11-13T21:37:54.251Z] [SUCCESS] [command] Comando ejecutado: ytaudio {"user":"120363160616746507@g.us","command":"ytaudio","args":["intrumental","the","microphones"],"success":true,"result":{"type":"audio"}}
[2025-11-13T21:37:54.252Z] [INFO] [session] Estado de conexión: connecting... {"qr":false}
[2025-11-13T21:37:54.252Z] [SUCCESS] [command] Comando ejecutado: music {"user":"120363160616746507@g.us","command":"music","args":["intrumental","the","microphones"],"success":true,"result":null}
[2025-11-13T21:39:44.363Z] [INFO] [message] Mensaje received {"user":"120363160616746507@g.us","message":"#music how the shadow is clear","type":"received"}
[2025-11-13T21:39:44.363Z] [INFO] [message] Mensaje received {"user":"120363160616746507@g.us","message":"#ytaudio how the shadow is clear","type":"received"}
[2025-11-13T21:39:57.184Z] [SUCCESS] [command] Comando ejecutado: ytaudio {"user":"120363160616746507@g.us","command":"ytaudio","args":["how","the","shadow","is","clear"],"success":true,"result":{"type":"audio"}}
[2025-11-13T21:39:57.185Z] [INFO] [session] Estado de conexión: connecting... {"qr":false}
[2025-11-13T21:39:57.186Z] [SUCCESS] [command] Comando ejecutado: music {"user":"120363160616746507@g.us","command":"music","args":["how","the","shadow","is","clear"],"success":true,"result":null}
[2025-11-13T21:39:59.657Z] [INFO] [message] Mensaje received {"user":"120363160616746507@g.us","message":"aja","type":"received"}
[2025-11-13T21:40:01.583Z] [INFO] [message] Mensaje received {"user":"120363160616746507@g.us","message":"sailot","type":"received"}
[2025-11-13T21:40:10.807Z] [INFO] [message] Mensaje received {"user":"120363160616746507@g.us","message":"","type":"received"}
[2025-11-13T21:40:11.105Z] [INFO] [message] Mensaje received {"user":"120363160616746507@g.us","message":"","type":"received"}
[2025-11-13T21:40:16.856Z] [INFO] [message] Mensaje received {"user":"120363160616746507@g.us","message":"","type":"received"}
[2025-11-13T21:40:20.071Z] [INFO] [message] Mensaje received {"user":"120363160616746507@g.us","message":"","type":"received"}
[2025-11-13T21:40:35.687Z] [INFO] [message] Mensaje received {"user":"120363160616746507@g.us","message":"#gracias untrue","type":"received"}
[2025-11-13T21:40:35.731Z] [SUCCESS] [command] Comando ejecutado: gracias {"user":"120363160616746507@g.us","command":"gracias","args":["untrue"],"success":true,"result":null}
[2025-11-13T21:41:43.338Z] [INFO] [message] Mensaje received {"user":"120363160616746507@g.us","message":"","type":"received"}
[2025-11-13T21:41:55.629Z] [INFO] [message] Mensaje received {"user":"120363160616746507@g.us","message":"","type":"received"}
[2025-11-13T21:42:06.550Z] [INFO] [message] Mensaje received {"user":"120363160616746507@g.us","message":"","type":"received"}
[2025-11-13T21:42:19.901Z] [INFO] [message] Mensaje received {"user":"120363387470929207@g.us","message":"","type":"received"}
[2025-11-13T21:42:27.773Z] [INFO] [message] Mensaje received {"user":"120363160616746507@g.us","message":"aja","type":"received"}
[2025-11-13T21:43:42.578Z] [INFO] [system] Rotación de logs programada cada 24 horas 
[2025-11-13T21:43:42.635Z] [INFO] [system] Iniciando bot de WhatsApp... 
[2025-11-13T21:43:42.638Z] [INFO] [session] Sesión activa encontrada, manteniendo... 
[2025-11-13T21:43:42.763Z] [INFO] [system] Usando Baileys version: 2.3000.1027934701 
[2025-11-13T21:43:42.775Z] [INFO] [session] Estado de conexión: connecting {"status":"connecting","qr":false}
[2025-11-13T21:43:43.691Z] [INFO] [session] Estado de conexión: connecting... {"qr":false}
[2025-11-13T21:43:43.802Z] [INFO] [session] Estado de conexión: connecting... {"qr":false}
[2025-11-13T21:43:43.802Z] [INFO] [session] Estado de conexión: open {"status":"open","qr":false}
[2025-11-13T21:43:43.803Z] [SUCCESS] [session] Conexión exitosa a WhatsApp {"user":"Untrue","id":"584120614314:32@s.whatsapp.net"}
[2025-11-13T21:44:12.591Z] [INFO] [logrotate] 🚀 Iniciando rotación automática de logs... 
[2025-11-13T21:44:12.592Z] [DEBUG] [logrotate] Rotación: No se encontraron archivos para eliminar 
[2025-11-13T21:44:12.596Z] [INFO] [logrotate] Reporte de almacenamiento {"totalFiles":28,"totalSize":468121,"totalSizeMB":"0.45","logFiles":28,"backupFiles":0}
[2025-11-13T21:44:12.597Z] [INFO] [logrotate] ✅ Rotación completada en 6ms {"duration":6,"report":{"totalFiles":28,"totalSize":468121,"totalSizeMB":"0.45","logFiles":28,"backupFiles":0}}
[2025-11-13T21:44:24.786Z] [INFO] [message] Mensaje received {"user":"120363160616746507@g.us","message":"","type":"received"}
[2025-11-13T21:44:30.107Z] [INFO] [message] Mensaje received {"user":"30837949124772@lid","message":"","type":"received"}
[2025-11-13T21:44:32.773Z] [INFO] [message] Mensaje received {"user":"30837949124772@lid","message":"#smedia","type":"received"}
[2025-11-13T21:44:32.792Z] [ERROR] [command] Comando ejecutado: smedia {"user":"30837949124772@lid","command":"smedia","args":[],"success":false,"result":"Unexpected string"}
[2025-11-13T21:44:32.793Z] [ERROR] [command] Error ejecutando smedia {"error":"Unexpected string","user":"30837949124772@lid"}
[2025-11-13T21:44:37.214Z] [INFO] [message] Mensaje received {"user":"120363160616746507@g.us","message":"","type":"received"}
[2025-11-13T21:45:47.078Z] [INFO] [message] Mensaje received {"user":"120363160616746507@g.us","message":"","type":"received"}
[2025-11-13T21:47:41.555Z] [INFO] [message] Mensaje received {"user":"120363160616746507@g.us","message":"","type":"received"}
[2025-11-13T21:48:24.775Z] [INFO] [system] Iniciando bot de WhatsApp... 
[2025-11-13T21:48:24.777Z] [INFO] [session] Sesión activa encontrada, manteniendo... 
[2025-11-13T21:48:24.719Z] [INFO] [system] Rotación de logs programada cada 24 horas 
[2025-11-13T21:48:24.864Z] [INFO] [system] Usando Baileys version: 2.3000.1027934701 
[2025-11-13T21:48:24.882Z] [INFO] [session] Estado de conexión: connecting {"status":"connecting","qr":false}
[2025-11-13T21:48:25.418Z] [INFO] [session] Estado de conexión: connecting... {"qr":false}
[2025-11-13T21:48:25.502Z] [INFO] [session] Estado de conexión: connecting... {"qr":false}
[2025-11-13T21:48:25.502Z] [INFO] [session] Estado de conexión: open {"status":"open","qr":false}
[2025-11-13T21:48:25.502Z] [SUCCESS] [session] Conexión exitosa a WhatsApp {"user":"Untrue","id":"584120614314:32@s.whatsapp.net"}
[2025-11-13T21:48:54.733Z] [INFO] [logrotate] 🚀 Iniciando rotación automática de logs... 
[2025-11-13T21:48:54.735Z] [DEBUG] [logrotate] Rotación: No se encontraron archivos para eliminar 
[2025-11-13T21:48:54.739Z] [INFO] [logrotate] Reporte de almacenamiento {"totalFiles":29,"totalSize":471950,"totalSizeMB":"0.45","logFiles":29,"backupFiles":0}
[2025-11-13T21:48:54.739Z] [INFO] [logrotate] ✅ Rotación completada en 6ms {"duration":6,"report":{"totalFiles":29,"totalSize":471950,"totalSizeMB":"0.45","logFiles":29,"backupFiles":0}}
[2025-11-13T21:49:10.520Z] [INFO] [message] Mensaje received {"user":"120363387470929207@g.us","message":"sacaron al bicho","type":"received"}
[2025-11-13T21:49:17.361Z] [INFO] [message] Mensaje received {"user":"120363387470929207@g.us","message":"","type":"received"}
[2025-11-13T21:49:24.343Z] [INFO] [message] Mensaje received {"user":"30837949124772@lid","message":"#ping","type":"received"}
[2025-11-13T21:49:24.706Z] [SUCCESS] [command] Comando ejecutado: ping {"user":"30837949124772@lid","command":"ping","args":[],"success":true,"result":null}
[2025-11-13T21:49:30.097Z] [INFO] [message] Mensaje received {"user":"30837949124772@lid","message":"","type":"received"}
[2025-11-13T21:49:34.359Z] [INFO] [message] Mensaje received {"user":"30837949124772@lid","message":"#smedia","type":"received"}
[2025-11-13T21:49:34.461Z] [SUCCESS] [command] Comando ejecutado: smedia {"user":"30837949124772@lid","command":"smedia","args":[],"success":true,"result":null}
[2025-11-13T21:49:39.243Z] [INFO] [message] Mensaje received {"user":"30837949124772@lid","message":"#smedia","type":"received"}
[2025-11-13T21:49:40.371Z] [SUCCESS] [command] Comando ejecutado: smedia {"user":"30837949124772@lid","command":"smedia","args":[],"success":true,"result":null}
[2025-11-13T21:51:27.665Z] [INFO] [message] Mensaje received {"user":"120363160616746507@g.us","message":"","type":"received"}
[2025-11-13T21:51:30.888Z] [INFO] [message] Mensaje received {"user":"120363160616746507@g.us","message":"#s","type":"received"}
[2025-11-13T21:51:31.497Z] [INFO] [session] Estado de conexión: connecting... {"qr":false}
[2025-11-13T21:51:31.498Z] [SUCCESS] [command] Comando ejecutado: s {"user":"120363160616746507@g.us","command":"s","args":[],"success":true,"result":null}
[2025-11-13T21:51:37.439Z] [INFO] [message] Mensaje received {"user":"120363160616746507@g.us","message":"","type":"received"}
[2025-11-13T21:51:40.277Z] [INFO] [message] Mensaje received {"user":"120363160616746507@g.us","message":"peliculom","type":"received"}
[2025-11-13T21:53:28.650Z] [INFO] [message] Mensaje received {"user":"120363160616746507@g.us","message":"donde va","type":"received"}
[2025-11-13T21:53:35.798Z] [INFO] [message] Mensaje received {"user":"120363160616746507@g.us","message":"taba contestando una llamada","type":"received"}
[2025-11-13T21:53:46.410Z] [INFO] [message] Mensaje received {"user":"120363160616746507@g.us","message":"150","type":"received"}
[2025-11-13T21:53:47.888Z] [INFO] [message] Mensaje received {"user":"120363160616746507@g.us","message":"ladies","type":"received"}
[2025-11-13T21:53:53.037Z] [INFO] [message] Mensaje received {"user":"120363160616746507@g.us","message":"ajá","type":"received"}
[2025-11-13T21:54:12.895Z] [INFO] [message] Mensaje received {"user":"120363160616746507@g.us","message":"los beatles","type":"received"}
[2025-11-13T21:54:14.993Z] [INFO] [message] Mensaje received {"user":"120363160616746507@g.us","message":"","type":"received"}
[2025-11-13T21:54:26.723Z] [INFO] [message] Mensaje received {"user":"120363160616746507@g.us","message":"the beach boys","type":"received"}
[2025-11-13T21:54:33.549Z] [INFO] [message] Mensaje received {"user":"120363160616746507@g.us","message":"mmgvo @39106298044576 si tiene el bot pa mandar los tiktoks por aquí, pa q los manda por tiktok si s...","type":"received"}
[2025-11-13T21:54:34.020Z] [INFO] [message] Mensaje received {"user":"120363160616746507@g.us","message":"tengo que meterle a estos","type":"received"}
[2025-11-13T21:54:39.309Z] [INFO] [message] Mensaje received {"user":"120363160616746507@g.us","message":"","type":"received"}
[2025-11-13T21:54:56.127Z] [INFO] [message] Mensaje received {"user":"120363160616746507@g.us","message":"Porq es una descarga innecesaria","type":"received"}
[2025-11-13T21:54:56.308Z] [INFO] [message] Mensaje received {"user":"120363160616746507@g.us","message":"por aqui se descargan broder sapegato","type":"received"}
[2025-11-13T21:55:02.961Z] [INFO] [message] Mensaje received {"user":"120363160616746507@g.us","message":"exacto","type":"received"}
[2025-11-13T21:55:07.519Z] [INFO] [message] Mensaje received {"user":"120363160616746507@g.us","message":"🧠🧠🧠","type":"received"}
[2025-11-13T21:55:11.126Z] [INFO] [message] Mensaje received {"user":"120363160616746507@g.us","message":"🧠🧠🧠","type":"received"}
[2025-11-13T21:55:15.606Z] [INFO] [message] Mensaje received {"user":"120363160616746507@g.us","message":"tenemos 🫱🏻‍🫲🏿🤜🏼🤛🏽🫂","type":"received"}
[2025-11-13T21:55:18.610Z] [INFO] [message] Mensaje received {"user":"120363160616746507@g.us","message":"tu bot pasó de moda bro","type":"received"}
[2025-11-13T21:55:26.096Z] [INFO] [message] Mensaje received {"user":"120363160616746507@g.us","message":"","type":"received"}
[2025-11-13T21:55:41.444Z] [INFO] [message] Mensaje received {"user":"120363160616746507@g.us","message":"","type":"received"}
[2025-11-13T21:55:47.070Z] [INFO] [message] Mensaje received {"user":"120363160616746507@g.us","message":"#pasaste de moda gran webon","type":"received"}
[2025-11-13T21:55:47.125Z] [SUCCESS] [command] Comando ejecutado: pasaste {"user":"120363160616746507@g.us","command":"pasaste","args":["de","moda","gran","webon"],"success":true,"result":null}
[2025-11-13T21:56:03.197Z] [INFO] [message] Mensaje received {"user":"120363160616746507@g.us","message":"","type":"received"}
[2025-11-13T21:56:19.908Z] [INFO] [message] Mensaje received {"user":"120363160616746507@g.us","message":"#aquinosehablamaldechavez","type":"received"}
[2025-11-13T21:56:19.962Z] [SUCCESS] [command] Comando ejecutado: aquinosehablamaldechavez {"user":"120363160616746507@g.us","command":"aquinosehablamaldechavez","args":[],"success":true,"result":null}
[2025-11-13T21:56:20.928Z] [INFO] [message] Mensaje received {"user":"120363160616746507@g.us","message":"me acordé de un meme","type":"received"}
[2025-11-13T21:56:31.787Z] [INFO] [message] Mensaje received {"user":"120363160616746507@g.us","message":"q estos bichos duraron como un mes riendose","type":"received"}
[2025-11-13T21:56:36.083Z] [INFO] [message] Mensaje received {"user":"120363160616746507@g.us","message":"tampoco es malo el tema este","type":"received"}
[2025-11-13T21:56:39.446Z] [INFO] [message] Mensaje received {"user":"120363160616746507@g.us","message":"nada mas flohea","type":"received"}
[2025-11-13T21:56:48.794Z] [INFO] [message] Mensaje received {"user":"120363160616746507@g.us","message":"cual","type":"received"}
[2025-11-13T21:56:52.580Z] [INFO] [message] Mensaje received {"user":"120363160616746507@g.us","message":"el de toreto q decía \"santiago, anda hacer la tarea no seas webón\"","type":"received"}
[2025-11-13T21:57:08.378Z] [INFO] [message] Mensaje received {"user":"120363160616746507@g.us","message":"JAJAJAJJJAJ @39106298044576","type":"received"}
[2025-11-13T21:57:22.831Z] [INFO] [message] Mensaje received {"user":"120363160616746507@g.us","message":"","type":"received"}
[2025-11-13T21:57:33.788Z] [INFO] [message] Mensaje received {"user":"120363160616746507@g.us","message":"prelude","type":"received"}
[2025-11-13T21:57:42.208Z] [INFO] [message] Mensaje received {"user":"120363160616746507@g.us","message":"","type":"received"}
[2025-11-13T21:59:51.996Z] [INFO] [message] Mensaje received {"user":"120363160616746507@g.us","message":"prelude","type":"received"}
[2025-11-13T22:00:03.548Z] [INFO] [message] Mensaje received {"user":"120363160616746507@g.us","message":"","type":"received"}
[2025-11-13T22:00:08.969Z] [INFO] [message] Mensaje received {"user":"120363160616746507@g.us","message":"que maldito tema","type":"received"}
[2025-11-13T22:01:53.381Z] [INFO] [message] Mensaje received {"user":"120363160616746507@g.us","message":"islands","type":"received"}
[2025-11-13T22:02:11.864Z] [INFO] [message] Mensaje received {"user":"120363160616746507@g.us","message":"","type":"received"}
[2025-11-13T22:02:32.938Z] [INFO] [message] Mensaje received {"user":"120363160616746507@g.us","message":"","type":"received"}
[2025-11-13T22:02:37.159Z] [INFO] [message] Mensaje received {"user":"120363160616746507@g.us","message":"#s","type":"received"}
[2025-11-13T22:02:39.869Z] [INFO] [session] Estado de conexión: connecting... {"qr":false}
[2025-11-13T22:02:39.870Z] [SUCCESS] [command] Comando ejecutado: s {"user":"120363160616746507@g.us","command":"s","args":[],"success":true,"result":null}
[2025-11-13T22:04:06.411Z] [INFO] [message] Mensaje received {"user":"120363160616746507@g.us","message":"","type":"received"}
[2025-11-13T22:04:09.970Z] [INFO] [message] Mensaje received {"user":"120363160616746507@g.us","message":"#s","type":"received"}
[2025-11-13T22:04:14.552Z] [INFO] [session] Estado de conexión: connecting... {"qr":false}
[2025-11-13T22:04:14.553Z] [SUCCESS] [command] Comando ejecutado: s {"user":"120363160616746507@g.us","command":"s","args":[],"success":true,"result":null}
[2025-11-13T22:04:24.882Z] [INFO] [message] Mensaje received {"user":"120363160616746507@g.us","message":"from my island","type":"received"}
[2025-11-13T22:04:41.505Z] [INFO] [message] Mensaje received {"user":"120363160616746507@g.us","message":"voy en el viento por la izq","type":"received"}
[2025-11-13T22:04:50.668Z] [INFO] [message] Mensaje received {"user":"120363160616746507@g.us","message":"","type":"received"}
[2025-11-13T22:04:51.201Z] [INFO] [message] Mensaje received {"user":"120363160616746507@g.us","message":"yo lo tengo en la derecha","type":"received"}
[2025-11-13T22:05:04.284Z] [INFO] [message] Mensaje received {"user":"120363160616746507@g.us","message":"como asi","type":"received"}
[2025-11-13T22:05:09.677Z] [INFO] [message] Mensaje received {"user":"120363160616746507@g.us","message":"mmgv la parte sin letra","type":"received"}
[2025-11-13T22:05:12.349Z] [INFO] [message] Mensaje received {"user":"30837949124772@lid","message":"#ping","type":"received"}
[2025-11-13T22:05:12.532Z] [SUCCESS] [command] Comando ejecutado: ping {"user":"30837949124772@lid","command":"ping","args":[],"success":true,"result":null}
[2025-11-13T22:05:15.466Z] [INFO] [message] Mensaje received {"user":"120363160616746507@g.us","message":"3","type":"received"}
[2025-11-13T22:05:19.031Z] [INFO] [message] Mensaje received {"user":"120363160616746507@g.us","message":"min 3 por ahi","type":"received"}
[2025-11-13T22:05:19.540Z] [INFO] [message] Mensaje received {"user":"30837949124772@lid","message":"","type":"received"}
[2025-11-13T22:05:21.340Z] [INFO] [message] Mensaje received {"user":"30837949124772@lid","message":"#smedia","type":"received"}
[2025-11-13T22:05:22.258Z] [SUCCESS] [command] Comando ejecutado: smedia {"user":"30837949124772@lid","command":"smedia","args":[],"success":true,"result":null}
[2025-11-13T22:06:40.063Z] [INFO] [message] Mensaje received {"user":"120363160616746507@g.us","message":"","type":"received"}
[2025-11-13T22:06:44.127Z] [INFO] [message] Mensaje received {"user":"120363160616746507@g.us","message":"JAJAJAJJJAJA","type":"received"}
[2025-11-13T22:06:56.485Z] [INFO] [message] Mensaje received {"user":"120363160616746507@g.us","message":"sapegato","type":"received"}
[2025-11-13T22:08:09.019Z] [INFO] [message] Mensaje received {"user":"120363160616746507@g.us","message":"","type":"received"}
[2025-11-13T22:09:10.509Z] [INFO] [message] Mensaje received {"user":"120363160616746507@g.us","message":"","type":"received"}
[2025-11-13T22:11:10.107Z] [INFO] [message] Mensaje received {"user":"120363160616746507@g.us","message":"se acaboum","type":"received"}
[2025-11-13T22:11:24.400Z] [INFO] [message] Mensaje received {"user":"120363160616746507@g.us","message":"la parte de silencio y la gente hablando ps","type":"received"}
[2025-11-13T22:13:06.351Z] [INFO] [message] Mensaje received {"user":"120363160616746507@g.us","message":"le metió a yanqui otra vez","type":"received"}
[2025-11-13T22:13:20.442Z] [INFO] [message] Mensaje received {"user":"120363160616746507@g.us","message":"como asi","type":"received"}
[2025-11-13T22:13:25.924Z] [INFO] [message] Mensaje received {"user":"120363160616746507@g.us","message":"no fue este mes","type":"received"}
[2025-11-13T22:13:28.739Z] [INFO] [message] Mensaje received {"user":"120363160616746507@g.us","message":"o creo q si","type":"received"}
[2025-11-13T22:13:57.650Z] [INFO] [message] Mensaje received {"user":"120363160616746507@g.us","message":"fue este mes mmgv","type":"received"}
[2025-11-13T22:14:19.816Z] [INFO] [message] Mensaje received {"user":"120363160616746507@g.us","message":"si?","type":"received"}
[2025-11-13T22:14:30.090Z] [INFO] [message] Mensaje received {"user":"120363160616746507@g.us","message":"claro","type":"received"}
[2025-11-13T22:15:17.442Z] [INFO] [message] Mensaje received {"user":"120363160616746507@g.us","message":"el viernes","type":"received"}
[2025-11-13T22:15:30.284Z] [INFO] [message] Mensaje received {"user":"120363160616746507@g.us","message":"si?","type":"received"}
[2025-11-13T22:15:35.661Z] [INFO] [message] Mensaje received {"user":"120363160616746507@g.us","message":"","type":"received"}
[2025-11-13T22:15:49.801Z] [INFO] [message] Mensaje received {"user":"120363160616746507@g.us","message":"y pq lo tiene debajo de anima entonces","type":"received"}
[2025-11-13T22:16:12.806Z] [INFO] [message] Mensaje received {"user":"120363160616746507@g.us","message":"primero fue anima","type":"received"}
[2025-11-13T22:16:49.638Z] [INFO] [message] Mensaje received {"user":"120363160616746507@g.us","message":"el jueves","type":"received"}
[2025-11-13T22:17:04.933Z] [INFO] [message] Mensaje received {"user":"120363160616746507@g.us","message":"si?","type":"received"}
[2025-11-13T22:17:14.062Z] [INFO] [message] Mensaje received {"user":"120363160616746507@g.us","message":"sisa","type":"received"}
[2025-11-13T22:17:16.899Z] [INFO] [message] Mensaje received {"user":"120363160616746507@g.us","message":"🦸‍♂️","type":"received"}
[2025-11-13T22:17:56.779Z] [INFO] [message] Mensaje received {"user":"120363160616746507@g.us","message":"ya lo puse","type":"received"}
[2025-11-13T22:18:25.084Z] [INFO] [message] Mensaje received {"user":"120363160616746507@g.us","message":"alaputa de pana fue el viernes","type":"received"}
[2025-11-13T22:18:52.165Z] [INFO] [message] Mensaje received {"user":"120363160616746507@g.us","message":"yo pensaba q anima había sido q si antier","type":"received"}
[2025-11-13T22:19:04.160Z] [INFO] [message] Mensaje received {"user":"120363160616746507@g.us","message":"jajjjaja","type":"received"}
[2025-11-13T22:19:05.996Z] [INFO] [message] Mensaje received {"user":"120363160616746507@g.us","message":"sapegato","type":"received"}
[2025-11-13T22:23:25.213Z] [INFO] [system] Rotación de logs programada cada 24 horas 
[2025-11-13T22:23:25.275Z] [INFO] [system] Iniciando bot de WhatsApp... 
[2025-11-13T22:23:25.277Z] [INFO] [session] Sesión activa encontrada, manteniendo... 
[2025-11-13T22:23:25.351Z] [INFO] [system] Usando Baileys version: 2.3000.1027934701 
[2025-11-13T22:23:25.360Z] [INFO] [session] Estado de conexión: connecting {"status":"connecting","qr":false}
[2025-11-13T22:23:26.159Z] [INFO] [session] Estado de conexión: connecting... {"qr":false}
[2025-11-13T22:23:26.280Z] [INFO] [session] Estado de conexión: connecting... {"qr":false}
[2025-11-13T22:23:26.281Z] [INFO] [session] Estado de conexión: open {"status":"open","qr":false}
[2025-11-13T22:23:26.282Z] [SUCCESS] [session] Conexión exitosa a WhatsApp {"user":"Untrue","id":"584120614314:32@s.whatsapp.net"}
[2025-11-13T22:23:55.219Z] [INFO] [logrotate] 🚀 Iniciando rotación automática de logs... 
[2025-11-13T22:23:55.221Z] [DEBUG] [logrotate] Rotación: No se encontraron archivos para eliminar 
[2025-11-13T22:23:55.227Z] [INFO] [logrotate] Reporte de almacenamiento {"totalFiles":31,"totalSize":496624,"totalSizeMB":"0.47","logFiles":31,"backupFiles":0}
[2025-11-13T22:23:55.227Z] [INFO] [logrotate] ✅ Rotación completada en 8ms {"duration":8,"report":{"totalFiles":31,"totalSize":496624,"totalSizeMB":"0.47","logFiles":31,"backupFiles":0}}
[2025-11-13T22:25:10.105Z] [INFO] [message] Mensaje received {"user":"30837949124772@lid","message":"","type":"received"}
[2025-11-13T22:25:13.309Z] [INFO] [message] Mensaje received {"user":"30837949124772@lid","message":"#smedia","type":"received"}
[2025-11-13T22:25:15.373Z] [SUCCESS] [command] Comando ejecutado: smedia {"user":"30837949124772@lid","command":"smedia","args":[],"success":true,"result":null}
[2025-11-13T22:25:50.981Z] [INFO] [message] Mensaje received {"user":"120363160616746507@g.us","message":"#s","type":"received"}
[2025-11-13T22:25:52.885Z] [INFO] [session] Estado de conexión: connecting... {"qr":false}
[2025-11-13T22:25:52.887Z] [SUCCESS] [command] Comando ejecutado: s {"user":"120363160616746507@g.us","command":"s","args":[],"success":true,"result":null}
[2025-11-13T22:25:55.996Z] [INFO] [message] Mensaje received {"user":"120363160616746507@g.us","message":"#smedia","type":"received"}
[2025-11-13T22:25:57.092Z] [SUCCESS] [command] Comando ejecutado: smedia {"user":"120363160616746507@g.us","command":"smedia","args":[],"success":true,"result":null}
[2025-11-13T22:26:07.030Z] [INFO] [message] Mensaje received {"user":"120363160616746507@g.us","message":"","type":"received"}
[2025-11-13T22:26:31.952Z] [INFO] [message] Mensaje received {"user":"30837949124772@lid","message":"","type":"received"}
[2025-11-13T22:26:36.429Z] [INFO] [message] Mensaje received {"user":"30837949124772@lid","message":"#smedia","type":"received"}
[2025-11-13T22:26:37.566Z] [SUCCESS] [command] Comando ejecutado: smedia {"user":"30837949124772@lid","command":"smedia","args":[],"success":true,"result":null}
[2025-11-13T22:29:48.787Z] [INFO] [message] Mensaje received {"user":"status@broadcast","message":"","type":"received"}
[2025-11-13T22:30:55.323Z] [INFO] [message] Mensaje received {"user":"120363387470929207@g.us","message":"#reel https://www.instagram.com/reel/DQPSQj1CcDM/?igsh=MTh2czI3c3NkOXBwag==","type":"received"}
[2025-11-13T22:31:04.067Z] [SUCCESS] [command] Comando ejecutado: reel {"user":"120363387470929207@g.us","command":"reel","args":["https://www.instagram.com/reel/DQPSQj1CcDM/?igsh=MTh2czI3c3NkOXBwag=="],"success":true,"result":null}
[2025-11-13T22:31:14.676Z] [INFO] [message] Mensaje received {"user":"120363387470929207@g.us","message":"prendan la luz 🗣️","type":"received"}
[2025-11-13T22:31:31.303Z] [INFO] [message] Mensaje received {"user":"120363387470929207@g.us","message":"","type":"received"}
[2025-11-13T22:34:18.092Z] [INFO] [message] Mensaje received {"user":"120363160616746507@g.us","message":"#reel https://www.instagram.com/reel/DPoZXj6DOBM/?igsh=MXBsMWV1eWtoNjk0Yw==","type":"received"}
[2025-11-13T22:34:26.715Z] [SUCCESS] [command] Comando ejecutado: reel {"user":"120363160616746507@g.us","command":"reel","args":["https://www.instagram.com/reel/DPoZXj6DOBM/?igsh=MXBsMWV1eWtoNjk0Yw=="],"success":true,"result":null}
[2025-11-13T22:37:05.464Z] [INFO] [system] Rotación de logs programada cada 24 horas 
[2025-11-13T22:37:05.528Z] [INFO] [system] Iniciando bot de WhatsApp... 
[2025-11-13T22:37:05.530Z] [INFO] [session] Sesión activa encontrada, manteniendo... 
[2025-11-13T22:37:05.616Z] [INFO] [system] Usando Baileys version: 2.3000.1027934701 
[2025-11-13T22:37:05.629Z] [INFO] [session] Estado de conexión: connecting {"status":"connecting","qr":false}
[2025-11-13T22:37:05.978Z] [INFO] [session] Estado de conexión: connecting... {"qr":false}
[2025-11-13T22:37:05.995Z] [INFO] [session] Estado de conexión: connecting... {"qr":false}
[2025-11-13T22:37:05.995Z] [SUCCESS] [session] Conexión exitosa a WhatsApp {"user":"Untrue","id":"584120614314:32@s.whatsapp.net"}
[2025-11-13T22:37:05.995Z] [INFO] [session] Estado de conexión: open {"status":"open","qr":false}
[2025-11-13T22:37:35.485Z] [INFO] [logrotate] 🚀 Iniciando rotación automática de logs... 
[2025-11-13T22:37:35.486Z] [DEBUG] [logrotate] Rotación: No se encontraron archivos para eliminar 
[2025-11-13T22:37:35.491Z] [INFO] [logrotate] Reporte de almacenamiento {"totalFiles":31,"totalSize":503130,"totalSizeMB":"0.48","logFiles":31,"backupFiles":0}
[2025-11-13T22:37:35.491Z] [INFO] [logrotate] ✅ Rotación completada en 6ms {"duration":6,"report":{"totalFiles":31,"totalSize":503130,"totalSizeMB":"0.48","logFiles":31,"backupFiles":0}}
[2025-11-13T22:38:06.759Z] [INFO] [message] Mensaje received {"user":"30837949124772@lid","message":"","type":"received"}
[2025-11-13T22:38:39.163Z] [INFO] [message] Mensaje received {"user":"30837949124772@lid","message":"#smedia","type":"received"}
[2025-11-13T22:38:39.186Z] [ERROR] [command] Comando ejecutado: smedia {"user":"30837949124772@lid","command":"smedia","args":[],"success":false,"result":"Named export 'Image' not found. The requested module 'node-webpmux' is a CommonJS module, which may not support all module.exports as named exports.\nCommonJS modules can always be imported via the default export, for example using:\n\nimport pkg from 'node-webpmux';\nconst { Image } = pkg;\n"}
[2025-11-13T22:38:39.186Z] [ERROR] [command] Error ejecutando smedia {"error":"Named export 'Image' not found. The requested module 'node-webpmux' is a CommonJS module, which may not support all module.exports as named exports.\nCommonJS modules can always be imported via the default export, for example using:\n\nimport pkg from 'node-webpmux';\nconst { Image } = pkg;\n","user":"30837949124772@lid"}
[2025-11-13T22:40:41.592Z] [INFO] [system] Rotación de logs programada cada 24 horas 
[2025-11-13T22:40:41.652Z] [INFO] [system] Iniciando bot de WhatsApp... 
[2025-11-13T22:40:41.655Z] [INFO] [session] Sesión activa encontrada, manteniendo... 
[2025-11-13T22:40:41.731Z] [INFO] [system] Usando Baileys version: 2.3000.1027934701 
[2025-11-13T22:40:41.746Z] [INFO] [session] Estado de conexión: connecting {"status":"connecting","qr":false}
[2025-11-13T22:40:42.627Z] [INFO] [session] Estado de conexión: connecting... {"qr":false}
[2025-11-13T22:40:42.787Z] [INFO] [session] Estado de conexión: connecting... {"qr":false}
[2025-11-13T22:40:42.788Z] [INFO] [session] Estado de conexión: open {"status":"open","qr":false}
[2025-11-13T22:40:42.788Z] [SUCCESS] [session] Conexión exitosa a WhatsApp {"user":"Untrue","id":"584120614314:32@s.whatsapp.net"}
[2025-11-13T22:41:11.596Z] [INFO] [logrotate] 🚀 Iniciando rotación automática de logs... 
[2025-11-13T22:41:11.597Z] [DEBUG] [logrotate] Rotación: No se encontraron archivos para eliminar 
[2025-11-13T22:41:11.601Z] [INFO] [logrotate] Reporte de almacenamiento {"totalFiles":31,"totalSize":507299,"totalSizeMB":"0.48","logFiles":31,"backupFiles":0}
[2025-11-13T22:41:11.601Z] [INFO] [logrotate] ✅ Rotación completada en 5ms {"duration":5,"report":{"totalFiles":31,"totalSize":507299,"totalSizeMB":"0.48","logFiles":31,"backupFiles":0}}
[2025-11-13T22:41:14.163Z] [INFO] [message] Mensaje received {"user":"120363160616746507@g.us","message":"#ping","type":"received"}
[2025-11-13T22:41:15.407Z] [SUCCESS] [command] Comando ejecutado: ping {"user":"120363160616746507@g.us","command":"ping","args":[],"success":true,"result":null}
[2025-11-13T22:41:21.954Z] [INFO] [message] Mensaje received {"user":"120363160616746507@g.us","message":"","type":"received"}
[2025-11-13T22:41:24.859Z] [INFO] [message] Mensaje received {"user":"120363160616746507@g.us","message":"#smedia","type":"received"}
[2025-11-13T22:41:26.072Z] [SUCCESS] [command] Comando ejecutado: smedia {"user":"120363160616746507@g.us","command":"smedia","args":[],"success":true,"result":null}
[2025-11-13T22:41:35.439Z] [INFO] [message] Mensaje received {"user":"120363160616746507@g.us","message":"","type":"received"}
[2025-11-13T22:41:37.659Z] [INFO] [message] Mensaje received {"user":"120363160616746507@g.us","message":"#smedia","type":"received"}
[2025-11-13T22:41:38.471Z] [SUCCESS] [command] Comando ejecutado: smedia {"user":"120363160616746507@g.us","command":"smedia","args":[],"success":true,"result":null}
[2025-11-13T22:43:05.847Z] [INFO] [session] Estado de conexión: close {"status":"close","qr":false}
[2025-11-13T22:43:05.847Z] [ERROR] [session] Conexión cerrada {"statusCode":503}
[2025-11-13T22:43:05.847Z] [INFO] [session] Reconectando en 5 segundos... 
[2025-11-13T22:43:10.851Z] [INFO] [system] Iniciando bot de WhatsApp... 
[2025-11-13T22:43:10.852Z] [INFO] [session] Sesión activa encontrada, manteniendo... 
[2025-11-13T22:43:10.900Z] [INFO] [system] Usando Baileys version: 2.3000.1027934701 
[2025-11-13T22:43:10.903Z] [INFO] [session] Estado de conexión: connecting {"status":"connecting","qr":false}
[2025-11-13T22:43:11.950Z] [INFO] [session] Estado de conexión: connecting... {"qr":false}
[2025-11-13T22:43:12.087Z] [INFO] [session] Estado de conexión: connecting... {"qr":false}
[2025-11-13T22:43:12.087Z] [INFO] [session] Estado de conexión: open {"status":"open","qr":false}
[2025-11-13T22:43:12.088Z] [SUCCESS] [session] Conexión exitosa a WhatsApp {"user":"Untrue","id":"584120614314:32@s.whatsapp.net"}
[2025-11-13T22:43:44.093Z] [INFO] [message] Mensaje received {"user":"120363160616746507@g.us","message":"#ping","type":"received"}
[2025-11-13T22:43:45.342Z] [SUCCESS] [command] Comando ejecutado: ping {"user":"120363160616746507@g.us","command":"ping","args":[],"success":true,"result":null}
[2025-11-13T22:43:55.314Z] [INFO] [message] Mensaje received {"user":"120363160616746507@g.us","message":"#ping","type":"received"}
[2025-11-13T22:43:56.095Z] [SUCCESS] [command] Comando ejecutado: ping {"user":"120363160616746507@g.us","command":"ping","args":[],"success":true,"result":null}
[2025-11-13T22:46:33.344Z] [INFO] [message] Mensaje received {"user":"30837949124772@lid","message":"#ping","type":"received"}
[2025-11-13T22:46:34.723Z] [SUCCESS] [command] Comando ejecutado: ping {"user":"30837949124772@lid","command":"ping","args":[],"success":true,"result":null}
[2025-11-13T22:47:34.385Z] [INFO] [message] Mensaje received {"user":"30837949124772@lid","message":"#post 2 https://www.instagram.com/p/DQ_7niqjY72/?img_index=1&igsh=a2dwOTh4dGJnNTR2","type":"received"}
[2025-11-13T22:47:42.029Z] [SUCCESS] [command] Comando ejecutado: post {"user":"30837949124772@lid","command":"post","args":["2","https://www.instagram.com/p/DQ_7niqjY72/?img_index=1&igsh=a2dwOTh4dGJnNTR2"],"success":true,"result":null}
[2025-11-13T23:10:56.946Z] [INFO] [message] Mensaje received {"user":"status@broadcast","message":"","type":"received"}
[2025-11-13T23:11:25.859Z] [INFO] [message] Mensaje received {"user":"status@broadcast","message":"","type":"received"}
[2025-11-13T23:11:51.614Z] [INFO] [message] Mensaje received {"user":"status@broadcast","message":"","type":"received"}
[2025-11-13T23:12:18.944Z] [INFO] [message] Mensaje received {"user":"status@broadcast","message":"","type":"received"}
[2025-11-13T23:12:49.495Z] [INFO] [message] Mensaje received {"user":"status@broadcast","message":"","type":"received"}
[2025-11-13T23:19:18.327Z] [INFO] [message] Mensaje received {"user":"status@broadcast","message":"","type":"received"}
[2025-11-13T23:26:10.059Z] [INFO] [message] Mensaje received {"user":"status@broadcast","message":"","type":"received"}
[2025-11-13T23:49:27.699Z] [INFO] [message] Mensaje received {"user":"120363387470929207@g.us","message":"#reel https://www.instagram.com/reel/DP0Fqykjsvg/?igsh=Y214NjBjZmhoZHE5","type":"received"}
[2025-11-13T23:49:39.252Z] [SUCCESS] [command] Comando ejecutado: reel {"user":"120363387470929207@g.us","command":"reel","args":["https://www.instagram.com/reel/DP0Fqykjsvg/?igsh=Y214NjBjZmhoZHE5"],"success":true,"result":null}
[2025-11-13T23:57:51.944Z] [INFO] [message] Mensaje received {"user":"30837949124772@lid","message":"#ping","type":"received"}
[2025-11-13T23:57:53.279Z] [SUCCESS] [command] Comando ejecutado: ping {"user":"30837949124772@lid","command":"ping","args":[],"success":true,"result":null}
